0	it is dark , brooding and slow , and takes its central idea way too seriously .
0	to honestly address the flaws inherent in how medical aid is made available to american workers , a more balanced or fair portrayal of both sides will be needed .
0	a sad and rote exercise in milking a played-out idea - - a straight guy has to dress up in drag - - that shockingly manages to be even worse than its title would imply .
1	ken russell would love this .
0	an incredibly irritating comedy about thoroughly vacuous people ... manages to embody the worst excesses of nouvelle vague without any of its sense of fun or energy .
0	clumsy , obvious , preposterous , the movie will likely set the cause of woman warriors back decades .
0	an unintentionally surreal kid ' s picture ... in which actors in bad bear suits enact a sort of inter-species parody of a vh1 behind the music episode .
0	takes a clunky tv-movie approach to detailing a chapter in the life of the celebrated irish playwright , poet and drinker .
1	an extremely funny , ultimately heartbreaking look at life in contemporary china .
1	move over bond ; this girl deserves a sequel .
1	if you ever wondered what it would be like to be smack in the middle of a war zone armed with nothing but a camera , this oscar-nominated documentary takes you there .
1	a terrific date movie , whatever your orientation .
1	one of the best films i have ever seen , constantly pulling the rug from underneath us , seeing things from new sides , plunging deeper , getting more intense .
1	remember it .
0	my precious new star wars movie is a lumbering , wheezy drag ...
0	there is no psychology here , and no real narrative logic - - just a series of carefully choreographed atrocities , which become strangely impersonal and abstract .
1	australian filmmaker david flatman uses the huge-screen format to make an old-fashioned nature film that educates viewers with words and pictures while entertaining them .
1	it ' s good to see michael caine whipping out the dirty words and punching people in the stomach again .
1	this is n't a stand up and cheer flick ; it ' s a sit down and ponder affair .
1	like its new england characters , most of whom wander about in thick clouds of denial , the movie eventually gets around to its real emotional business , striking deep chords of sadness .
1	this 90 - minute postmodern voyage was more diverting and thought-provoking than i ' d expected it to be .
0	what should have been a painless time-killer becomes instead a grating endurance test .
1	may lack the pungent bite of its title , but it ' s an enjoyable trifle nonetheless .
1	the unique niche of self-critical , behind-the-scenes navel-gazing kaufman has carved from orleans ' story and his own infinite insecurity is a work of outstanding originality .
0	if there was any doubt that peter o'fallon did n't have an original bone in his body , a rumor of angels should dispel it .
1	but mr . polanski creates images even more haunting than those in mr . spielberg ' s 1993 classic .
1	a little melodramatic , but with enough hope to keep you engaged .
1	a movie that both thrills the eye and , in its over-the-top way , touches the heart .
1	what elevates the movie above the run-of-the-mill singles blender is its surreal sense of humor and technological finish .
1	despite besson ' s high-profile name being wasabi ' s big selling point , there is no doubt that krawczyk deserves a huge amount of the credit for the film ' s thoroughly winning tone .
0	do n't let the subtitles fool you ; the movie only proves that hollywood no longer has a monopoly on mindless action .
0	true to its animatronic roots : ... as stiff , ponderous and charmless as a mechanical apparatus ... ` the country bears ' should never have been brought out of hibernation .
0	works on the whodunit level as its larger themes get lost in the murk of its own making
1	it works well enough , since the thrills pop up frequently , and the dispatching of the cast is as often imaginative as it is gory .
0	it ' s a strange film , one that was hard for me to warm up to .
1	contrived as this may sound , mr . rose ' s updating works surprisingly well .
0	it ' s just plain lurid when it is n't downright silly .
1	ourside the theatre roger might be intolerable company , but inside it he ' s well worth spending some time with .
1	a highly watchable , giggly little story with a sweet edge to it .
1	how good this film might be , depends if you believe that the shocking conclusion is too much of a plunge or not .
1	reggio and glass put on an intoxicating show .
0	i just saw this movie ... well , it ' s probably not accurate to call it a movie .
0	one of the most depressing movie-going experiences i can think of is to sit through about 90 minutes of a so-called ` comedy ' and not laugh once .
1	mr . polanski is in his element here : alone , abandoned , but still consoled by his art , which is more than he has ever revealed before about the source of his spiritual survival .
0	a grating , emaciated flick .
0	( the kid ' s ) just too bratty for sympathy , and as the film grows to its finale , his little changes ring hollow .
0	the script by vincent r . nebrida ... tries to cram too many ingredients into one small pot .
0	the fact that the ` best part ' of the movie comes from a 60 - second homage to one of demme ' s good films does n't bode well for the rest of it .
1	the campy results make mel brooks ' borscht belt schtick look sophisticated .
1	the film was immensely enjoyable thanks to great performances by both steve buscemi and rosario dawson ...
1	cold , nervy and memorable .
0	debut effort by ` ` project greenlight ' ' winner is sappy and amateurish .
0	each story is built on a potentially interesting idea , but the first two are ruined by amateurish writing and acting , while the third feels limited by its short running time .
0	director shekhar kapur and screenwriters michael schiffer and hossein amini have tried hard to modernize and reconceptualize things , but the barriers finally prove to be too great .
1	reminiscent of alfred hitchcock ' s thrillers , most of the scary parts in ` signs ' occur while waiting for things to happen .
1	graphic sex may be what ' s attracting audiences to unfaithful , but gripping performances by lane and gere are what will keep them awake .
1	the stunt work is top-notch ; the dialogue and drama often food-spittingly funny .
1	a worthwhile documentary , whether you ' re into rap or not , even if it may still leave you wanting more answers as the credits roll .
0	... blade ii is still top-heavy with blazing guns , cheatfully filmed martial arts , disintegrating bloodsucker computer effects and jagged camera moves that serve no other purpose than to call attention to themselves .
0	is significantly less charming than listening to a four-year-old with a taste for exaggeration recount his halloween trip to the haunted house .
1	the 3 - d vistas from orbit , with the space station suspended like a huge set of wind chimes over the great blue globe , are stanzas of breathtaking , awe-inspiring visual poetry .
1	the graphic carnage and re-creation of war-torn croatia is uncomfortably timely , relevant , and sickeningly real .
1	it may not be a huge cut of above the rest , but i enjoyed barbershop .
0	writer-director ritchie reduces wertmuller ' s social mores and politics to tiresome jargon .
1	the trick when watching godard is to catch the pitch of his poetics , savor the pleasure of his sounds and images , and ponder the historical , philosophical , and ethical issues that intersect with them .
1	a well-rounded tribute to a man whose achievements - - and complexities - - reached far beyond the end zone .
0	though this rude and crude film does deliver a few gut-busting laughs , its digs at modern society are all things we ' ve seen before .
1	a classy , sprightly spin on film .
1	twenty years after its first release , e . t . remains the most wondrous of all hollywood fantasies - - and the apex of steven spielberg ' s misunderstood career .
0	el crimen del padre amaro would likely be most effective if used as a tool to rally anti-catholic protestors .
0	there is simply not enough of interest onscreen to sustain its seventy-minute running time .
1	mr . caine and mr . fraser are the whole show here , with their memorable and resourceful performances .
1	manages to please its intended audience - - children - - without placing their parents in a coma-like state .
0	it is that rare combination of bad writing , bad direction and bad acting - - the trifecta of badness .
0	... expands the horizons of boredom to the point of collapse , turning into a black hole of dullness , from which no interesting concept can escape .
0	the story alone could force you to scratch a hole in your head .
1	all of it works smoothly under the direction of spielberg , who does a convincing impersonation here of a director enjoying himself immensely .
0	as a story of dramatic enlightenment , the screenplay by billy ray and terry george leaves something to be desired .
0	this is sandler running on empty , repeating what he ' s already done way too often .
0	fincher takes no apparent joy in making movies , and he gives none to the audience .
1	it is definitely worth seeing .
1	what i saw , i enjoyed .
0	this one aims for the toilet and scores a direct hit .
1	in its treatment of the dehumanizing and ego-destroying process of unemployment , time out offers an exploration that is more accurate than anything i have seen in an american film .
1	brings together some of the biggest names in japanese anime , with impressive results .
0	more intellectually scary than dramatically involving .
0	the crap continues .
0	a disaster of a drama , saved only by its winged assailants .
1	a playful iranian parable about openness , particularly the need for people of diverse political perspectives to get along despite their ideological differences .
1	nettelbeck has crafted an engaging fantasy of flavours and emotions , one part romance novel , one part recipe book .
0	no thanks .
0	believability was n't one of the film ' s virtues .
0	the latest vapid actor ' s exercise to appropriate the structure of arthur schnitzler ' s reigen .
1	a good documentary can make interesting a subject you thought would leave you cold .
0	was that movie nothing more than a tepid exercise in trotting out a formula that worked five years ago but has since lost its fizz ?
0	a thriller without thrills and a mystery devoid of urgent questions .
1	pacino is the best he ' s been in years and keener is marvelous .
1	a wry , affectionate delight .
1	if we sometimes need comforting fantasies about mental illness , we also need movies like tim mccann ' s revolution no . 9 .
0	it appears as if even the filmmakers did n't know what kind of movie they were making .
1	alternately frustrating and rewarding .
1	constantly touching , surprisingly funny , semi-surrealist exploration of the creative act .
0	not at all clear what it ' s trying to say and even if it were - - i doubt it would be all that interesting .
1	best enjoyed as a work of fiction inspired by real-life events .
1	the film fearlessly gets under the skin of the people involved ... this makes it not only a detailed historical document , but an engaging and moving portrait of a subculture .
1	deliberately and skillfully uses ambiguity to suggest possibilities which imbue the theme with added depth and resonance .
1	viveka seldahl and sven wollter will touch you to the core in a film you will never forget - - that you should never forget .
1	an enjoyable above average summer diversion .
0	` it ' s painful to watch witherspoon ' s talents wasting away inside unnecessary films like legally blonde and sweet home abomination , i mean , alabama . '
0	... an incredibly heavy-handed , manipulative dud that feels all too familiar .
1	it ' s incredible the number of stories the holocaust has generated .
0	it ' s a drag how nettelbeck sees working women - - or at least this working woman - - for whom she shows little understanding .
1	offers an interesting look at the rapidly changing face of beijing .
0	... may work as an addictive guilty pleasure but the material never overcomes its questionable satirical ambivalence .
0	... really horrible drek .
1	one fantastic ( and educational ) documentary .
0	the chateau ... is less concerned with cultural and political issues than doting on its eccentric characters .
0	this low-rent - - and even lower-wit - - rip-off of the farrelly brothers ' oeuvre gets way too mushy - - and in a relatively short amount of time .
1	a film with contemporary political resonance illustrated by a winning family story .
0	like leafing through an album of photos accompanied by the sketchiest of captions .
0	it ' s tough to be startled when you ' re almost dozing .
1	sweet home alabama is n't going to win any academy awards , but this date-night diversion will definitely win some hearts .
0	the characters ... are paper-thin , and their personalities undergo radical changes when it suits the script .
1	there ' s a lot of tooth in roger dodger .
1	kids who are into this thornberry stuff will probably be in wedgie heaven .
0	the movie straddles the fence between escapism and social commentary , and on both sides it falls short .
0	those of you who are not an eighth grade girl will most likely doze off during this one .
1	triple x is a double agent , and he ' s one bad dude .
0	it ' s coherent , well shot , and tartly acted , but it wears you down like a dinner guest showing off his doctorate .
0	i guess it just goes to show that if you give a filmmaker an unlimited amount of phony blood , nothing good can happen .
1	there ' s something to be said for a studio-produced film that never bothers to hand viewers a suitcase full of easy answers .
1	it uses some of the figures from the real-life story to portray themselves in the film .
1	an invaluable historical document thanks to the filmmaker ' s extraordinary access to massoud , whose charm , cultivation and devotion to his people are readily apparent .
1	asks what truth can be discerned from non-firsthand experience , and specifically questions cinema ' s capability for recording truth .
0	blue crush has all the trappings of an energetic , extreme-sports adventure , but ends up more of a creaky ` ` pretty woman ' ' retread , with the emphasis on self-empowering schmaltz and big-wave surfing that gives pic its title an afterthought .
1	for decades we ' ve marveled at disney ' s rendering of water , snow , flames and shadows in a hand-drawn animated world .
0	while it is interesting to witness the conflict from the palestinian side , longley ' s film lacks balance ... and fails to put the struggle into meaningful historical context .
0	disney again ransacks its archives for a quick-buck sequel .
0	only masochistic moviegoers need apply .
1	if you ' re looking for a smart , nuanced look at de sade and what might have happened at picpus , sade is your film .
0	despite its promising cast of characters , big trouble remains a loosely tied series of vignettes which only prove that ` zany ' does n't necessarily mean ` funny . '
1	a lovely and beautifully photographed romance .
1	a much better documentary - - more revealing , more emotional and more surprising - - than its pedestrian english title would have you believe .
1	( barry ) gives assassin a disquieting authority .
1	another love story in 2002 ' s remarkable procession of sweeping pictures that have reinvigorated the romance genre .
0	this is rote spookiness , with nary an original idea ( or role , or edit , or score , or anything , really ) in sight , and the whole of the proceedings beg the question ` why ? '
1	some of the visual flourishes are a little too obvious , but restrained and subtle storytelling , and fine performances make this delicate coming-of-age tale a treat .
1	do n't judge this one too soon - it ' s a dark , gritty story but it takes off in totally unexpected directions and keeps on going .
1	an enthralling , entertaining feature .
0	why anyone who is not a character in this movie should care is beyond me .
0	aside from the fact that the film idiotically uses the website feardotcom.com or the improperly hammy performance from poor stephen rea , the film gets added disdain for the fact that it is nearly impossible to look at or understand .
0	it ' s a mindless action flick with a twist - - far better suited to video-viewing than the multiplex .
1	one of the best inside-show-biz yarns ever .
1	brosnan is more feral in this film than i ' ve seen him before and halle berry does her best to keep up with him .
1	the rich performances by friel - - and especially williams , an american actress who becomes fully english - - round out the square edges .
1	what ( denis ) accomplishes in his chilling , unnerving film is a double portrait of two young women whose lives were as claustrophic , suffocating and chilly as the attics to which they were inevitably consigned .
1	it ' s bright , pristine style and bold colors make it as much fun as reading an oversized picture book before bedtime .
1	while it can be a bit repetitive , overall it ' s an entertaining and informative documentary .
0	it collapses when mr . taylor tries to shift the tone to a thriller ' s rush .
1	but the actors make this worth a peek .
1	the film ' s strength is n't in its details , but in the larger picture it paints - of a culture in conflict with itself , with the thin veneer of nationalism that covers our deepest , media-soaked fears .
0	boasts eye-catching art direction but has a forcefully quirky tone that quickly wears out its limited welcome .
1	the acting , for the most part , is terrific , although the actors must struggle with the fact that they ' re playing characters who sometimes feel more like literary conceits than flesh-and-blood humans .
1	in the director ' s cut , the film is not only a love song to the movies but it also is more fully an example of the kind of lush , all-enveloping movie experience it rhapsodizes .
0	you leave the same way you came - - a few tasty morsels under your belt , but no new friends .
1	this rush to profits has created a predictably efficient piece of business notable largely for its overwhelming creepiness , for an eagerness to create images you wish you had n't seen , which , in this day and age , is of course the point .
1	at times , the movie looks genuinely pretty .
0	it ' s one thing to read about or rail against the ongoing - and unprecedented - construction project going on over our heads .
0	despite all the closed-door hanky-panky , the film is essentially juiceless .
1	the imax screen enhances the personal touch of manual animation .
0	` in this poor remake of such a well loved classic , parker exposes the limitations of his skill and the basic flaws in his vision . '
1	but kouyate elicits strong performances from his cast , and he delivers a powerful commentary on how governments lie , no matter who runs them .
0	no , i hate it .
1	as an introduction to the man ' s theories and influence , derrida is all but useless ; as a portrait of the artist as an endlessly inquisitive old man , however , it ' s invaluable .
1	it ' s a smart , funny look at an arcane area of popular culture , and if it is n't entirely persuasive , it does give exposure to some talented performers .
0	it ' s replaced by some dramatic scenes that are jarring and deeply out of place in what could have ( and probably should have ) been a lighthearted comedy .
1	craig bartlett and director tuck tucker should be commended for illustrating the merits of fighting hard for something that really matters .
0	dull , a road-trip movie that ' s surprisingly short of both adventure and song .
0	solondz may be convinced that he has something significant to say , but he is n't talking a talk that appeals to me .
0	pretty much sucks , but has a funny moment or two .
1	visually fascinating ... an often intense character study about fathers and sons , loyalty and duty .
1	it ' s a diverting enough hour-and-a-half for the family audience .
1	these characters are so well established that the gang feels comfortable with taking insane liberties and doing the goofiest stuff out of left field , and i ' m all for that .
1	while not quite ` ` shrek ' ' or ` ` monsters , inc . ' ' , it ' s not too bad .
0	attal ' s hang-ups surrounding infidelity are so old-fashioned and , dare i say , outdated , it ' s a wonder that he could n't have brought something fresher to the proceedings simply by accident .
1	though this saga would be terrific to read about , it is dicey screen material that only a genius should touch .
0	with a romantic comedy plotline straight from the ages , this cinderella story does n't have a single surprise up its sleeve .
1	a plethora of engaging diatribes on the meaning of ` home , ' delivered in grand passion by the members of the various households .
0	nothing more than an amiable but unfocused bagatelle that plays like a loosely-connected string of acting-workshop exercises .
1	director chris wedge and screenwriters michael berg , michael j . wilson and peter ackerman create some episodes that rival vintage looney tunes for the most creative mayhem in a brief amount of time .
0	an inexperienced director , mehta has much to learn .
1	while broomfield ' s film does n't capture the effect of these tragic deaths on hip-hop culture , it succeeds as a powerful look at a failure of our justice system .
0	predecessors the mummy and the mummy returns stand as intellectual masterpieces next to the scorpion king .
1	even though we know the outcome , the seesawing of the general ' s fate in the arguments of competing lawyers has the stomach-knotting suspense of a legal thriller , while the testimony of witnesses lends the film a resonant undertone of tragedy .
1	directing with a sure and measured hand , ( haneke ) steers clear of the sensational and offers instead an unflinching and objective look at a decidedly perverse pathology .
0	this starts off with a 1950 ' s doris day feel and it gets very ugly , very fast .
1	nakata ' s technique is to imply terror by suggestion , rather than the overuse of special effects .
1	would be an unendurable viewing experience for this ultra-provincial new yorker if 26 - year-old reese witherspoon were not on hand to inject her pure fantasy character , melanie carmichael , with a massive infusion of old-fashioned hollywood magic .
0	it ' s not the least of afghan tragedies that this noble warlord would be consigned to the dustbin of history .
1	compassionately explores the seemingly irreconcilable situation between conservative christian parents and their estranged gay and lesbian children .
0	would that greengrass had gone a tad less for grit and a lot more for intelligibility .
1	an elegant and sly deadpan comedy .
1	maggie smith as the ya-ya member with the o2 - tank will absolutely crack you up with her crass , then gasp for gas , verbal deportment .
1	it ' s a fun adventure movie for kids ( of all ages ) that like adventure .
1	the pleasures that it does afford may be enough to keep many moviegoers occupied amidst some of the more serious-minded concerns of other year-end movies .
1	mr . spielberg and his company just want you to enjoy yourselves without feeling conned .
0	a not-so-divine secrets of the ya-ya sisterhood with a hefty helping of re-fried green tomatoes .
0	halfway through the movie , the humor dwindles .
1	as comedic spotlights go , notorious c . h . o . hits all the verbal marks it should .
1	a pretty funny movie , with most of the humor coming , as before , from the incongruous but chemically perfect teaming of crystal and de niro .
0	filled with low-brow humor , gratuitous violence and a disturbing disregard for life .
1	starts slowly , but adrien brody - - in the title role - - helps make the film ' s conclusion powerful and satisfying .
1	it ' s consistently funny , in an irresistible junior-high way , and consistently free of any gag that would force you to give it a millisecond of thought .
0	no french people were harmed during the making of this movie , but they were insulted and the audience was put through torture for an hour and a half .
1	the leads are natural and lovely , the pace is serene , the humor wry and sprightly .
0	how about surprising us by trying something new ?
0	it ' s tommy ' s job to clean the peep booths surrounding her , and after viewing this one , you ' ll feel like mopping up , too .
1	there are so few films about the plight of american indians in modern america that skins comes as a welcome , if downbeat , missive from a forgotten front .
0	a work that lacks both a purpose and a strong pulse .
1	star / producer salma hayek and director julie taymor have infused frida with a visual style unique and inherent to the titular character ' s paintings and in the process created a masterful work of art of their own .
1	beautiful to watch and holds a certain charm .
1	what does n't this film have that an impressionable kid could n't stand to hear ?
1	bigelow offers some flashy twists and turns that occasionally fortify this turgid fable .
0	the movie is so contrived , nonsensical and formulaic that , come to think of it , the day-old shelf would be a more appropriate location to store it .
0	full of flatulence jokes and mild sexual references , kung pow !
1	nolan proves that he can cross swords with the best of them and helm a more traditionally plotted popcorn thriller while surrendering little of his intellectual rigor or creative composure .
0	in the end , the weight of water comes to resemble the kind of soft-core twaddle you ' d expect to see on showtime ' s ` red shoe diaries . '
0	this mess of a movie is nothing short of a travesty of a transvestite comedy .
1	its metaphors are opaque enough to avoid didacticism , and the film succeeds as an emotionally accessible , almost mystical work .
1	boomers and their kids will have a barrie good time .
1	so original in its base concept that you can not help but get caught up .
1	about schmidt is nicholson ' s goofy , heartfelt , mesmerizing king lear .
1	adams , with four scriptwriters , takes care with the characters , who are so believable that you feel what they feel .
0	... if it had been only half-an-hour long or a tv special , the humor would have been fast and furious - - at ninety minutes , it drags .
0	has all the complexity and realistic human behavior of an episode of general hospital .
0	even a hardened voyeur would require the patience of job to get through this interminable , shapeless documentary about the swinging subculture .
1	a suffocating rape-payback horror show that hinges on the subgenre ' s most enabling victim ... and an ebullient affection for industrial-model meat freezers .
1	it ' s touching and tender and proves that even in sorrow you can find humor .
1	a wild comedy that could only spring from the demented mind of the writer of being john malkovich .
1	juliette binoche ' s sand is vivacious , but it ' s hard to sense that powerhouse of 19th - century prose behind her childlike smile .
1	ferrara ' s best film in years .
1	diggs and lathan are among the chief reasons brown sugar is such a sweet and sexy film .
0	entertaining enough , but nothing new
0	showtime is n't particularly assaultive , but it can still make you feel that you never want to see another car chase , explosion or gunfight again .
1	moore provides an invaluable service by sparking debate and encouraging thought .
1	bogdanovich taps deep into the hearst mystique , entertainingly reenacting a historic scandal .
1	the work of a filmmaker who has secrets buried at the heart of his story and knows how to take time revealing them .
1	garcía bernal and talancón are an immensely appealing couple , and even though their story is predictable , you ' ll want things to work out .
0	an unsuccessful attempt at a movie of ideas .
1	simultaneously heart-breaking and very funny , the last kiss is really all about performances .
0	completely creatively stillborn and executed in a manner that i ' m not sure could be a single iota worse ... a soulless hunk of exploitative garbage .
1	an animation landmark as monumental as disney ' s 1937 breakthrough snow white and the seven dwarfs .
1	muccino seems to be exploring the idea of why human beings long for what they do n't have , and how this gets us in trouble .
1	road to perdition does display greatness , and it ' s worth seeing .
1	... even if you ' ve never heard of chaplin , you ' ll still be glued to the screen .
0	plays like an unbalanced mixture of graphic combat footage and almost saccharine domestic interludes that are pure hollywood .
1	the script is smart , not cloying .
1	rouge is less about a superficial midlife crisis than it is about the need to stay in touch with your own skin , at 18 or 80 .
0	i did go back and check out the last 10 minutes , but these were more repulsive than the first 30 or 40 minutes .
0	it ' s a visual rorschach test and i must have failed .
1	like the original , this version is raised a few notches above kiddie fantasy pablum by allen ' s astringent wit .
1	it ' s a familiar story , but one that is presented with great sympathy and intelligence .
1	at once a testament to the divine calling of education and a demonstration of the painstaking process of imparting knowledge .
0	death might be a release .
0	but mainstream audiences will find little of interest in this film , which is often preachy and poorly acted .
1	essentially a collection of bits - - and they ' re all naughty .
1	this cinema verite speculation on the assassination of john f . kennedy may have been inspired by blair witch , but it takes its techniques into such fresh territory that the film never feels derivative .
0	it ' s probably not easy to make such a worthless film ...
0	more a gunfest than a rock concert .
1	confessions may not be a straightforward bio , nor does it offer much in the way of barris ' motivations , but the film is an oddly fascinating depiction of an architect of pop culture .
0	the punch lines that miss , unfortunately , outnumber the hits by three-to-one .
0	the sequel plays out like a flimsy excuse to give blade fans another look at wesley snipes ' iconic hero doing battle with dozens of bad guys - - at once .
1	has enough wit , energy and geniality to please not only the fanatical adherents on either side , but also people who know nothing about the subject and think they ' re not interested .
0	it would take a complete moron to foul up a screen adaptation of oscar wilde ' s classic satire .
0	busy urban comedy is clearly not zhang ' s forte , his directorial touch is neither light nor magical enough to bring off this kind of whimsy .
1	one of the best , most understated performances of ( jack nicholson ' s ) career .
0	a visually flashy but narratively opaque and emotionally vapid exercise in style and mystification .
0	it ' s not just the vampires that are damned in queen of the damned - - the viewers will feel they suffer the same fate .
1	thanks to a small star with big heart , this family film sequel is plenty of fun for all .
0	take care is nicely performed by a quintet of actresses , but nonetheless it drags during its 112 - minute length .
0	a movie that ' s about as overbearing and over-the-top as the family it depicts .
1	she boxes these women ' s souls right open for us .
1	for more than two decades mr . nachtwey has traveled to places in the world devastated by war , famine and poverty and documented the cruelty and suffering he has found with an devastating , eloquent clarity .
0	like most movies about the pitfalls of bad behavior ... circuit gets drawn into the party .
0	the most memorable moment was when green threw medical equipment at a window ; not because it was particularly funny , but because i had a serious urge to grab the old lady at the end of my aisle ' s walker and toss it at the screen in frustration .
1	solaris is rigid and evasive in ways that soderbergh ' s best films , ` ` erin brockovich , ' ' ` ` out of sight ' ' and ` ` ocean ' s eleven , ' ' never were .
1	the film is a fierce dance of destruction .
1	without resorting to camp or parody , haynes ( like sirk , but differently ) has transformed the rhetoric of hollywood melodrama into something provocative , rich , and strange .
1	there are enough throwaway references to faith and rainbows to plant smile-button faces on that segment of the populace that made a walk to remember a niche hit .
0	silly stuff , all mixed up together like a term paper from a kid who ca n't quite distinguish one sci-fi work from another .
0	this latest installment of the horror film franchise that is apparently as invulnerable as its trademark villain has arrived for an incongruous summer playoff , demonstrating yet again that the era of the intelligent , well-made b movie is long gone .
0	michele is a such a brainless flibbertigibbet that it ' s hard to take her spiritual quest at all seriously .
1	what ' s so striking about jolie ' s performance is that she never lets her character become a caricature - - not even with that radioactive hair .
0	is that it ' s a crime movie made by someone who obviously knows nothing about crime .
0	though her fans will assuredly have their funny bones tickled , others will find their humor-seeking dollars best spent elsewhere .
1	as warm as it is wise , deftly setting off uproarious humor with an underlying seriousness that sneaks up on the viewer , providing an experience that is richer than anticipated .
1	the low-key direction is pleasingly emphatic in this properly intense , claustrophobic tale of obsessive love .
1	as satisfyingly odd and intriguing a tale as it was a century and a half ago ... has a delightfully dour , deadpan tone and stylistic consistency .
0	opera on film is never satisfactory .
1	a weird little movie that ' s amusing enough while you watch it , offering fine acting moments and pungent insights into modern l . a . ' s show-biz and media subcultures .
1	by applying definition to both sides of the man , the picture realizes a fullness that does not negate the subject .
1	it may be a no-brainer , but at least it ' s a funny no-brainer .
1	what redeems the film is the cast , particularly the ya-yas themselves .
1	on the surface a silly comedy , scotland , pa would be forgettable if it were n't such a clever adaptation of the bard ' s tragic play .
1	an odd drama set in the world of lingerie models and bar dancers in the midwest that held my interest precisely because it did n't try to .
0	it hates its characters .
1	this fascinating look at israel in ferment feels as immediate as the latest news footage from gaza and , because of its heightened , well-shaped dramas , twice as powerful .
0	can i admit xxx is as deep as a petri dish and as well-characterized as a telephone book but still say it was a guilty pleasure ?
1	about the best thing you could say about narc is that it ' s a rock-solid little genre picture .
0	a shoddy male hip hop fantasy filled with guns , expensive cars , lots of naked women and rocawear clothing .
0	each scene drags , underscoring the obvious , and sentiment is slathered on top .
0	there ' s a great deal of corny dialogue and preposterous moments .
0	at times , it actually hurts to watch .
1	it ' s tough to watch , but it ' s a fantastic movie .
0	the code talkers deserved better than a hollow tribute .
0	i suspect this is the kind of production that would have been funnier if the director had released the outtakes theatrically and used the film as a bonus feature on the dvd .
1	as each of them searches for their place in the world , miller digs into their very minds to find an unblinking , flawed humanity .
0	we ca n't accuse kung pow for misfiring , since it is exactly what it wants to be : an atrociously , mind-numbingly , indescribably bad movie .
1	the underworld urban angst is derivative of martin scorsese ' s taxi driver and goodfellas , but this film speaks for itself .
1	it ' s dark but has wonderfully funny moments ; you care about the characters ; and the action and special effects are first-rate .
0	as if drop dead gorgeous was n't enough , this equally derisive clunker is fixated on the spectacle of small-town competition .
0	inconsequential road-and-buddy pic .
1	a wonderfully warm human drama that remains vividly in memory long after viewing
0	everything about girls ca n't swim , even its passages of sensitive observation , feels secondhand , familiar - - and not in a good way .
0	the only surprise is that heavyweights joel silver and robert zemeckis agreed to produce this ; i assume the director has pictures of them cavorting in ladies ' underwear .
0	the modern remake of dumas ' s story is long on narrative and ( too ) short on action .
0	right now , they ' re merely signposts marking the slow , lingering death of imagination .
1	the film is moody , oozing , chilling and heart-warming all at once ... a twisting , unpredictable , cat-and-mouse thriller .
1	nair ' s cast is so large it ' s altman-esque , but she deftly spins the multiple stories in a vibrant and intoxicating fashion .
1	what sets this romantic comedy apart from most hollywood romantic comedies is its low-key way of tackling what seems like done-to-death material .
0	it ' s also built on a faulty premise , one it follows into melodrama and silliness .
0	instead of a balanced film that explains the zeitgeist that is the x games , we get a cinematic postcard that ' s superficial and unrealized .
1	the quirky drama touches the heart and the funnybone thanks to the energetic and always surprising performance by rachel griffiths .
0	a documentary to make the stones weep - - as shameful as it is scary .
0	true to its title , it traps audiences in a series of relentlessly nasty situations that we would pay a considerable ransom not to be looking at .
0	a sham construct based on theory , sleight-of-hand , and ill-wrought hypothesis .
0	looks more like a travel-agency video targeted at people who like to ride bikes topless and roll in the mud than a worthwhile glimpse of independent-community guiding lights .
1	rehearsals are frequently more fascinating than the results .
0	my advice is to skip the film and pick up the soundtrack .
0	its initial excitement settles into a warmed over pastiche .
1	the charming result is festival in cannes .
1	a metaphor for a modern-day urban china searching for its identity .
1	campanella ' s competent direction and his excellent cast overcome the obstacles of a predictable outcome and a screenplay that glosses over rafael ' s evolution .
0	unfortunately the story and the actors are served with a hack script .
1	though a touch too arthouse 101 in its poetic symbolism , heaven proves to be a good match of the sensibilities of two directors .
1	mel gibson fights the good fight in vietnam in director randall wallace ' s flag-waving war flick with a core of decency .
1	if the film ' s vision of sport as a secular religion is a bit cloying , its through-line of family and community is heartening in the same way that each season marks a new start .
1	features what is surely the funniest and most accurate depiction of writer ' s block ever .
0	disappointing in comparison to other recent war movies ... or any other john woo flick for that matter .
0	it ' s not only dull because we ' ve seen ( eddie ) murphy do the genial-rogue shtick to death , but because the plot is equally hackneyed .
0	in a big corner office in hell , satan is throwing up his hands in surrender , is firing his r & d people , and has decided he will just screen the master of disguise 24/7 .
0	( jackson and bledel ) seem to have been picked not for their acting chops , but for their looks and appeal to the pre-teen crowd .
1	makes the case for a strong education and good teachers being more valuable in the way they help increase an average student ' s self-esteem , and not strictly in the knowledge imparted .
1	the soundtrack alone is worth the price of admission .
1	the mark of a respectable summer blockbuster is one of two things : unadulterated thrills or genuine laughs .
1	the premise of jason x is silly but strangely believable .
1	( reno ) delivers a monologue that manages to incorporate both the horror and the absurdity of the situation in a well-balanced fashion .
1	a tremendous piece of work .
1	the heart of the film is a touching reflection on aging , suffering and the prospect of death .
0	it is most of the things costner movies are known for ; it ' s sanctimonious , self-righteous and so eager to earn our love that you want to slap it .
0	does n't deliver a great story , nor is the action as gripping as in past seagal films .
0	cinematic pyrotechnics aside , the only thing avary seems to care about are mean giggles and pulchritude .
1	fast-paced and wonderfully edited , the film is extremely thorough .
1	me without you has a bracing truth that ' s refreshing after the phoniness of female-bonding pictures like divine secrets of the ya-ya sisterhood .
1	becomes a fascinating study of isolation and frustration that successfully recreates both the physical setting and emotional tensions of the papin sisters .
1	like the full monty , this is sure to raise audience ' s spirits and leave them singing long after the credits roll .
0	schnieder bounces around with limp wrists , wearing tight tummy tops and hip huggers , twirling his hair on his finger and assuming that ' s enough to sustain laughs ...
0	trying to make head or tail of the story in the hip-hop indie snipes is enough to give you brain strain - - and the pay-off is negligible .
1	schnitzler does a fine job contrasting the sleekness of the film ' s present with the playful paranoia of the film ' s past . '
1	handsome and sophisticated approach to the workplace romantic comedy .
1	indeed , the more outrageous bits achieve a shock-you-into-laughter intensity of almost dadaist proportions .
1	a compelling yarn , but not quite a ripping one .
0	an already thin story boils down to surviving invaders seeking an existent anti-virus .
0	mr . deeds is not really a film as much as it is a loose collection of not-so-funny gags , scattered moments of lazy humor .
0	rather less than the sum of its underventilated père-fils confrontations .
0	( a ) mess .
0	a smug and convoluted action-comedy that does n't allow an earnest moment to pass without reminding audiences that it ' s only a movie .
1	the art demands live viewing .
1	writer / director alexander payne ( election ) and his co-writer jim taylor brilliantly employ their quirky and fearless ability to look american angst in the eye and end up laughing .
0	upper teens may get cynical .
1	a smart , provocative drama that does the nearly impossible : it gets under the skin of a man we only know as an evil , monstrous lunatic .
0	in his role of observer of the scene , lawrence sounds whiny and defensive , as if his life-altering experiences made him bitter and less mature .
0	the lousy john q all but spits out denzel washington ' s fine performance in the title role .
0	the adventure does n't contain half the excitement of balto , or quarter the fun of toy story 2 .
1	deserves a place of honor next to nanook as a landmark in film history .
1	waydowntown manages to nail the spirit-crushing ennui of denuded urban living without giving in to it .
0	as pedestrian as they come .
0	too bad kramer could n't make a guest appearance to liven things up .
1	more than anything else , kissing jessica stein injects freshness and spirit into the romantic comedy genre , which has been held hostage by generic scripts that seek to remake sleepless in seattle again and again .
1	it ' s crafty , energetic and smart - - the kid is sort of like a fourteen-year old ferris bueller .
0	a seriously bad film with seriously warped logic by writer-director kurt wimmer at the screenplay level .
1	plummer steals the show without resorting to camp as nicholas ' wounded and wounding uncle ralph .
0	as is often the case with ambitious , eager first-time filmmakers , mr . murray , a prolific director of music videos , stuffs his debut with more plot than it can comfortably hold .
0	almost as offensive as ` ` freddy got fingered . ' '
1	prepare to marvel again .
0	dignified ceo ' s meet at a rustic retreat and pee against a tree .
0	i ' m sure there ' s a teenage boy out there somewhere who ' s dying for this kind of entertainment .
0	it ' s easy to love robin tunney - - she ' s pretty and she can act - - but it gets harder and harder to understand her choices .
0	trying to figure out the rules of the country bear universe - - when are bears bears and when are they like humans , only hairier - - would tax einstein ' s brain .
1	the script by david koepp is perfectly serviceable and because he gives the story some soul ... he elevates the experience to a more mythic level .
1	... plenty of warmth to go around , with music and laughter and the love of family .
1	rubbo runs through a remarkable amount of material in the film ' s short 90 minutes .
1	a strong and confident work which works so well for the first 89 minutes , but ends so horrendously confusing in the final two
0	the soul-searching deliberateness of the film , although leavened nicely with dry absurdist wit , eventually becomes too heavy for the plot .
1	broomfield has a rather unique approach to documentary .
1	it ' s a boring movie about a boring man , made watchable by a bravura performance from a consummate actor incapable of being boring .
1	the film is darkly funny in its observation of just how much more grueling and time-consuming the illusion of work is than actual work .
0	fluffy and disposible .
1	i liked it because it was so endlessly , grotesquely , inventive .
1	polished , well-structured film .
0	thumbs down .
0	it would be great to see this turd squashed under a truck , preferably a semi .
1	this is a film that manages to find greatness in the hue of its drastic iconography .
1	like the english patient and the unbearable lightness of being , the hours is one of those reputedly ` ` unfilmable ' ' novels that has bucked the odds to emerge as an exquisite motion picture in its own right .
0	painfully padded .
1	fontaine ' s direction , especially her agreeably startling use of close-ups and her grace with a moving camera , creates sheerly cinematic appeal .
0	what little grace ( rifkin ' s ) tale of precarious skid-row dignity achieves is pushed into the margins by predictable plotting and tiresome histrionics .
0	oedekerk mugs mercilessly , and the genuinely funny jokes are few and far between .
0	one of the more glaring signs of this movie ' s servitude to its superstar is the way it skirts around any scenes that might have required genuine acting from ms . spears .
1	the story is smart and entirely charming in intent and execution .
0	richard pryor mined his personal horrors and came up with a treasure chest of material , but lawrence gives us mostly fool ' s gold .
0	heavy with flabby rolls of typical toback machinations .
1	a hypnotic portrait of this sad , compulsive life .
0	mckay shows crushingly little curiosity about , or is ill-equipped to examine , the interior lives of the characters in his film , much less incorporate them into his narrative .
1	while tattoo borrows heavily from both seven and the silence of the lambs , it manages to maintain both a level of sophisticated intrigue and human-scale characters that suck the audience in .
1	even though it ' s common knowledge that park and his founding partner , yong kang , lost kozmo in the end , you ca n't help but get caught up in the thrill of the company ' s astonishing growth .
0	if we ' re to slap protagonist genevieve leplouff because she ' s french , do we have that same option to slap her creators because they ' re clueless and inept ?
0	what we get in feardotcom is more like something from a bad clive barker movie .
0	lazily directed by charles stone iii ... from a leaden script by matthew cirulnick and novelist thulani davis .
0	i have n't seen such self-amused trash since freddy got fingered .
1	i hope the movie is widely seen and debated with appropriate ferocity and thoughtfulness .
1	the rare movie that ' s as crisp and to the point as the novel on which it ' s based .
0	for casual moviegoers who stumble into rules expecting a slice of american pie hijinks starring the kid from dawson ' s creek , they ' ll probably run out screaming .
0	their contrast is neither dramatic nor comic - - it ' s just a weird fizzle .
0	just a bunch of good actors flailing around in a caper that ' s neither original nor terribly funny .
1	reveals how important our special talents can be when put in service of of others .
0	not once does it come close to being exciting .
1	nicely combines the enigmatic features of ` memento ' with the hallucinatory drug culture of ` requiem for a dream . '
0	a culture clash comedy only half as clever as it thinks it is .
0	lacking substance and soul , crossroads comes up shorter than britney ' s cutoffs .
1	( at least ) moore is a real charmer .
1	in a summer overrun with movies dominated by cgi aliens and super heroes , it revigorates the mind to see a feature that concentrates on people , a project in which the script and characters hold sway .
1	ub equally spoofs and celebrates the more outre aspects of ` black culture ' and the dorkier aspects of ` white culture , ' even as it points out how inseparable the two are .
0	- - that the ` true story ' by which all the queen ' s men is allegedly ` ` inspired ' ' was a lot funnier and more deftly enacted than what ' s been cobbled together onscreen .
0	sheridan ' s take on the author ' s schoolboy memoir ... is a rather toothless take on a hard young life .
0	there ' s no good answer to that one .
1	though lan yu lacks a sense of dramatic urgency , the film makes up for it with a pleasing verisimilitude .
1	all three actresses are simply dazzling , particularly balk , who ' s finally been given a part worthy of her considerable talents .
0	a pathetic exploitation film that tries to seem sincere , and just seems worse for the effort .
1	hatosy ... portrays young brendan with his usual intelligence and subtlety , not to mention a convincing brogue .
0	that such a horrible movie could have sprung from such a great one is one of the year ' s worst cinematic tragedies .
0	unless there are zoning ordinances to protect your community from the dullest science fiction , impostor is opening today at a theater near you .
0	we ' ve liked klein ' s other work but rollerball left us cold .
0	supposedly authentic account of a historical event that ' s far too tragic to merit such superficial treatment .
1	what ' s next ?
0	the things this movie tries to get the audience to buy just wo n't fly with most intelligent viewers .
0	what more can be expected from a college comedy that ' s target audience has n't graduated from junior high school ?
0	shame on writer / director vicente aranda for making a florid biopic about mad queens , obsessive relationships , and rampant adultery so dull .
0	sayles ... once again strands his superb performers in the same old story .
0	cherish would ' ve worked a lot better had it been a short film .
1	features one of the most affecting depictions of a love affair ever committed to film .
0	just a collection of this and that - - whatever fills time - - with no unified whole .
0	... a weak and ineffective ghost story without a conclusion or pay off .
0	with a tone as variable as the cinematography , schaeffer ' s film never settles into the light-footed enchantment the material needs , and the characters ' quirks and foibles never jell into charm .
0	stress ` dumb . '
0	... less a story than an inexplicable nightmare , right down to the population ' s shrugging acceptance to each new horror .
0	a doa dud from frame one .
0	what jackson has done is proven that no amount of imagination , no creature , no fantasy story and no incredibly outlandish scenery
0	the tuxedo miscalculates badly by forcing the star to play second fiddle to the dull effects that allow the suit to come to life .
0	feral and uncomfortable .
1	she ' s all-powerful , a voice for a pop-cyber culture that feeds on her bjorkness .
0	solondz may well be the only one laughing at his own joke
0	spectators will indeed sit open-mouthed before the screen , not screaming but yawning .
1	sweetly sexy , funny and touching .
1	what it lacks in substance it makes up for in heart .
1	the case is a convincing one , and should give anyone with a conscience reason to pause .
0	` dragonfly ' dwells on crossing-over mumbo jumbo , manipulative sentimentality , and sappy dialogue .
1	an entertaining , if somewhat standardized , action movie .
0	the inherent limitations of using a video game as the source material movie are once again made all too clear in this schlocky horror / action hybrid .
1	less the sensational true-crime hell-jaunt purists might like and more experimental in its storytelling ( though no less horrifying for it ) .
1	zhuangzhuang creates delicate balance of style , text , and subtext that ' s so simple and precise that anything discordant would topple the balance , but against all odds , nothing does .
1	kiarostami has crafted a deceptively casual ode to children and managed to convey a tiny sense of hope .
0	this dubious product of a college-spawned ( colgate u . ) comedy ensemble known as broken lizard plays like a mix of cheech and chong and chips .
1	all in all , it ' s a pretty good execution of a story that ' s a lot richer than the ones hollywood action screenwriters usually come up with on their own .
1	- - but it makes for one of the most purely enjoyable and satisfying evenings at the movies i ' ve had in a while .
1	neil burger here succeeded in ... making the mystery of four decades back the springboard for a more immediate mystery in the present .
1	a rip-roaring comedy action fest that ' ll put hairs on your chest .
0	a standard police-oriented drama that , were it not for de niro ' s participation , would have likely wound up a tnt original .
1	some of the most ravaging , gut-wrenching , frightening war scenes since ` ` saving private ryan ' ' have been recreated by john woo in this little-known story of native americans and their role in the second great war .
1	not only a reminder of how they used to make movies , but also how they sometimes still can be made .
0	director jay russell weighs down his capricious fairy-tale with heavy sentiment and lightweight meaning .
1	- west coast rap wars , this modern mob music drama never fails to fascinate .
0	the pairing does sound promising in theory ... but their lack of chemistry makes eddie murphy and robert deniro in showtime look like old , familiar vaudeville partners .
1	a powerful , inflammatory film about religion that dares to question an ancient faith , and about hatred that offers no easy , comfortable resolution .
1	a stylish thriller .
1	manages to be wholesome and subversive at the same time .
0	a fake street drama that keeps telling you things instead of showing them .
1	a hard look at one man ' s occupational angst and its subsequent reinvention , a terrifying study of bourgeois desperation worthy of claude chabrol .
1	there ' s no denying that burns is a filmmaker with a bright future ahead of him .
1	strangely comes off as a kingdom more mild than wild .
1	tense , terrific , sweaty-palmed fun .
1	that jack nicholson makes this man so watchable is a tribute not only to his craft , but to his legend .
0	an unsophisticated sci-fi drama that takes itself all too seriously .
1	a refreshingly realistic , affectation-free coming-of-age tale .
1	jacquot has filmed the opera exactly as the libretto directs , ideally capturing the opera ' s drama and lyricism .
0	one of those decades-spanning historical epics that strives to be intimate and socially encompassing but fails to do justice to either effort in three hours of screen time .
1	although it includes a fair share of dumb drug jokes and predictable slapstick , ` ` orange county ' ' is far funnier than it would seem to have any right to be .
0	a beautifully shot but dull and ankle-deep ` epic . '
0	a prison comedy that never really busts out of its comfy little cell .
0	when it comes out on video , then it ' s the perfect cure for insomnia .
0	the whole film has this sneaky feel to it - - as if the director is trying to dupe the viewer into taking it all as very important simply because the movie is ugly to look at and not a hollywood product .
0	hate it because it ' s lousy .
0	it is not the first time that director sara sugarman stoops to having characters drop their pants for laughs and not the last time she fails to provoke them .
0	on the evidence before us , the answer is clear : not easily and , in the end , not well enough .
0	the story passes time until it ' s time for an absurd finale of twisted metal , fireballs and revenge .
1	troubling and powerful .
0	very stupid and annoying .
0	are we dealing with dreams , visions or being told what actually happened as if it were the third ending of clue ?
1	visually engrossing , seldom hammy , honorably mexican and burns its kahlories with conviction .
0	shyamalan should stop trying to please his mom .
1	both a grand tour through 300 hundred years of russian cultural identity and a stunning technical achievement .
1	it challenges , this nervy oddity , like modern art should .
0	after a while , hoffman ' s quirks and mannerisms , particularly his penchant for tearing up on cue - - things that seem so real in small doses - - become annoying and artificial .
1	lux , now in her eighties , does a great combination act as narrator , jewish grandmother and subject - - taking us through a film that is part biography , part entertainment and part history .
1	it ' s no surprise that as a director washington demands and receives excellent performances , from himself and from newcomer derek luke .
1	a chance to see three splendid actors turn a larky chase movie into an emotionally satisfying exploration of the very human need to be somebody , and to belong to somebody .
1	unfolds in a low-key , organic way that encourages you to accept it as life and go with its flow .
0	jacobi , the most fluent of actors , is given relatively dry material from nijinsky ' s writings to perform , and the visuals , even erotically frank ones , become dullingly repetitive .
0	after all , he took three minutes of dialogue , 30 seconds of plot and turned them into a 90 - minute movie that feels five hours long .
0	... although this idea is ` ` new ' ' the results are tired .
1	wow .
0	feels like a cold old man going through the motions .
1	at once disarmingly straightforward and strikingly devious .
0	while scorsese ' s bold images and generally smart casting ensure that ` ` gangs ' ' is never lethargic , the movie is hindered by a central plot that ' s peppered with false starts and populated by characters who are nearly impossible to care about .
0	director george hickenlooper has had some success with documentaries , but here his sense of story and his juvenile camera movements smack of a film school undergrad , and his maudlin ending might not have gotten him into film school in the first place .
0	of all the halloween ' s , this is the most visually unappealing .
0	stealing harvard does n't care about cleverness , wit or any other kind of intelligent humor .
1	this is one of those war movies that focuses on human interaction rather than battle and action sequences ... and it ' s all the stronger because of it .
0	the film has the thrown-together feel of a summer-camp talent show : hastily written , underrehearsed , arbitrarily plotted and filled with crude humor and vulgar innuendo .
1	a living testament to the power of the eccentric and the strange .
1	as immaculate as stuart little 2 is , it could be a lot better if it were , well , more adventurous .
1	drama of temptation , salvation and good intentions is a thoughtful examination of faith , love and power .
1	it may also be the best sex comedy about environmental pollution ever made .
0	the movie is too amateurishly square to make the most of its own ironic implications .
1	methodical , measured , and gently tedious in its comedy , secret ballot is a purposefully reductive movie - - which may be why it ' s so successful at lodging itself in the brain .
0	friday after next is the kind of film that could only be made by african-americans because of its broad racial insensitivity towards african-americans .
0	if you want a movie time trip , the 1960 version is a far smoother ride .
1	this movie is to be cherished .
1	city by the sea is a gritty police thriller with all the dysfunctional family dynamics one could wish for .
0	though there are many tense scenes in trapped , they prove more distressing than suspenseful .
0	i ' m not exactly sure what this movie thinks it is about .
1	what ' s next ?
0	the movie ' s messages are quite admirable , but the story is just too clichéd and too often strains credulity .
0	rather than real figures , elling and kjell bjarne become symbolic characters whose actions are supposed to relate something about the naïf ' s encounter with the world .
1	vividly demonstrates that the director of such hollywood blockbusters as patriot games can still turn out a small , personal film with an emotional wallop .
1	bring on the sequel .
0	it ' s about as convincing as any other arnie musclefest , but has a little too much resonance with real world events and ultimately comes off as insultingly simplistic .
0	but the movie ' s narrative hook is way too muddled to be an effectively chilling guilty pleasure .
1	the movie should jolt you out of your seat a couple of times , give you a few laughs , and leave you feeling like it was worth your seven bucks , even though it does turn out to be a bit of a cheat in the end .
1	american musical comedy as we know it would n't exist without the precedent of yiddish theater , whose jolly , fun-for-fun ' s - sake communal spirit goes to the essence of broadway .
0	most of the dialogue made me want to pack raw dough in my ears .
1	likely to have decades of life as a classic movie franchise ?
0	it ' s rare that a movie can be as intelligent as this one is in every regard except its storyline ; everything that ' s good is ultimately scuttled by a plot that ' s just too boring and obvious .
1	as they used to say in the 1950s sci-fi movies , signs is a tribute to shyamalan ' s gifts , which are such that we ' ll keep watching the skies for his next project .
1	an impressive hybrid .
1	the charms of the lead performances allow us to forget most of the film ' s problems .
0	you do n't need to know your ice-t ' s from your cool-j ' s to realize that as far as these shootings are concerned , something is rotten in the state of california .
1	a high-spirited buddy movie about the reunion of berlin anarchists who face arrest 15 years after their crime .
0	in the era of the sopranos , it feels painfully redundant and inauthentic .
1	rodriguez has the chops of a smart-aleck film school brat and the imagination of a big kid ...
1	crush is so warm and fuzzy you might be able to forgive its mean-spirited second half .
1	texan director george ratliff had unlimited access to families and church meetings , and he delivers fascinating psychological fare .
0	though jones and snipes are enthralling , the movie bogs down in rhetoric and cliché .
1	a mischievous visual style and oodles of charm make ` cherish ' a very good ( but not great ) movie .
1	eventually arrives at its heart , as simple self-reflection meditation .
1	fantastic !
1	working from a surprisingly sensitive script co-written by gianni romoli ... ozpetek avoids most of the pitfalls you ' d expect in such a potentially sudsy set-up .
1	if the film fails to fulfill its own ambitious goals , it nonetheless sustains interest during the long build-up of expository material .
0	ultimately , the film never recovers from the clumsy cliché of the ugly american abroad , and the too-frosty exterior ms . paltrow employs to authenticate her british persona is another liability .
1	there is a subversive element to this disney cartoon , providing unexpected fizzability .
0	seems like something american and european gay movies were doing 20 years ago .
0	well , jason ' s gone to manhattan and hell , i guess a space station in the year 2455 can be crossed off the list of ideas for the inevitable future sequels ( hey , do n't shoot the messenger ) .
0	does n't get the job done , running off the limited chemistry created by ralph fiennes and jennifer lopez .
0	a decided lack of spontaneity in its execution and a dearth of real poignancy in its epiphanies .
0	... the cast portrays their cartoon counterparts well ... but quite frankly , scoob and shag do n't eat enough during the film . '
0	rymer does n't trust laughs - - and does n't conjure proper respect for followers of the whole dead-undead genre , who deserve more from a vampire pic than a few shrieky special effects .
1	together , miller , kuras and the actresses make personal velocity into an intricate , intimate and intelligent journey .
1	what ' s really so appealing about the characters is their resemblance to everyday children .
0	chalk it up as the worst kind of hubristic folly .
0	the screenplay flounders under the weight of too many story lines .
0	an incoherent jumble of a film that ' s rarely as entertaining as it could have been .
0	no . .
0	the film ultimately offers nothing more than people in an urban jungle needing other people to survive ...
0	bottom-rung new jack city wannabe .
1	quitting offers piercing domestic drama with spikes of sly humor .
0	suffers from all the excesses of the genre .
0	... grows decidedly flimsier with its many out-sized , out of character and logically porous action set pieces .
1	well-done supernatural thriller with keen insights into parapsychological phenomena and the soulful nuances of the grieving process .
1	highly recommended viewing for its courage , ideas , technical proficiency and great acting .
1	it ' s that good .
0	a limp eddie murphy vehicle that even he seems embarrassed to be part of .
0	the movie is undone by a filmmaking methodology that ' s just experimental enough to alienate the mainstream audience while ringing cliched to hardened indie-heads .
0	to the civilized mind , a movie like ballistic : ecks vs . sever is more of an ordeal than an amusement .
0	what ' s worse is that pelosi knows it .
1	an example of quiet , confident craftsmanship that tells a sweet , charming tale of intergalactic friendship .
1	there ' s nothing like love to give a movie a b - 12 shot , and cq shimmers with it .
1	but while the highly predictable narrative falls short , treasure planet is truly gorgeous to behold .
0	proves a lovely trifle that , unfortunately , is a little too in love with its own cuteness .
0	if you are curious to see the darker side of what ' s going on with young tv actors ( dawson leery did what ? ! ? ) , or see some interesting storytelling devices , you might want to check it out , but there ' s nothing very attractive about this movie .
0	a well-intentioned effort that ' s still too burdened by the actor ' s offbeat sensibilities for the earnest emotional core to emerge with any degree of accessibility .
1	... ( the film ) works , due mostly to the tongue-in-cheek attitude of the screenplay .
0	too many scenarios in which the hero might have an opportunity to triumphantly sermonize , and too few that allow us to wonder for ourselves if things will turn out okay .
1	as broad and cartoonish as the screenplay is , there is an accuracy of observation in the work of the director , frank novak , that keeps the film grounded in an undeniable social realism .
1	an interesting psychological game of cat-and-mouse , three-dimensional characters and believable performances all add up to a satisfying crime drama .
0	like a grinning jack o ' lantern , its apparent glee is derived from a lobotomy , having had all its vital essence scooped out and discarded .
0	comes off more like a misdemeanor , a flat , unconvincing drama that never catches fire .
0	romanek keeps adding flourishes - - artsy fantasy sequences - - that simply feel wrong .
0	but even then , i ' d recommend waiting for dvd and just skipping straight to her scenes .
1	read my lips is to be viewed and treasured for its extraordinary intelligence and originality as well as its lyrical variations on the game of love .
1	and there ' s an element of heartbreak to watching it now , with older and wiser eyes , because we know what will happen after greene ' s story ends .
0	terminally brain dead production .
1	it is about irrational , unexplainable life and it seems so real because it does not attempt to filter out the complexity .
1	i do n't know if frailty will turn bill paxton into an a-list director , but he can rest contentedly with the knowledge that he ' s made at least one damn fine horror movie .
0	what the audience feels is exhaustion , from watching a movie that is dark ( dark green , to be exact ) , sour , bloody and mean .
1	seen in that light , moonlight mile should strike a nerve in many .
1	it ' s ... worth the extra effort to see an artist , still committed to growth in his ninth decade , change while remaining true to his principles with a film whose very subject is , quite pointedly , about the peril of such efforts .
0	just another disjointed , fairly predictable psychological thriller .
0	the title , alone , should scare any sane person away .
1	classic cinema served up with heart and humor
0	this is a third-person story now , told by hollywood , and much more ordinary for it .
1	a small gem from belgium .
0	made to be jaglomized is the cannes film festival , the annual riviera spree of flesh , buzz , blab and money .
1	tadpole may be one of the most appealing movies ever made about an otherwise appalling , and downright creepy , subject - - a teenage boy in love with his stepmother .
1	i liked a lot of the smaller scenes .
1	one regards reign of fire with awe .
1	chamber of secrets will find millions of eager fans .
1	holland lets things peter out midway , but it ' s notably better acted - - and far less crass - than some other recent efforts in the burgeoning genre of films about black urban professionals .
0	big mistake .
1	funny and touching .
0	i think it was plato who said , ' i think , therefore i know better than to rush to the theatre for this one . '
1	clint eastwood ' s blood work is a lot like a well-made pb & j sandwich : familiar , fairly uneventful and boasting no real surprises - - but still quite tasty and inviting all the same .
1	by turns very dark and very funny .
0	it never plays as dramatic even when dramatic things happen to people .
1	the film does give a pretty good overall picture of the situation in laramie following the murder of matthew shepard .
1	a fanciful drama about napoleon ' s last years and his surprising discovery of love and humility .
1	tully is worth a look for its true-to-life characters , its sensitive acting , its unadorned view of rural life and the subtle direction of first-timer hilary birmingham .
0	it sounds like another clever if pointless excursion into the abyss , and that ' s more or less how it plays out .
1	ozpetek ' s effort has the scope and shape of an especially well-executed television movie .
0	a retread of material already thoroughly plumbed by martin scorsese .
0	a mimetic approximation of better films like contempt and 8 1/2 .
1	much of the movie ' s charm lies in the utter cuteness of stuart and margolo .
0	a battle between bug-eye theatre and dead-eye matinee .
1	a dreadful day in irish history is given passionate , if somewhat flawed , treatment .
1	happy times maintains an appealing veneer without becoming too cute about it .
1	a moving essay about the specter of death , especially suicide .
1	a film of ideas and wry comic mayhem .
0	tv skit-com material fervently deposited on the big screen .
1	the best thing i can say about this film is that i ca n't wait to see what the director does next .
0	... while the humor aspects of ` jason x ' were far more entertaining than i had expected , everything else about the film tanks .
0	the transporter bombards the viewer with so many explosions and side snap kicks that it ends up being surprisingly dull .
0	if i want a real movie , i ' ll buy the criterion dvd .
0	` ` one look at a girl in tight pants and big tits and you turn stupid ? ' '
0	its one-sidedness ... flirts with propaganda .
0	there ' s no point in extracting the bare bones of byatt ' s plot for purposes of bland hollywood romance .
0	there is nothing funny in this every-joke-has - been-told-a - thousand-times - before movie .
1	the filmmakers know how to please the eye , but it is not always the prettiest pictures that tell the best story .
0	features nonsensical and laughable plotting , wooden performances , ineptly directed action sequences and some of the worst dialogue in recent memory .
1	great over-the-top moviemaking if you ' re in a slap-happy mood .
1	with the same sort of good-natured fun found in films like tremors , eight legged freaks is prime escapist fare .
0	the corpse count ultimately overrides what little we learn along the way about vicarious redemption .
1	williams absolutely nails sy ' s queasy infatuation and overall strangeness .
1	as played by ryan gosling , danny is a frighteningly fascinating contradiction .
1	transforms one of ( shakespeare ' s ) deepest tragedies into a smart new comedy .
0	the filmmakers needed more emphasis on the storytelling and less on the glamorous machine that thrusts the audience into a future they wo n't much care about .
0	this is a heartfelt story ... it just is n't a very involving one .
0	this is not one of the movies you ' d want to watch if you only had a week to live .
1	at times a bit melodramatic and even a little dated ( depending upon where you live ) , ignorant fairies is still quite good-natured and not a bad way to spend an hour or two .
0	is a question for philosophers , not filmmakers ; all the filmmakers need to do is engage an audience .
1	cannon ' s confidence and laid-back good spirits are , with the drumming routines , among the film ' s saving graces .
0	i am more offended by his lack of faith in his audience than by anything on display here .
1	poignant if familiar story of a young person suspended between two cultures .
0	( siegel ) and co-writers lisa bazadona and grace woodard have relied too much on convention in creating the characters who surround frankie .
1	a positively thrilling combination of ethnography and all the intrigue , betrayal , deceit and murder of a shakespearean tragedy or a juicy soap opera .
1	measured against practically any like-themed film other than its oscar-sweeping franchise predecessor the silence of the lambs , red dragon rates as an exceptional thriller .
0	... a complete shambles of a movie so sloppy , so uneven , so damn unpleasant that i ca n't believe any viewer , young or old , would have a good time here .
1	the film grows on you .
0	why spend $ 9 on the same stuff you can get for a buck or so in that greasy little vidgame pit in the theater lobby ?
0	a wannabe comedy of manners about a brainy prep-school kid with a mrs . robinson complex founders on its own preciousness - - and squanders its beautiful women .
1	undoubtedly the scariest movie ever made about tattoos .
1	stands as a document of what it felt like to be a new yorker - - or , really , to be a human being - - in the weeks after 9/11 .
1	( kline ' s ) utterly convincing - - and deeply appealing - - as a noble teacher who embraces a strict moral code , and as a flawed human being who ca n't quite live up to it .
1	( a ) thoughtful , visually graceful work .
