1	miyazaki is one of world cinema ' s most wondrously gifted artists and storytellers .
1	cool .
1	michael moore ' s latest documentary about america ' s thirst for violence is his best film yet ...
0	qualities that were once amusing are becoming irritating .
0	the lead actors share no chemistry or engaging charisma .
0	in terms of execution this movie is careless and unfocused .
0	will anyone who is n't a fangoria subscriber be excited that it has n't gone straight to video ?
1	ambitious , unsettling psychodrama that takes full , chilling advantage of its rough-around-the-edges , low-budget constraints .
1	an admirable , sometimes exceptional film
1	australia : land beyond time is an enjoyable big movie primarily because australia is a weirdly beautiful place .
1	it ' s an exhilarating place to visit , this laboratory of laughter .
0	rosenthal ( halloween ii ) seems to have forgotten everything he ever knew about generating suspense .
0	return to never land is much more p . c . than the original version ( no more racist portraits of indians , for instance ) , but the excitement is missing .
1	fans of the modern day hong kong action film finally have the worthy successor to a better tomorrow and the killer which they have been patiently waiting for .
0	did no one on the set have a sense of humor , or did they not have the nerve to speak up ?
1	jones has delivered a solidly entertaining and moving family drama .
1	funny and also heartwarming without stooping to gooeyness .
1	( a ) thoughtful , visually graceful work .
0	the movie generates plot points with a degree of randomness usually achieved only by lottery drawing .
1	it ' s that good .
0	what might have been readily dismissed as the tiresome rant of an aging filmmaker still thumbing his nose at convention takes a surprising , subtle turn at the midway point .
0	the modern-day royals have nothing on these guys when it comes to scandals .
1	a little uneven to be the cat ' s meow , but it ' s good enough to be the purr .
1	this rich , bittersweet israeli documentary , about the life of song-and-dance-man pasach ` ke burstein and his family , transcends ethnic lines .
1	miyazaki has created such a vibrant , colorful world , it ' s almost impossible not to be swept away by the sheer beauty of his images .
1	worth seeing just for weaver and lapaglia .
0	i found it slow , predictable and not very amusing .
0	has all the complexity and realistic human behavior of an episode of general hospital .
0	first-timer john mckay is never able to pull it back on course .
0	sheridan ' s take on the author ' s schoolboy memoir ... is a rather toothless take on a hard young life .
1	romanek ' s themes are every bit as distinctive as his visuals .
0	... watching it was painful .
0	it is too bad that this likable movie is n't more accomplished .
0	it ' s leaden and predictable , and laughs are lacking .
1	informative , intriguing , observant , often touching ... gives a human face to what ' s often discussed in purely abstract terms .
1	warm and exotic .
0	time out is as serious as a pink slip .
0	a rumor of angels does n't just slip - - it avalanches into forced fuzziness .
1	both an admirable reconstruction of terrible events , and a fitting memorial to the dead of that day , and of the thousands thereafter .
1	romantic , riveting and handsomely animated .
0	even murphy ' s expert comic timing and famed charisma ca n't rescue this effort .
1	narc is a no-bull throwback to 1970s action films .
0	its simplicity puts an exclamation point on the fact that this is n't something to be taken seriously , but it also wrecks any chance of the movie rising above similar fare .
1	... wallace is smart to vary the pitch of his movie , balancing deafening battle scenes with quieter domestic scenes of women back home receiving war department telegrams .
0	you can fire a torpedo through some of clancy ' s holes , and the scripters do n't deserve any oscars .
0	suspend your disbelief here and now , or you ' ll be shaking your head all the way to the credits .
0	dong never pushes for insights beyond the superficial tensions of the dynamic he ' s dissecting , and the film settles too easily along the contours of expectation .
1	k - 19 will not go down in the annals of cinema as one of the great submarine stories , but it is an engaging and exciting narrative of man confronting the demons of his own fear and paranoia .
1	an entertaining , if ultimately minor , thriller .
0	too long , and larded with exposition , this somber cop drama ultimately feels as flat as the scruffy sands of its titular community .
1	despite its flaws , crazy as hell marks an encouraging new direction for la salle .
0	a clichéd and shallow cautionary tale about the hard-partying lives of gay men .
1	cage makes an unusual but pleasantly haunting debut behind the camera .
0	one of those so-so films that could have been much better .
1	kosminsky ... puts enough salt into the wounds of the tortured and self-conscious material to make it sting .
1	the gorgeously elaborate continuation of ` ` the lord of the rings ' ' trilogy is so huge that a column of words can not adequately describe co-writer / director peter jackson ' s expanded vision of j . r . r . tolkien ' s middle-earth .
0	yet another iteration of what ' s become one of the movies ' creepiest conventions , in which the developmentally disabled are portrayed with almost supernatural powers to humble , teach and ultimately redeem their mentally ` ` superior ' ' friends , family ...
0	rather than real figures , elling and kjell bjarne become symbolic characters whose actions are supposed to relate something about the naïf ' s encounter with the world .
1	invigorating , surreal , and resonant with a rainbow of emotion .
1	the script is high on squaddie banter , low on shocks .
0	as it is , it ' s too long and unfocused .
1	it ' s funny and human and really pretty damned wonderful , all at once .
1	because the genre is well established , what makes the movie fresh is smart writing , skewed characters , and the title performance by kieran culkin .
0	but ... in trying to capture the novel ' s deeper intimate resonances , the film has - - ironically - distanced us from the characters .
0	needed a little less bling-bling and a lot more romance .
1	a fascinating , bombshell documentary that should shame americans , regardless of whether or not ultimate blame finally lies with kissinger .
0	wendigo wants to be a monster movie for the art-house crowd , but it falls into the trap of pretention almost every time .
0	it ' s so devoid of joy and energy it makes even jason x ... look positively shakesperean by comparison .
0	he ' s just a sad aristocrat in tattered finery , and the film seems as deflated as he does .
1	meticulously mounted , exasperatingly well-behaved film , which ticks off kahlo ' s lifetime milestones with the dutiful precision of a tax accountant .
1	but it ' s defiantly and delightfully against the grain .
0	this bond film goes off the beaten path , not necessarily for the better .
1	goldbacher draws on an elegant visual sense and a talent for easy , seductive pacing ... but she and writing partner laurence coriat do n't manage an equally assured narrative coinage .
0	it ' s crap on a leash - - far too polite to scale the lunatic heights of joe dante ' s similarly styled gremlins .
0	the superior plotline is n't quite enough to drag along the dead ( water ) weight of the other .
1	moving and vibrant .
0	the elements were all there but lack of a pyschological center knocks it flat .
1	young everlyn sampi , as the courageous molly craig , simply radiates star-power potential in this remarkable and memorable film .
0	at 90 minutes this movie is short , but it feels much longer .
1	the color sense of stuart little 2 is its most immediate and most obvious pleasure , but it would count for very little if the movie were n't as beautifully shaped and as delicately calibrated in tone as it is .
1	about schmidt is nicholson ' s goofy , heartfelt , mesmerizing king lear .
0	the 50 - something lovebirds are too immature and unappealing to care about .
0	a series of escapades demonstrating the adage that what is good for the goose is also good for the gander , some of which occasionally amuses but none of which amounts to much of a story .
1	predictable and cloying , though brown sugar is so earnest in its yearning for the days before rap went nihilistic that it summons more spirit and bite than your average formulaic romantic quadrangle .
0	stuffy , full of itself , morally ambiguous and nothing to shout about .
1	an hour and a half of joyful solo performance .
1	confessions is without a doubt a memorable directorial debut from king hunk .
0	it ' s as sorry a mess as its director ' s diabolical debut , mad cows .
0	weirdly , broomfield has compelling new material but he does n't unveil it until the end , after endless scenes of him wheedling reluctant witnesses and pointing his camera through the smeared windshield of his rental car .
0	an unsuccessful attempt at a movie of ideas .
1	it ' s a spectacular performance - ahem , we hope it ' s only acting .
0	the only type of lives this glossy comedy-drama resembles are ones in formulaic mainstream movies .
0	it leers , offering next to little insight into its intriguing subject .
0	eddie murphy and owen wilson have a cute partnership in i spy , but the movie around them is so often nearly nothing that their charm does n't do a load of good .
0	a relentless , bombastic and ultimately empty world war ii action flick .
1	for all its brooding quality , ash wednesday is suspenseful and ultimately unpredictable , with a sterling ensemble cast .
0	like leafing through an album of photos accompanied by the sketchiest of captions .
1	if you ' re looking for an intelligent movie in which you can release your pent up anger , enough is just the ticket you need .
1	when you ' ve got the wildly popular vin diesel in the equation , it adds up to big box office bucks all but guaranteed .
0	... has about 3/4 th the fun of its spry 2001 predecessor - - but it ' s a rushed , slapdash , sequel-for-the-sake - of-a-sequel with less than half the plot and ingenuity .
0	off the hook is overlong and not well-acted , but credit writer-producer-director adam watstein with finishing it at all .
0	a chiller resolutely without chills .
0	most fish stories are a little peculiar , but this is one that should be thrown back in the river .
0	there ' s the plot , and a maddeningly insistent and repetitive piano score that made me want to scream .
0	its generic villains lack any intrigue ( other than their funny accents ) and the action scenes are poorly delivered .
0	too slow for a younger crowd , too shallow for an older one .
0	degenerates into hogwash .
0	it does n't take a rocket scientist to figure out that this is a mormon family movie , and a sappy , preachy one at that .
1	overcomes its visual hideousness with a sharp script and strong performances .
0	for a film that ' s being advertised as a comedy , sweet home alabama is n't as funny as you ' d hoped .
1	it puts washington , as honest working man john q . archibald , on a pedestal , then keeps lifting the pedestal higher .
0	reggio and glass so rhapsodize cynicism , with repetition and languorous slo-mo sequences , that glass ' s dirgelike score becomes a fang-baring lullaby .
0	an appalling ` ace ventura ' rip-off that somehow manages to bring together kevin pollak , former wrestler chyna and dolly parton .
1	not only is it a charming , funny and beautifully crafted import , it uses very little dialogue , making it relatively effortless to read and follow the action at the same time .
1	a lot smarter than your average bond .
1	will assuredly rank as one of the cleverest , most deceptively amusing comedies of the year .
1	very amusing , not the usual route in a thriller , and the performances are odd and pixilated and sometimes both .
0	as lively an account as seinfeld is deadpan .
0	everything that was right about blade is wrong in its sequel .
1	an engaging , formulaic sports drama that carries a charge of genuine excitement .
1	argento , at only 26 , brings a youthful , out-to-change-the-world aggressiveness to the project , as if she ' s cut open a vein and bled the raw film stock .
0	grant is n't cary and bullock is n't katherine .
0	a movie you observe , rather than one you enter into .
0	it has become apparent that the franchise ' s best years are long past .
1	rifkin ' s references are ... impeccable throughout .
0	nearly all the fundamentals you take for granted in most films are mishandled here .
0	this is a monumental achievement in practically every facet of inept filmmaking : joyless , idiotic , annoying , heavy-handed , visually atrocious , and often downright creepy .
1	it is hard not to be especially grateful for freedom after a film like this .
1	scherfig , the writer-director , has made a film so unabashedly hopeful that it actually makes the heart soar .
0	horrendously amateurish filmmaking that is plainly dull and visually ugly when it is n't incomprehensible .
0	like an afterschool special with costumes by gianni versace , mad love looks better than it feels .
0	this pathetic junk is barely an hour long .
1	features fincher ' s characteristically startling visual style and an almost palpable sense of intensity .
0	friday after next is the kind of film that could only be made by african-americans because of its broad racial insensitivity towards african-americans .
1	the wanton slipperiness of * corpus and its amiable jerking and reshaping of physical time and space would make it a great piece to watch with kids and use to introduce video as art .
1	terrific casting and solid execution give all three stories life .
0	the hanukkah spirit seems fried in pork .
1	a truly wonderful tale combined with stunning animation .
1	an engrossing portrait of a man whose engaging manner and flamboyant style made him a truly larger-than-life character .
1	parents may even find that it goes by quickly , because it has some of the funniest jokes of any movie this year , including those intended for adults .
0	girlfriends are bad , wives are worse and babies are the kiss of death in this bitter italian comedy .
1	upsetting and thought-provoking , the film has an odd purity that does n't bring you into the characters so much as it has you study them .
0	( sam ' s ) self-flagellation is more depressing than entertaining .
0	devoid of any of the qualities that made the first film so special .
1	that rare movie that works on any number of levels - - as a film of magic and whimsy for children , a heartfelt romance for teenagers and a compelling argument about death , both pro and con , for adults .
0	tykwer ' s surface flash is n't just a poor fit with kieslowski ' s lyrical pessimism ; it completely contradicts everything kieslowski ' s work aspired to , including the condition of art .
1	as action-adventure , this space-based homage to robert louis stevenson ' s treasure island fires on all plasma conduits .
1	aniston has at last decisively broken with her friends image in an independent film of satiric fire and emotional turmoil .
1	when the movie mixes the cornpone and the cosa nostra , it finds a nice rhythm .
0	... unlike ( scorsese ' s mean streets ) , ash wednesday is essentially devoid of interesting characters or even a halfway intriguing plot .
1	it ' s a clear-eyed portrait of an intensely lived time , filled with nervous energy , moral ambiguity and great uncertainties .
0	` cq may one day be fondly remembered as roman coppola ' s brief pretentious period before going on to other films that actually tell a story worth caring about
1	we ' ve seen it all before in one form or another , but director hoffman , with great help from kevin kline , makes us care about this latest reincarnation of the world ' s greatest teacher .
0	the narrator and the other characters try to convince us that acting transfigures esther , but she ' s never seen speaking on stage ; one feels cheated , and esther seems to remain an unchanged dullard .
1	awesome work : ineffable , elusive , yet inexplicably powerful
0	the kind of movie that leaves vague impressions and a nasty aftertaste but little clear memory of its operational mechanics .
0	without shakespeare ' s eloquent language , the update is dreary and sluggish .
0	the only surprise is that heavyweights joel silver and robert zemeckis agreed to produce this ; i assume the director has pictures of them cavorting in ladies ' underwear .
0	thanks largely to williams , all the interesting developments are processed in 60 minutes - - the rest is just an overexposed waste of film .
0	i ' m sorry to say that this should seal the deal - arnold is not , nor will he be , back .
0	boasts eye-catching art direction but has a forcefully quirky tone that quickly wears out its limited welcome .
1	daring and beautifully made .
1	feeling to it , but like the 1920 ' s , the trip there is a great deal of fun .
0	a terrible movie that some people will nevertheless find moving .
0	long before it ' s over , you ' ll be thinking of 51 ways to leave this loser .
0	dreary tale of middle-class angst
0	the master of disguise represents adam sandler ' s latest attempt to dumb down the universe .
1	it ' s definitely an improvement on the first blade , since it does n't take itself so deadly seriously .
0	lucas has in fact come closer than anyone could desire to the cheap , graceless , hackneyed sci-fi serials of the ' 30s and ' 40s .
1	the concert footage is stirring , the recording sessions are intriguing , and - - on the way to striking a blow for artistic integrity - - this quality band may pick up new admirers .
0	what should have been a cutting hollywood satire is instead about as fresh as last week ' s issue of variety .
0	a fragile framework upon which to hang broad , mildly fleshed-out characters that seem to have been conjured up only 10 minutes prior to filming .
0	something has been lost in the translation ... another routine hollywood frightfest in which the slack execution italicizes the absurdity of the premise .
0	unfortunately the story and the actors are served with a hack script .
0	( denis ' ) bare-bones narrative more closely resembles an outline for a ' 70s exploitation picture than the finished product .
0	... the efforts of its star , kline , to lend some dignity to a dumb story are for naught .
0	an uneven look into a grim future that does n't come close to the level of intelligence and visual splendour that can be seen in other films based on philip k . dick stories .
1	even the digressions are funny .
1	expect no major discoveries , nor any stylish sizzle , but the film sits with square conviction and touching good sense on the experience of its women .
0	to say that this vapid vehicle is downright doltish and uneventful is just as obvious as telling a country skunk that he has severe body odor .
1	star / producer salma hayek and director julie taymor have infused frida with a visual style unique and inherent to the titular character ' s paintings and in the process created a masterful work of art of their own .
1	do n't judge this one too soon - it ' s a dark , gritty story but it takes off in totally unexpected directions and keeps on going .
1	this seductive tease of a thriller gets the job done .
1	what ' s surprising about this traditional thriller , moderately successful but not completely satisfying , is exactly how genteel and unsurprising the execution turns out to be .
1	one of the year ' s best films , featuring an oscar-worthy performance by julianne moore .
1	( the cockettes ) provides a window into a subculture hell-bent on expressing itself in every way imaginable . '
0	a culture clash comedy only half as clever as it thinks it is .
0	if you are curious to see the darker side of what ' s going on with young tv actors ( dawson leery did what ? ! ? ) , or see some interesting storytelling devices , you might want to check it out , but there ' s nothing very attractive about this movie .
1	it has a caffeinated , sloppy brilliance , sparkling with ideas you wish had been developed with more care , but animated by an energy that puts the dutiful efforts of more disciplined grade-grubbers to shame .
1	effective in all its aspects , margarita happy hour represents an auspicious feature debut for chaiken .
1	takashi miike keeps pushing the envelope : ichi the killer
0	the great pity is that those responsible did n't cut their losses - - and ours - - and retitle it the adventures of direct-to-video nash , and send it to its proper home .
1	credit director ramsay for taking the sometimes improbable story and making it feel realistic .
0	director douglas mcgrath takes on nickleby with all the halfhearted zeal of an 8th grade boy delving into required reading .
0	the modern remake of dumas ' s story is long on narrative and ( too ) short on action .
1	could have been crisper and punchier , but it ' s likely to please audiences who like movies that demand four hankies .
1	seems based on ugly ideas instead of ugly behavior , as happiness was ... hence , storytelling is far more appealing .
0	a work that lacks both a purpose and a strong pulse .
0	this film biggest problem ?
0	enough is not a bad movie , just mediocre .
1	delivers roughly equal amounts of beautiful movement and inside information .
1	if you are into splatter movies , then you will probably have a reasonably good time with the salton sea .
1	compared to his series of spectacular belly flops both on and off the screen , runteldat is something of a triumph .
1	at its best , which occurs often , michael moore ' s bowling for columbine rekindles the muckraking , soul-searching spirit of the ` are we a sick society ? '
0	would that greengrass had gone a tad less for grit and a lot more for intelligibility .
1	like the english patient and the unbearable lightness of being , the hours is one of those reputedly ` ` unfilmable ' ' novels that has bucked the odds to emerge as an exquisite motion picture in its own right .
0	hey everybody , wanna watch a movie in which a guy dressed as a children ' s party clown gets violently gang-raped ?
0	as an entertainment destination for the general public , kung pow sets a new benchmark for lameness .
1	the imax screen enhances the personal touch of manual animation .
1	... spellbinding fun and deliciously exploitative .
0	deuces wild is an encyclopedia of cliches that shoplifts shamelessly from farewell-to-innocence movies like the wanderers and a bronx tale without cribbing any of their intelligence .
0	the problem with movies about angels is they have a tendency to slip into hokum .
0	an occasionally interesting but mostly repetitive look at a slice of counterculture that might be best forgotten .
0	feels less like a change in ( herzog ' s ) personal policy than a half-hearted fluke .
1	hugely entertaining from start to finish , featuring a fall from grace that still leaves shockwaves , it will gratify anyone who has ever suspected hollywood of being overrun by corrupt and hedonistic weasels .
1	the film offers an intriguing what-if premise .
0	enough said , except : film overboard !
1	a solidly entertaining little film .
0	watching ` ` ending ' ' is too often like looking over the outdated clothes and plastic knickknacks at your neighbor ' s garage sale .
1	` stock up on silver bullets for director neil marshall ' s intense freight train of a film . '
0	ill-considered , unholy hokum .
1	he allows his cast members to make creative contributions to the story and dialogue .
1	a passionately inquisitive film determined to uncover the truth and hopefully inspire action .
0	plodding , peevish and gimmicky .
1	p . t . anderson understands the grandness of romance and how love is the great equalizer that can calm us of our daily ills and bring out joys in our lives that we never knew were possible .
1	an encouraging effort from mccrudden
1	all in all , brown sugar is a satisfying well-made romantic comedy that ' s both charming and well acted .
1	a charmer from belgium .
1	garcia and the other actors help make the wobbly premise work .
1	schnitzler does a fine job contrasting the sleekness of the film ' s present with the playful paranoia of the film ' s past . '
0	viewers of barney ' s crushingly self-indulgent spectacle will see nothing in it to match the ordeal of sitting through it .
1	i had a dream that a smart comedy would come along to rescue me from a summer of teen-driven , toilet-humor codswallop , and its name was earnest .
1	though it goes further than both , anyone who has seen the hunger or cat people will find little new here , but a tasty performance from vincent gallo lifts this tale of cannibal lust above the ordinary .
1	if ` ` lilo & stitch ' ' is n't the most edgy piece of disney animation to hit the silver screen , then this first film to use a watercolor background since ` ` dumbo ' ' certainly ranks as the most original in years .
0	what ultimately makes windtalkers a disappointment is the superficial way it deals with its story .
0	all movie long , city by the sea swings from one approach to the other , but in the end , it stays in formula - - which is a waste of de niro , mcdormand and the other good actors in the cast .
1	well cast and well directed - a powerful drama with enough sardonic wit to keep it from being maudlin .
1	a wildly erratic drama with sequences that make you wince in embarrassment and others , thanks to the actors , that are quite touching .
0	the only young people who possibly will enjoy it are infants ... who might be distracted by the movie ' s quick movements and sounds .
1	a captivating new film .
0	what might have emerged as hilarious lunacy in the hands of woody allen or mel brooks ( at least during their ' 70s heyday ) comes across as lame and sophomoric in this debut indie feature .
1	simply and eloquently articulates the tangled feelings of particular new yorkers deeply touched by an unprecedented tragedy .
0	it ' s uninteresting .
1	not to mention absolutely refreshed .
0	and it ' s not that funny - - which is just generally insulting .
0	richard pryor mined his personal horrors and came up with a treasure chest of material , but lawrence gives us mostly fool ' s gold .
0	no thanks .
1	how good this film might be , depends if you believe that the shocking conclusion is too much of a plunge or not .
0	for dance completists only .
1	it ' s tough to watch , but it ' s a fantastic movie .
0	the main characters are simply named the husband , the wife and the kidnapper , emphasizing the disappointingly generic nature of the entire effort .
0	the good girl is a film in which the talent is undeniable but the results are underwhelming .
1	one regards reign of fire with awe .
1	arteta paints a picture of lives lived in a state of quiet desperation .
0	( seagal ' s ) strenuous attempt at a change in expression could very well clinch him this year ' s razzie .
1	george clooney , in his first directorial effort , presents this utterly ridiculous shaggy dog story as one of the most creative , energetic and original comedies to hit the screen in years .
0	lacks the inspiration of the original and has a bloated plot that stretches the running time about 10 minutes past a child ' s interest and an adult ' s patience .
1	what ' s surprising is how well it holds up in an era in which computer-generated images are the norm .
0	the film can depress you about life itself .
1	time out is existential drama without any of the pretension associated with the term .
1	it ' s a fun adventure movie for kids ( of all ages ) that like adventure .
1	all right , so it ' s not a brilliant piece of filmmaking , but it is a funny ( sometimes hilarious ) comedy with a deft sense of humor about itself , a playful spirit and a game cast .
0	although the sequel has all the outward elements of the original , the first film ' s lovely flakiness is gone , replaced by the forced funniness found in the dullest kiddie flicks .
0	there ' s no palpable chemistry between lopez and male lead ralph fiennes , plus the script by working girl scribe kevin wade is workmanlike in the extreme .
0	deep down , i realized the harsh reality of my situation : i would leave the theater with a lower i . q . than when i had entered .
0	the most excruciating 86 minutes one might sit through this summer that do not involve a dentist drill .
0	i ' ve had more interesting - - and , dare i say , thematically complex - - bowel movements than this long-on-the-shelf , point-and-shoot exercise in gimmicky crime drama .
1	dramas like this make it human .
1	funny in a sick , twisted sort of way .
1	unexpected moments of authentically impulsive humor are the hallmark of this bittersweet , uncommonly sincere movie that portrays the frank humanity of ... emotional recovery .
0	the redeeming feature of chan ' s films has always been the action , but the stunts in the tuxedo seem tired and , what ' s worse , routine .
0	it ' s mired in a shabby script that piles layer upon layer of action man cliché atop wooden dialogue and a shifting tone that falls far short of the peculiarly moral amorality of ( woo ' s ) best work .
1	to call this one an eventual cult classic would be an understatement , and woe is the horror fan who opts to overlook this goofily endearing and well-lensed gorefest .
1	the production has been made with an enormous amount of affection , so we believe these characters love each other .
1	a sobering and powerful documentary about the most severe kind of personal loss : rejection by one ' s mother .
0	some like it hot on the hardwood proves once again that a man in drag is not in and of himself funny .
1	everybody loves a david and goliath story , and this one is told almost entirely from david ' s point of view .
0	it ' s hard to believe that something so short could be so flabby .
1	a family film that contains some hefty thematic material on time , death , eternity , and what is needed to live a rich and full life .
0	( l ) ame and unnecessary .
0	bears about as much resemblance to the experiences of most battered women as spider-man does to the experiences of most teenagers .
0	the piano teacher , like its title character , is repellantly out of control .
1	for every cheesy scene , though , there is a really cool bit - - the movie ' s conception of a future-world holographic librarian ( orlando jones ) who knows everything and answers all questions , is visually smart , cleverly written , and nicely realized .
0	cal is an unpleasantly shallow and immature character with whom to spend 110 claustrophobic minutes .
0	a piece of mildly entertaining , inoffensive fluff that drifts aimlessly for 90 minutes before lodging in the cracks of that ever-growing category : unembarrassing but unmemorable .
0	i ' m not sure which half of dragonfly is worse : the part where nothing ' s happening , or the part where something ' s happening , but it ' s stupid .
0	weird .
1	a man leaving the screening said the film was better than saving private ryan .
0	the sum of all fears is remarkably fuddled about motives and context , which drains it of the dramatic substance that would shake us in our boots ( or cinema seats ) .
0	it ' s hard to believe these jokers are supposed to have pulled off four similar kidnappings before .
0	the histrionic muse still eludes madonna and , playing a charmless witch , she is merely a charmless witch .
0	otherwise , this could be a passable date film .
1	it ' s something of the ultimate scorsese film , with all the stomach-turning violence , colorful new york gang lore and other hallmarks of his personal cinema painted on their largest-ever historical canvas .
0	the directing and story are disjointed , flaws that have to be laid squarely on taylor ' s doorstep .
0	suffice to say its total promise is left slightly unfulfilled .
1	the ingenuity that parker displays in freshening the play is almost in a class with that of wilde himself .
0	the movie is not as terrible as the synergistic impulse that created it .
1	all three actresses are simply dazzling , particularly balk , who ' s finally been given a part worthy of her considerable talents .
1	like the best 60 minutes exposé , the film ( at 80 minutes ) is actually quite entertaining .
0	its premise is smart , but the execution is pretty weary .
1	it has a way of seeping into your consciousness , with lingering questions about what the film is really getting at .
0	memorable for a peculiar malaise that renders its tension flaccid and , by extension , its surprises limp and its resolutions ritual .
1	the power of shanghai ghetto , a documentary by dana janklowicz-mann and amir mann , rests in the voices of men and women , now in their 70s , who lived there in the 1940s .
0	completely creatively stillborn and executed in a manner that i ' m not sure could be a single iota worse ... a soulless hunk of exploitative garbage .
1	fans of critics ' darling band wilco will marvel at the sometimes murky , always brooding look of i am trying to break your heart .
1	cho continues her exploration of the outer limits of raunch with considerable brio .
0	with mcconaughey in an entirely irony-free zone and bale reduced mainly to batting his sensitive eyelids , there ' s not enough intelligence , wit or innovation on the screen to attract and sustain an older crowd .
1	and there ' s the inimitable diaz , holding it all together .
1	this one is not nearly as dreadful as expected .
1	parris ' performance is credible and remarkably mature .
1	every once in a while , a movie will come along that turns me into that annoying specimen of humanity that i usually dread encountering the most - the fanboy
0	or maybe ` ` how will you feel after an 88 - minute rip-off of the rock with action confined to slo-mo gun firing and random glass-shattering ? ' '
1	it ' s a powerful though flawed movie , guaranteed to put a lump in your throat while reaffirming washington as possibly the best actor working in movies today .
0	the chateau ... is less concerned with cultural and political issues than doting on its eccentric characters .
1	even as it pays earnest homage to turntablists and beat jugglers , old schoolers and current innovators , scratch is great fun , full of the kind of energy it ' s documenting .
0	hip-hop prison thriller of stupefying absurdity .
0	a sustained fest of self-congratulation between actor and director that leaves scant place for the viewer .
0	roman polanski directs the pianist like a surgeon mends a broken heart ; very meticulously but without any passion .
1	its spirit of iconoclastic abandon - - however canned - - makes for unexpectedly giddy viewing .
0	as original and insightful as last week ' s episode of behind the music .
0	if festival in cannes nails hard - boiled hollywood argot with a bracingly nasty accuracy , much about the film , including some of its casting , is frustratingly unconvincing .
0	` synthetic ' is the best description of this well-meaning , beautifully produced film that sacrifices its promise for a high-powered star pedigree .
0	kapur ' s contradictory feelings about his material result in a movie that works against itself .
1	a compelling story of musical passion against governmental odds .
1	it has a dashing and resourceful hero ; a lisping , reptilian villain ; big fights ; big hair ; lavish period scenery ; and a story just complicated enough to let you bask in your own cleverness as you figure it out .
1	this is one of those rare docs that paints a grand picture of an era and makes the journey feel like a party .
0	american and european cinema has amassed a vast holocaust literature , but it is impossible to think of any film more challenging or depressing than the grey zone .
1	- i also wanted a little alien as a friend !
0	because the intelligence level of the characters must be low , very low , very very low , for the masquerade to work , the movie contains no wit , only labored gags .
1	a beautiful paean to a time long past .
0	like a medium-grade network sitcom - - mostly inoffensive , fitfully amusing , but ultimately so weightless that a decent draft in the auditorium might blow it off the screen .
1	fast and funny , an action cartoon that ' s suspenseful enough for older kids but not too scary for the school-age crowd .
0	blue crush has all the trappings of an energetic , extreme-sports adventure , but ends up more of a creaky ` ` pretty woman ' ' retread , with the emphasis on self-empowering schmaltz and big-wave surfing that gives pic its title an afterthought .
0	the movie is too amateurishly square to make the most of its own ironic implications .
1	... digs beyond the usual portrayals of good kids and bad seeds to reveal a more ambivalent set of characters and motivations .
0	for those for whom the name woody allen was once a guarantee of something fresh , sometimes funny , and usually genuinely worthwhile , hollywood ending is a depressing experience
0	none of the characters or plot-lines are fleshed-out enough to build any interest .
0	the only thing scary about feardotcom is that the filmmakers and studio are brazen enough to attempt to pass this stinker off as a scary movie .
1	a moving and not infrequently breathtaking film .
0	starts out mediocre , spirals downward , and thuds to the bottom of the pool with an utterly incompetent conclusion .
1	about the best thing you could say about narc is that it ' s a rock-solid little genre picture .
0	we just do n't really care too much about this love story .
1	i have n't laughed that hard in years !
1	an honest , sensitive story from a vietnamese point of view .
0	demme gets a lot of flavor and spice into his charade remake , but he ca n't disguise that he ' s spiffing up leftovers that are n't so substantial or fresh .
0	the april 2002 instalment of the american war for independence , complete with loads of cgi and bushels of violence , but not a drop of human blood .
1	Miyazaki is one of the most talented artists and storytellers in the world.
1	That's cool.
1	Michael Moore's latest documentary on America's thirst for violence is yet his best film...
0	qualities that were once fun become irritating.
0	the main actors do not share any chemistry or engaging charism.
0	in terms of execution this film is negligent and not focused.
0	Will someone who isn't a fangaria subscriber be excited that he didn't go straight to the video?
1	ambitious, disturbing psychodrama that takes full, the fresh advantage of its rudimentary limits, constraints with low budget.
1	an admirable, sometimes exceptional film
1	australia: the land beyond time is a great pleasant film mainly because Australia is a strangely beautiful place.
1	It's an exciting place to visit, this laughter lab.
0	rosenthal (Halloween ii) seems to have forgotten everything he knew about the generation of suspense.
0	return to never land is much more p.c. than the original version (no more racist portraits of Indians, for example), but excitement is missing.
1	Fans of the modern Hong Kong action film finally have the worthy successor of a better tomorrow and the killer they wait patiently.
0	Nobody on the set had a sense of humor, or didn't they have the courage to talk?
1	Jones delivered a very entertaining and moving family drama.
1	funny and also heart-comforting without subduing to goeyness.
1	( a) thoughtful and visually graceful work.
0	the film generates plot points with a degree of randomity usually obtained only by lottery draw.
1	It's so good.
0	which could easily have been rejected as the tiresome grudge of a filmmaker still aging inch to his nose at the convention takes a surprising turn, subtle halfway.
0	Modern royals have nothing on these guys when it comes to scandals.
1	a little uneven to be the sweetness of the cat, but it's good enough to be the puree.
1	This rich, bitter, sweet Israeli documentary, about the life of song-and-dance-man pasach `ke burstein and his family, transcends ethnic lines.
1	Miyazaki has created a world so vibrant, colorful, it is almost impossible not to be carried away by the pure beauty of his images.
1	It's worth seeing just for weaver and lapaglia.
0	I found it slow, predictable and not very fun.
0	has all the complexity and realistic human behavior of an episode of the general hospital.
0	first-timer john mckay is never able to remove it on the course.
0	Sheridan attacks the memory of the author's schoolboy... it's a toothless grip on a difficult young life.
1	Romanek's themes are just as distinctive as his visuals.
0	...looking at it was painful.
0	It's a shame that this friendly film is not more accomplished.
0	It's lead and predictable, and laughter is missing.
1	informative, intriguing, observant, often touching... gives a human face to what is often discussed in purely abstract terms.
1	hot and exotic.
0	free time is as serious as a pink slide.
0	a rumor of angels does not just slip - - it avalanches in the forced blur.
1	both an admirable reconstruction of the terrible events, and a suitable memorial for the dead of this day, and thousands thereafter.
1	romantic, riveting and nicely animated.
0	Even the expert of Murphy'timing comic and famous charisma will not save this effort.
1	narc is a goalless return to the action films of the 1970s.
0	Its simplicity makes an exclamation point on the fact that it is not something to take seriously, but it also ruins any chance that the film will rise above the same price.
1	... wallace is smart to vary the terrain of his film, balance the deafening battle scenes with quieter domestic scenes of women at home receiving telegrams from the War Department.
0	you can shoot a torpedo through some of the clancy holes, and scriptors don't deserve any Oscars.
0	Suspend your unbelief here and now, or you shake your head to the credit.
0	Dong never pushes for ideas beyond the superficial tensions of the dynamics it dissects, and the film too easily settles along the contours of the wait.
1	k - 19 will not descend into the annals of cinema as one of the great underwater stories, but it is an exciting and exciting story of man facing the demons of his own fear and paranoia.
1	entertainment, so eventually minor, thriller.
0	This dark cop drama finally feels as flat as the scrambled sands of its host community.
1	Despite its flaws, crazy as hell marks a new encouraging direction for the room.
0	a cliché and a shallow warning about the difficult lives of gay men.
1	cage makes an unusual but pleasantly haunting start behind the camera.
0	one of those movies that could have been much better.
1	kosminsky... put enough salt in the wounds of the tortured and self-conscious material to make him sting.
1	The beautifully crafted sequel to the trilogy ``the Lord of the Rings'' is so huge that a column of words cannot adequately describe the enlarged vision of the middle earth of j. r. r. r. tolkian by its co-author/director Peter Jackson.
0	"yet another iteration of what has become one of the most frightening conventions of films, in which people with disabilities are represented with almost supernatural powers to humble, teach and finally redeem their mentally "" superior "" friends, their families..."
0	Instead of real figures, elling and kjell bjarne become symbolic characters whose actions are supposed to report something about the naïve encounter with the world.
1	reinvigorating, surrealistic and resonating with a rainbow of emotion.
1	the script is raised on the brigade band, weak on the shocks.
0	As it is, it is too long and not focused.
1	It's funny and human and really damn wonderful, all at once.
1	Because the genre is well established, what makes the movie fresh is smart writing, biased characters, and title performance by kieran culkin.
0	But... trying to capture the deeper intimate resonances of the novel, the film ironically distanced us from the characters.
0	I needed a little less bling-bling and a lot more romanticism.
1	a fascinating documentary, bombshell that should shame the Americans, no matter whether or not ultimate blame finally with kisser.
0	Wendigo wants to be a monster movie for the crowd of the art house, but he falls into the trap of pretension almost every time.
0	He is so devoid of joy and energy that he even makes the jason x... look positively trembling by comparison.
0	He's just a sad aristocrat in the beaten finesse, and the movie seems as deflated as he is.
1	meticulously mounted, exasperatingly well-maintained film, which criticized the milestones of Kahlo's life with the precision of the duty of a tax accountant.
1	but it is defiant and deliciously against grain.
0	This link film comes out of the beaten path, not necessarily for the best.
1	goldbacher is inspired by an elegant visual sense and talent for an easy, seductive rhythm... but she and her writing partner laurence coriat do not manage an equally assured narrative piece.
0	it's shit on a leash - - far too polished to splash the lunar heights of gremlins of similar style of joe dante.
0	the upper plot line is not enough to drag along the dead weight (water) of the other.
1	moving and vibrant.
0	The elements were all there, but the absence of a pyschological center struck him flat.
1	Young sampi forever, like the courageous Molly Craig, simply radiates the power potential of the stars in this remarkable and memorable film.
0	At 90 minutes this film is short, but it feels much longer.
1	The colour sense of stuart little 2 is its most immediate and obvious pleasure, but it would count for very little if the film was not as beautifully shaped and delicately calibrated in tone as it is.
1	about schmidt is the madness of Nicholson, sincere, the king bewitching lear.
0	the 50 - something bird of love are too immature and little appealing to care about.
0	a series of escapades demonstrating the adage that what is good for goose is also good for the gander, some of which sometimes amuse but none of which represents a large part of a story.
1	predictable and cloistered, although brown sugar is so serious in its desire for the days before rap has become nihilistic that it calls more mind and bite than your romantic quadrangle medium formula.
0	Stuffing, full of himself, morally ambiguous and nothing to scream at.
1	an hour and a half of happy solo performance.
1	confessions is undoubtedly a memorable beginning of realization of King Hunk.
0	It's as sorry a mess as the evil beginnings of his director, crazy cows.
0	Strangely enough, roomfield has new convincing materials but he doesn't reveal it until the end, after endless scenes of him brandishing reluctant witnesses and pointing his camera through the rubbing windshield of his rental car.
0	an unsuccessful attempt at an idea film.
1	It's a spectacular performance - ahem, we hope it's just action.
0	The only type of life that this brilliant comedy-drama looks like are those in traditional formula films.
0	, offering next to little insight into his intriguing subject.
0	Eddie Murphy and Owen Wilson have a nice partnership in spying, but the film around them is so often almost nothing that their charm doesn't do a good job.
0	a world war implacable, bombastic and finally empty ii action flick.
1	for all its brooding quality, ash Wednesday is suspensive and ultimately unpredictable, with a set of cast sterling.
0	as the sheeting through an album of photos accompanied by the most suggestive legends.
1	if you're looking for a smart movie in which you can free your pent up anger, enough is just the ticket you need.
1	when you've got the wildly popular diesel wine in the equation, it is added to big box office tickets all except guaranteed.
0	... has about 3/4th the pleasure of its predecessor spry 2001 - - but it is a rush, gifledash, suite-for-the-sake - de-a-sequel with less than half of the plot and ingenuity.
0	out of the hook is too long and not well operated, but author of credit-producer-director adam watstein with the finish at all.
0	a chiller resolutely without chills.
0	Most fish stories are a little strange, but this one has to be thrown into the river.
0	There's the plot, and an insistent and repetitive piano score that made me want to scream.
0	His bad generics have no plot (other than their funny accents) and the action scenes are poorly delivered.
0	too slow for a younger crowd, too shallow for an older one.
0	degenerates into pork washing.
0	You don't need a rocket scientist to understand that it's a Mormon family movie, and a sapper, preaching to it.
1	overcomes its visual hindrance with a sharp script and strong performance.
0	for a movie that is announced as a comedy, the sweet alabama home is not as funny as you hoped.
1	he puts washington, like an honest workman john q. archibald, on a pedestal, then continues to lift the pedestal higher.
0	Reggio and glass so rhapsodize cynicism, with languishing and repetitive slo-mo sequences, that the glass partition dirgelike becomes a fang-baring lullaby.
0	"a dreadful ""ace ventura"" that somehow manages to gather kevin pollak, former wrestling chyna and dolly party."
1	Not only is it a charming, funny and beautifully designed import, it uses very little dialogue, which makes it relatively effortless to read and follow the action at the same time.
1	much smarter than your average link.
1	will certainly be ranked as one of the smartest, most deceptive and fun comedies of the year.
1	very fun, not the usual road in a thriller, and the performances are strange and pricked and sometimes both.
0	as lively an account as seinfeld is empty.
0	Everything that was right on the blade is wrong in its sequel.
1	A sporting drama, a formula that carries a load of real excitement.
1	Argento, at only 26, brings a youth, towards the change-the-world aggressiveness to the project, as if it has cut an open vein and bleeded the stock of raw films.
0	subsidy is not cary and bulbock is not katherine.
0	a film you're watching, rather than one you're entering.
0	It became clear that the best years of franchise have passed for a long time.
1	Rifkin's references are... impeccable on the whole.
0	Almost all the fundamentals you consider acquired in most films are poorly managed here.
0	It is a monumental achievement in virtually every aspect of the production of inept films: joyless, idiotic, boring, heavy hands, visually atrocious, and often totally creepy.
1	It is difficult not to be particularly grateful for freedom after a film like this.
1	Scherfigig, the writer-director, made a film so desperately hope that it really makes the heart fly away.
0	horribly amateur filming that is clearly dull and visually ugly when it is not incomprehensible.
0	like a special after school with costumes by gianni versace, crazy love seems better than it feels.
0	This pathetic shit is barely an hour long.
1	features Fincher's characteristic visual style and an almost palpable sense of intensity.
0	Friday after next is the kind of film that could only be made by African-Americans because of its wide racial insensitivity to African-Americans.
1	the absurdity of * corpus and its friendly jerking and remodeling of physical time and space would make it a large piece to look at with children and to use to introduce video as art.
1	Fantastic casting and solid execution give the three stories life.
0	Hanukkah spirit seems fried in pork.
1	A truly wonderful tale combined with a superb animation.
1	a captivating portrait of a man whose engaging manner and flamboyant style have made him a truly greater character than life.
1	Parents can even find that he's passing fast, because he has some of the funniest jokes of any movie this year, including those for adults.
0	Girlfriends are bad, women are worse and babies are the kiss of death in this bitter Italian comedy.
1	Upsetting and stimulating thought, the film has a strange purity that does not bring you into the characters as much as it has you to study them.
0	Self-flagellation is more depressing than entertaining.
0	devoid of all the qualities that made the first film so special.
1	This rare film that works on any number of levels - - like a magic and fantasy movie for children, a sincere romance for teenagers and a convincing argument about death, both pro and stupid, for adults.
0	The flash of Tykwer's surface is not only a bad fit with Kieslowski's lyrical pessimism; it completely contradicts all Kieslowski's work aspired to, including the state of art.
1	as an action-adventure, this space-based tribute to Robert luis stevenson to the treasure of the island's fires on all plasma ducts.
1	Aniston finally broke the picture with his friends in an independent film of satirical fire and emotional disorders.
1	When the film mixes cornpone and cosa nostra, it finds a nice rhythm.
0	... unlike the average streets of Scorsese, the ashes on Wednesday are essentially devoid of interesting characters or even of an intriguing plot halfway.
1	It is a lucid portrait of a time intensely lived, filled with nerve energy, moral ambiguity and great uncertainty.
0	One day, one may remember with affection the brief pretentious period of the Roman coppola before moving on to other films that tell a story worthy of interest.
1	We've seen all this before in one form or another, but the Hoffman director, with the great help of kevin kline, makes us take care of this last reincarnation of the world's greatest teacher.
0	the narrator and the other characters try to convince us that the action transfigures esther, but she's never seen talk on stage; we feel deceived, and esther seems to remain a dull unchanged.
1	Impressive work: ineffable, elusive, but inexplicably powerful
0	the kind of film that leaves vague impressions and an unpleasant aftertaste but little clear memory of its operating mechanics.
0	Without Shakespeare's eloquent language, the update is lamentable and slow.
0	The only surprise is that heavyweight silver joel and robert zemeckis agreed to produce this; I guess the director has pictures of them cavorting in ladies' underwear.
0	thanks in large part to the williams, all interesting developments are processed in 60 minutes - - the rest is just a waste of overexposed film.
0	I'm sorry to say that this should seal the deal - Arnold is not, and he won't, back.
0	boasts an attractive artistic direction, but has a strong eccentric tone that quickly uses its limited welcome.
1	bold and beautifully made.
1	, but as in the 1920s, the journey is a lot of fun.
0	A terrible film that some people will still find moving.
0	Long before it's over, you'll think of 51 ways to leave this loser.
0	Angst's sinister tale of the middle class
0	The master of disguise represents Adam Sandler's last attempt to bring down the universe.
1	It is certainly an improvement on the first blade, because it does not take itself seriously so deadly.
0	lucas has in fact been closer than anyone could want to the cheap, without grace, series of hackneyed science-fiction of'30 and'40s.
1	the concert sequence is moving, the recording sessions are intriguing, and - on the way to hitting a blow for artistic integrity - this quality group can pick up new admirers.
0	What should have been a hollywood satire cut is rather as fresh as the question of last week's variety.
0	a fragile frame on which to hang broad and slightly fleshy characters who seem to have been conjured only 10 minutes before shooting.
0	Something was lost in the translation... another Hollywood frayfest routine in which the italic loose execution the absurdity of the premise.
0	Unfortunately the story and the actors are served with a hack script.
0	The narration of bare bones is more like a pattern for an operating image of the 1970s than for the finished product.
0	...the efforts of his star, Kline, to lend a certain dignity to a stupid story are for nothing.
0	an unequal look in a dark future that does not approach the level of intelligence and visual splendor that can be seen in other films based on philip k. dick stories.
1	Even digressions are funny.
1	do not expect major discoveries, nor elegant dizziness, but the film sits with a square conviction and touching common sense on the experience of its women.
0	It is just as obvious to say to a Skunk country that it has a severe body smell, to say that this fuzzy vehicle is totally delusional and without incident.
1	star / producer salma haenek and director Julie taymor infused frida with a unique visual style and inherent in the paintings of the character holder and in the process created a masterful work of art of their own.
1	not judging this one too early - it's a dark story, gritty, but it takes off in totally unexpected directions and continues to go.
1	this seductive tea of a thriller gets the work done.
1	What is surprising about this traditional thriller, moderately successful but not completely satisfying, is exactly how genteel and unsurprisingly the execution turns out to be.
1	one of the best films of the year, presenting a performance worthy of the Oscar of Julianne Moore.
1	"(the flysticks) provides a window in a subculture in hell-bent on expressing itself in all imaginable ways."""
0	a culture confrontation comedy only half as intelligent as he thinks he is.
0	If you're curious to see the darker side of what's going on with young TV actors (dawson leery did what?!?), or to see some interesting narrative devices, you might want to check, but there's nothing very attractive in this movie.
1	It has a caffeinated, slippery, sparkling shine with ideas that you wish had been developed with more care, but driven by an energy that puts the dudly efforts of grade-grubbers more disciplined to shame.
1	effective in all its aspects, margarita happy hour represents a good feature debut for chaiken.
1	takashi miike continues to push the envelope: ichi the killer
0	the great pity is that the officials did not cut their losses - and ours - and to re-title him the adventures of direct-to-video nash, and send him to his own house.
1	the credit manager ramsay to take the story sometimes unlikely and make it realistic.
0	director douglas mcgrath takes on Nickleby with all the half-heart zeal of an 8th-year-old boy plunged into the required reading.
0	the modern remake of the dumas history is long on the narrative and (too) short on the action.
1	It could have been more crispy and punched, but it's likely that audiences who like movies that require four hankies would like it.
1	seems based on ugly ideas instead of ugly behavior, as happiness was... so, narrative is much more attractive.
0	work that lacks both a goal and a strong pulse.
0	This movie the biggest problem?
0	Enough is not a bad movie, just mediocre.
1	provides about equal amounts of fine movement and internal information.
1	If you're in the splash movies, then you'll probably have a pretty good time with the salt sea.
1	Compared to his series of spectacular belly flops both on and off the screen, runteldat is something of a triumph.
1	at its best, which often happens, the bowling of michael moore for columbine revives the muckraking spirit, the search for the soul of the `we are a sick society? '
0	Would that greengrass had gone a little less for grain and much more for intelligibility.
1	"Like the English patient and the unbearable lightness of being, the hours are one of those novels known as "" non-filmable "" that have tainted the chances of emerging as an exquisite film in its own right."
0	Hey, everybody, you want to watch a movie in which a guy dressed like a children's party clown gets violently raped?
0	as an entertainment destination for the general public, kung pow sets a new reference for lameness.
1	imax screen improves the personal touch of manual animation.
1	...weeping fun and deliciously exploitative.
0	deuces wild is an encyclopedia of clichés that shamelessly steals farewell movies to innocence like vagrants and a story of bronx without infringing any of their intelligences.
0	The problem with movies about angels is that they tend to slide into the hokum.
0	a sometimes interesting but above all repetitive look on a slice of counterculture that could be better forgotten.
0	feels less like a change in personal policy (herzog's) than a half-heart freaking.
1	enormously entertaining from beginning to end, with a fall of grace that still leaves the shock waves, it will gratify anyone who has ever suspected Hollywood to be invaded by corrupt and hedonist braids.
1	The film offers an intriguing premise what-if.
0	Suffice to say, except: film overboard!
1	A very entertaining little film.
0	"Watching ""end"" is too often like looking at outdated clothes and plastic panties at your neighbor's garage sale."
1	""" To store on silver bullets for the intense merchandise train of the director neil marshall of a film ""."
0	Badly considered, ungodly hokum.
1	It allows its members to make creative contributions to history and dialogue.
1	A passionately curious film determined to discover the truth and, hopefully, to inspire action.
0	plodding, peevish and gimmicky.
1	p. t. anderson understands the greatness of romance and how love is the great equalizer who can calm us from our daily evils and bring out joys in our lives that we have never known were possible.
1	an encouraging effort by mccrudden
1	Overall, brown sugar is a satisfying and well-made romantic comedy that is both charming and well-played.
1	A charmer of the belgium.
1	garcia and other actors help to make the agitated premise work.
1	schnitzler does a beautiful work contrasting the softness of the present of the film with the playful paranoia of the past of the film. '
0	The spectators of Barney's surprisingly self-indulging show will not see anything like sitting there.
1	I had a dream that a smart comedy would come to save me from a summer of codswallop in the teens, in the bathroom, and his name was serious.
1	Although it goes further than the two, anyone who has seen hunger or cat people will find little new here, but a tasty performance of vincent gallo raises this story of cannibal covetousness above the ordinary.
1	If ``lilo & suture' is not the bulkiest piece of distney animation to hit the silver screen, then this first film to use a watercolor background for ``stubo'' is certainly ranked as the most original of years.
0	what finally makes windbreaks a disappointment is the superficial way he deals with his history.
0	any long film, city by the sea oscillates from one approach to another, but at the end, it remains in formula - - which is a waste of niro, mcdormand and other good actors in the distribution.
1	Well molded and well directed - a powerful drama with enough sardonic spirit to prevent it from being Maudlin.
1	a wildly erratic drama with sequences that make you win in embarrassment and others, thanks to the actors, who are quite touching.
0	The only young people who could benefit from it are the infants... who could be distracted by the rapid movements and sounds of the film.
1	a captivating new movie.
0	What could have emerged as a hilarious madness in the hands of Woody allen or mel brooks (at least during their 70s heyday) presents itself as lame and sophomorous in this first independent feature film.
1	simply and eloquently articulates the tangled feelings of new particular yorks deeply affected by an unprecedented tragedy.
0	It's not interesting.
1	Not to mention quite refreshed.
0	and it's not so funny - which is just usually insulting.
0	Richard Pryor mined his personal horrors and came with a treasure chest of material, but the law gives us most of the madman's gold.
0	No, thank you.
1	how good this movie could be, depends whether you think the shocking conclusion is too much of a dive or not.
0	for dance completists only.
1	It's hard to watch, but it's a fantastic movie.
0	The main characters are simply named husband, wife and kidnapper, highlighting the disappointingly generic nature of the entire effort.
0	the good girl is a film in which talent is undeniable but the results are underestimated.
1	A look reigns of fire with admiration.
1	arteta paints an image of lives lived in a state of tranquil despair.
0	A fierce attempt at change of expression could very well lead him to get away with it this year.
1	George clooney, in his first management effort, presents this completely ridiculous dog story as one of the most creative, energetic and original comedies to hit the screen in the years.
0	does not have the inspiration of the original and has an inflated plot that extends for about ten minutes beyond the interest of a child and the patience of an adult.
1	What is surprising is how good it is at a time when computer-generated images are the norm.
0	The film can depress you on life itself.
1	time out is an existential drama without any of the claims associated with the term.
1	It is a fun adventure film for children (of all ages) who love adventure.
1	All right, so it's not a brilliant piece of cinema, but it's a funny comedy (sometimes hilarious) with a derisory sense of humor about itself, a playful spirit and a cast game.
0	Although the suite has all the external elements of the original, the beautiful flaquidity of the first film is gone, replaced by the forced funny found in the most dull kiddie films.
0	There is no palpable chemistry between lopez and male lead ralph fiennes, the more the writing by the young working girl scribe kevin wade is working as in the extreme.
0	In the background, I realized the harsh reality of my situation: I would leave the theatre with an i lower q. than when I entered.
0	the most exhausting 86 minutes we could spend this summer that do not involve a dental exercise.
0	I have had more interesting bowel movements - and, I dare say, thematically complex - than this long-on-the-shelf, point-and-shoot exercise in the gimmicky crime drama.
1	Tragedies like this make him human.
1	funny in a sick person, kind of twisted in a way.
1	Unexpected moments of authentically impulsive humour are the mark of this sweet bitter film, rarely sincere that depicts the frank humanity of... emotional recovery.
0	The function of buying Chan's films has always been action, but the stunts in the tuxedo seem tired and, which is worse, routine.
0	It's wrapped in a shabby script that stacks layer on layer of action man cliché at the top wooden dialogue and a changing tone that falls well below the particularly moral amorality of ( woo's) best work.
1	To call it a possible classic cult would be a euphemism, and woe is the fan of horror who chooses to ignore this endearing and well bequeathed gorefest.
1	the production was made with a huge amount of affection, so we believe that these characters love each other.
1	a sober and powerful documentary about the most serious type of personal loss: rejection by his mother.
0	Some as it warms on hardwood once again proves that a man in the trail is not in and of himself funny.
1	Everyone loves a story of david and goliath, and this one is told almost entirely from the point of view of david.
0	It's hard to believe that something so short could be so fabulous.
1	a family film that contains a large thematic material on time, death, eternity, and what is necessary to live a rich and full life.
0	(l) both and unnecessary.
0	bears about as much resemblance to the experiences of most battered women as the spider-man does to the experiences of most teenagers.
0	The piano teacher, like his character title, is unbearably out of control.
1	for every ringuard scene, however, there is a little really cool - - the design of the film of a future-world holographic librarian (orlando Jones ) who knows everything and answers all the questions, is visually intelligent, skillfully written, and pleasantly realized.
0	cal is an unpleasantly shallow and immature character with which to spend 110 minutes claustrophobes.
0	a slightly entertaining, harmless piece that drifts without a goal for 90 minutes before settling in the cracks of this growing category: ridding but immeasurable.
0	I don't know what half a dragonfly is worse: the part where nothing happens, or the part where something happens, but it's stupid.
0	Strange.
1	A man who left the screening said the movie was better than saving private Ryan.
0	the sum of all fears is remarkably blurred about the motives and context, which exhausts the dramatic substance that would shake us in our boots (or cinema seats).
0	It is hard to believe that these jokers are supposed to have fired four similar kidnappings before.
0	Histrionic muse still escapes madonna and, playing a witch without charm, she is simply a witch without charm.
0	Otherwise, it could be a fair date movie.
1	It's something of the ultimate movie scorsese, with all the stomach-turning violence, colorful new lore gang york and other features of his personal cinema painted on their greatest historical canvas.
0	direction and history are disjointed, defects which must be laid squarely on the taylor step.
0	It is enough to say that his total promise remains a little unfinished.
1	the ingenuity that parker displays while refreshing the room is almost in a class with that of wild itself.
0	the film is not as terrible as the synergistic impulse that created it.
1	The three actresses are simply dazzling, particularly bald, which was finally given a part worthy of his considerable talents.
1	Like the best 60 minutes on display, the film (80 minutes) is actually quite entertaining.
0	His premise is smart, but the execution is quite tired.
1	It has a way of infiltrating your consciousness, with persistent questions about what the movie really is getting.
0	memorable for a particular malaise that makes its tension flaccid and, by extension, its lame surprises and ritual resolutions.
1	the power of the ghetto shanghai, a documentary by Dana Janklowicz-mann and Amirmann, rests in the voices of men and women, now in their 1970s, who lived there in the 1940s.
0	completely creatively stillborn and executed in a way I'm not sure could be a single worse iota... a soulless piece of mining waste.
1	fans of reviews'group dear wilco will marvel at the occasionally troubled, always the inclining aspect of I try to break your heart.
1	cho continues its exploration of the outer limits of the raunch with a considerable brio.
0	with mcconaughey in an entirely irony-free area and the ball reduced mainly to beat its sensitive eyelids, there is not enough intelligence, mind or innovation on the screen to attract and support an older crowd.
1	And there's the inimitable diaz, holding everything together.
1	This one is not almost as terrible as expected.
1	Parris'performance is credible and remarkably mature.
1	Every once in a while, a movie will come along that turns me into this boring specimen of humanity that I usually dread to meet the most - the fanboy
0	Or, perhaps, `‘ how will you feel after a 88 - minute rock tear with action confined to firing a firearm and random shaking of glass?''
1	It's a powerful but defective film, guaranteed to put a mass in your throat while reaffirming Washington as the best possible actor working in movies today.
0	The castle... is less concerned with cultural and political issues than with its eccentric characters.
1	Even though it pays a vibrant tribute to turners and jugglers, former students and current innovators, the scratch is very fun, full of the kind of energy it documents.
0	hip-hop jail thriller of astounding absurdity.
0	a sustained celebration of self-congratulation between the actor and the director that leaves little room for the spectator.
0	Roman Polanski leads the pianist as a surgeon repairs a broken heart; very meticulously but without any passion.
1	his spirit of iconoclastic abandonment - - however canned - - - makes the viewing unexpectedly giddy.
0	as original and insightful as last week's episode from behind the music.
0	If the party in the hard nail rods - boiled Hollywood slang with a terribly nasty precision, much on the film, including part of its casting, is frustratingly unconvincing.
0	""" synthetic "" is the best description of this well-intentioned film, beautifully produced that sacrifices its promise for a high-power pedigree star."
0	Kapur's contradictory feelings about his material result in a film that works against himself.
1	a fascinating story of musical passion against government challenges.
1	He has a fiery and resourceful hero; a naughty reptilian; great fights; big hair; sumptuous period landscape; and a story just complicated enough to let you rest in your own intelligence as you see it.
1	It's one of those rare docs who paints a great image of an era and makes the trip feel like a party.
0	American and European cinema have amassed a vast holocaust literature, but it is impossible to think of any film that is more difficult or depressing than the grey zone.
1	- I also wanted a little alien as a friend!
0	Because the intelligence level of the characters must be low, very low, very low, for the masquerade to work, the film does not contain spirit, only labored gags.
1	A nice paean to a time spent.
0	as a medium level network sitcom - - most of the time harmless, comfortably fun, but finally so heavy that a decent project in the auditorium could explode it from the screen.
1	fast and funny, a cartoon that is suspensive enough for older children but not too scary for the school age crowd.
0	blue crush has all the pitfalls of an energetic adventure, extreme sports, but ends more than a creaky `` pretty woman'retread, with the emphasis on self-powering schmaltz and the high-wave surfing that gives its title a pic a posteriori reflection.
0	The film is too square amateur to make the most of its own ironic implications.
1	... digs beyond the usual representations of good children and bad seeds to reveal a more ambivalent set of characters and motivations.
0	for those for whom the name Woody allen was once a guarantee of something fresh, sometimes funny, and generally really valid, fine Hollywood is a depressing experience
0	none of the characters or conspiracy lines are sufficiently satisfied to create any interest.
0	The only scary thing about feardotcom is that filmmakers and studios are brazen enough to try to pass this stinking movie like a scary one.
1	a moving and rarely breathtaking film.
0	starts mediocre, spiral down, and tuds at the bottom of the pool with a totally incompetent conclusion.
1	about the best thing you could say about Narc is that it's a rock-solid image.
0	We don't care too much about this love thing.
1	I haven't laughed so loud in years!
1	an honest story, sensitive from a Vietnamese point of view.
0	demme gets a lot of flavor and spices in its charade remake, but it does not disguise itself that it is planting remains that are not so substantial or fresh.
0	the April 2002 tranche of the American War for Independence, completes with loads of cgi and bushels of violence, but not a drop of human blood.
