0	tapi rasanya ya lumayanlah walau pun masih di batas standar dan memang di daerah situ ya ini yang paling enak wajar selalu ramai .
0	saat jenuh dengan oleh oleh khas bandung yang sudah ada , maka roti bakar tunggal bisa menjadi pilihan . saya sering beli roti marie yang dibakar dengan rasa yang yuummy , juga roti bakar dengan rasa keju atau coklat nya . biasanya saya beli di counter roti bakar tunggal di paskal hyper square . harga nya memang agak mahal , tapi saya rasa hampir sama dengan makanan oleh-oleh . jadi ya tidak bisa juga dibilang mahal . dan toh rasanya enak .
1	pak sandiaga s . uno . kami dari majelis taklim irta ikatan remaja tekukur dan sekitar nya ingin mengundang hadir dalam peringatan maulid 9 februari 2018 pukul 19.30 wib . proses mengundang seperti apa . mohon jawaban .
2	orang tidak punya agama dan saling bersetubuh dengan keluarga nya sendiri , macam keturunan nias ! najis kalian gayo anjing .
0	ke sini hanya untuk sarapan saja . kebetulan menginap di hote puri tomat , dan sarapan pagi nya diberikan di resto ini yang ternyata merupakan bagian dari hotel tersebut . sarapan yang diberikan nasi goreng dengan telur ceplok dan tes manis dengan gelas biasa . sudah , hanya itu saja . tak ada pilihan atau tambahan untuk menu yang sama apalagi berbeda .
0	deliciosoo ! saya pesan okonomiyaki dan es jelas nya . senang rasanya menemukan makanan enak dan murah . untuk lokasi nya sendiri cukup strategis karena dekat sekali dengan paris van java , tempat nya pun cukup luas dan adem . menu-menu di sini kebanyakan japanese makanan . pokok nya kalau ke bandung harus cobain ya ke kedai ling-ling !:
0	idola saya tetap say karena belum pernah saya temui pemimpin sebaik beliau walau institusi nya bermoto bersama rakyat .
2	restoran berkonsep kafe yang menjual layanan dan pemandangan di bandung utara , memiliki konsep yang relatif sama dengan resto yang lain di kawasan ini , membuat resto ini kurang istimewa tetapi terlalu baik untuk dikatakan buruk karena sebetulnya layanan , masakan dan minuman nya cukup baik . hanya tipikal saja .
0	saya suka steak . steak di sini olahan nya tepat . penyajian pun classic . sayuran serta kentang bakar . merek lama yang masih eksis sampai sekarang . entrecote paris nya sangat direkomendasikan . tentu saya menyukai nya medium rare . biar daging lebih juicy dan tidak kering . tempat nya sih biasa saja , rumah tua arsitektur belanda . pelayanan rapi dan harga nya sesuai untuk steak .
0	pelayanan cukup ramah bersahabat , dengan space yang bersih dan cukup luas . penyajian pesanan cukup cepat . steak - nya kurang bumbu agar rasanya tidak terlalu plain , rasa masih bisa diperbaiki lagi , dibandingkan dengan holycow lain misalnya di bali , rasanya sangat berbeda , di bali lebih enak . memang harus segera diperbaiki , tidak ada aroma butter di daging nya .
0	restoran mewah dengan nuansa elegant , pemandangan juga sangatlah indah dan keren , memang rata harga cukup mahal tapi terbayarkan karena makanan nya enak dan pelayanan yang diberikan juga baik , lokasi terletak paling atas
2	barang baru seminggu tapi tiba mati dan sudah di ajukan garansi tapi sudah 1 bulan lebih tidak ada info perkembangan progres sedikitpun mohon mengikuti naik
1	alasan kuat kapolresta bekasi ngotot tidak mau lepaskan laskar fpi yang sweeping dan persekusi
2	apa pun berita yang mendiskreditkan pasangan asa jangan ditanggapi . yang penting wahai warga jakarta , pilih pemimpin muslim dan orang pribumi . jangan pilih ahok cecunguk bosok .
0	ingin merasakan sensasi makan malam di atas bukit dengan pemandangan kota bandung yang gemerlap layaknya barisan bintang ? the peak jawaban nya . resto mewah yang di konsep sangat eleghan ini cocok untuk makan malam romantis bagi pasangan , tetapi bisa juga untuk bersantai bersama sahabat atau keluarga . sayang nya makanan di resto ini tidak cukup beragam , dan memiliki rute harga yang tinggi namun terbayar dengan kualitas .
0	red velvet lava nya mantap . meleleh manis panas dan dingin dari es krim nya . yumiiiii harus dicoba . lagi dan lagi .
1	gladi bersih risma at taqwa untuk maulid esok 29 desember malam ba da isya
1	belum mantap dengan golkar , demokrat penjajakan ke pkb di pilgub jabar
1	pemerintah rogoh rp 97,6 triliun untuk bayar tagihan subsidi ke pertamina dan pln
0	tempat makan yang berbeda dengan makanan yang biasa ditemui di daerah lembang . setelah beberapa hari makan ala sunda , makan di tempat ini sangat menyegarkan . apalagi di malam hari saat kabut mulai turun dan dingin mengelilingi lembang . makan sup asparagus merupakan pilihan yang tepat . porsi besar . karena hanya 2 orang dewasa dan 2 orang anak kecil , pemilik menyarankan pesan setengah porsi .
0	konsep rumah makan yang unik . bukan hanya tempat nya yang bagus , menu masakan dan rasa masakan nya juga ciamik . beragam menu rumahan tersedia di sini . minuman nya juga enak enak . untuk kongkow juga asyik , dengan beragam cemilan dan kue . tempat nya luas dan bersih , layanan nya juga ramah , walau persiapan beberapa masakan agak lama . pokok nya one stop culinery .
0	untuk warga bandung yang senang menikmati kuliner bandung , pasti nya tahu restoran satu ini . sejak saya kecil orang tua saya kerap membawa saya untuk menikmati sate yang satu ini . ukuran nya yang cukup besar serta bumbu kacang nya yang khas selalu memaksa saya untuk kembali lagi ke restoran ini . bagi anda yang belum pernah mencoba nya , saya sangat merekomendasikan restoran ini !
2	malu - maluin nih oknum yang tidak bertanggung jawab .
1	karena kultur pks yang segala sesuatu nya harus melalui musyawarah internal dulu , keputusan internal belum ada untuk mengusung siapapun , baru wacana , jika ada , baru disodorkan kontrak politik .
0	saya dan keluarga sudah beberapa kali ke sana , biasa saya ke sana sore sambil makan di out door semilir angin sambil menunggu sunset pemandangan yang bagus dan malam nya melihat lampu lampu di kota bandung dari ketinggian lantai 18 . anak anak suka sekali foto di lantai kaca . interior mewah , meja dan kursi atau sofa yang nyaman , pelayanan nya pun baik dan cekatan .
0	dengan tanpa rencana sebelumnya kami memutuskan untuk makan di tempat yang alami dan menyenangkan dan langsung teringat dengan tempat ini . meskipun harus melewati jalanan yang cukup padat karena musim liburan . sampai di tujuan disambut dengan keramahan para penjaga di gerbang . karena musim liburan dan sangat padat pengunjung jadi harus reserve tempat dan daftar tunggu sampai puluhan keluarga .
2	bapak ini ngomong nya tidak masuk akal ! orang diculik kok malah sayang sama penculik nya . teori dari mana itu ?
2	kenapa roti nya saya robek-robek ? karena keras banget . hotel bintang 4 tapi fasilitas pelayanan nya mengecewakan
2	wow kalau bisa jangan jadi presiden ri . bisa-bisa negara ini hancur gara-gara kau .
0	suasana restoran sangat nyaman dan bagus , makanan juga lengkap tersedia mulai dari camilan hingga makan besar . sayang tempat ini cepat sekali kehabisan makanan saat malam
2	orang nya judes banget sumpah makanan nya juga tidak enak parah sih seperti makan mantan
0	di sini jual macam-macam kue basah . kalau aku paling sering beli klepon dan risoles smoked beef nya . enak deh .
0	saya sangat menyukai resto ini karena makanan yang enak dan harga nya tidak terlalu mahal . banyak menjual jenis makanan tempo dulu .
0	termasuk salah satu restoran lengkap yang ada di bandung . ada seafood , ada indonesian . minuman nya banyak yang menggunakan gelas besar
0	inovasi
0	baru pertama kali ke suis butcher atas rekomendasi teman yang asli bandung . kata nya sudah sejak dia kecil sudah ada . tempat nya sih memang sudah agak kuno interior nya . untuk steak menurut saya enak . saus nya cenderung biasa tidak ada speciality nya . kemarin mau coba tenderloin lagi kosong . akhirnya memesan sirloin parmegio . secara keseluruhan baik 7,5 lah . minum jus avocado mmm enak
0	tiap ke bandung selalu makan di sana , cuma pas ke sana selalu penuh , selalu menunggu bangku kosong , untuk makanan enak grade 8 / 10 , setiap kemari makan bakso tahu mi yamin , referensi deh untuk kedua makanan ini , kata keluarga yang makan babat putih top juga , untuk harga relatif cukup mahal , kalau traveler ke bandung coba deh makan di sini , terima kasih
0	makan di sini enak nya saat malam hari . saat udara dingin sambil memandang pemandangan kota bandung . makan zupa soup adalah saat yang nikmat . harga makanan di sini termasuk mahal . atmosfir restoran yang mantap . apalagi di luar pemandangan nya
0	salah satu kuliner yang wajib dicicipi kalau kamu mengunjungi kota kembang ini . brownies amanda ini sudah sangat terkenal , bisa disebut brownies legenda . brownies panggang nya enak enak , manis nya pas . banyak varian rasa yang bia dipilih . ke bandung ? wajib beli ini .
0	kedai mi tarik ini berada di lantai foodcourt istana plaza bandung . yang bikin menarik pertama adalah mie nya dibuat sendiri oleh mereka tepat setelah kita memesan . mereka akan membuat mie secara langsung dari adonan tepung yang telah mereka siapkan sebelumnya dan lalu menggebrak meja dalam proses pembuatan mi nya . hal ini yang juga menarik saya , karena suara gebrakan meja nya . __laugh__ ada . lanjutan
0	kalau bicara masakan sunda , rumah makan ini salah satu yang bisa bicara banyak , terutama dari rasa sambal dadak , ayam pop , dan ikan balita goreng kering nya . a harus dicoba sundanese restoran .
2	kasihan monyet nya , disamakan dengan presiden .
1	cucok nih de-de double deh ; .. golkar demokrat pdip nasdem hanura pkb ppp berkumpul maling . gede vs sudrajatasyik . clappinghands clappinghands clappinghands
0	tempat nya nyaman , ruangan nya besar , menu nya cukup variatif , dapat gratis kerupuk selagi menunggu pesanan
0	saya paling suka ayam ungkep gurame kuah merah nya rasanya segar , karedok nya juga enak . suasana restoran bikin nyaman
1	tni ad kasad resmikan monumen tilongolo nani wartabone
2	ingin marah banget gua sama indosat
2	tidak bermaksud menjelekkan suatu pihak tetapi memang pelayanan maskapai ini jelek sekali sih .
0	rasanya sudah lebih dari lima kali kami berkunjung ke nasi bancakan . setiap kami berkunjung rasanya tidak pernah mengecewakan . menu sangat bervariasi dengan harga yang sangat terjangkau . peralatan makan nya masih menggunakan piring kaleng dan gelas kaleng seperti masa lalu . semua menu makanan nya enak . minuman favorit adalah es goyobod dan kudapan favorit adalah kue balok
2	iklan indosat ini bikin marah
0	akses menuju dusun bambu bisa ditempuh melalui lembang ataupun melalui cimahi . perjalanan dari pasteur melalui cimahi menuju ke sana kira-kira memakan waktu 1 - 2 jam menggunakan mobil pribadi . berkunjung ke dusun bambu diusahakan saat petang hari karena kita dapat melihat jelas pemandangan yang ada dan waktu yang pas untuk makan malam .
0	tempat nya sejuk , masih hijau banget , buat yang jenuh sama suasana jakarta datang ke sini sih cocok banget , apalagi naik perahu nya , ya agak mahal sih memang perahu nya tapi buat hasil foto bagus banget , juara deh bandung
0	dari jalan ciumbuleuit melewati kampus unpar , di sebelah kanan jalan ada penunjuk arah ke tempat ini . parkiran cukup luas dan gedung nya cantik . ada halaman rumput yang bisa dipakai resepsi pernikahan semi di luar . saat ke sana pelayanan nya lama , makanan yang disajikan tidak memuaskan .
0	malam minggu jam 9an kebetulan ingin cari makanan penutup di bandung . karena bingung mencari di mana , alhasil pergi ke pasal makanan , karena di sana makanan apa saja ada . konsep nya seperti kafetaria tapi open air . dari makanan ringan hingga makanan berat , kue , jajanan pasar , wedang ronde , bandrek , dan sebagai nya . harga tidak terlalu mahal dan cukup terjangkau . semuanya self service . tempat nya luas .
2	tidak asik makan di sini . wifi lemah otak . makanan juga biasa banget . harga mahal .
2	habib rizieq pengecut sekali .
0	tempat nya nyaman karena jarak dari satu meja ke meja lainnya cukup berjarak . makanan nya pun enak terutama menu paket kepiting nya . saus nya cukup pedas tetapi tetap enak untuk terus disantap apalagi dengan nasi atau roti yang disajikan bersama dalam menu nya . pesanlah nasi atau roti nya tambahan karena menurut saya kurang banyak dibanding dengan kepiting nya dan lauk lainnya yang banyak .
2	cesar komedian yang tidak ada otak nya , benyamin itu legenda betawi enggak kayak lo komedian kampungan , tolol , bocah , agak idiot kalau melawak
0	resto makanan barat dengan harga kaki lima , ditambah pemandangan alam yang indah , suasana yang romantis , asal jangan hujan , karena di teras dibiarkan terbuka . resto favorit keluarga saya .
0	rasa roti nya enak . variasi roti dan cemilan yang dijual banyak . harga standar . paling suka sama roti tawar nya . suka .
0	tempat untuk bersantap yang nyaman dengan kolam ikan yang menjadi centerpoint , menu sangat beragam namun rasa biasa saja . harga terjangkau .
2	kalau kuota saya besok tidak balik , saya mau marah-marah ke indosat
0	kuah bakso nya terlalu asin menurut saya . masih enakan yang dijual keliling di malang . tapi tempat nya bagus buat menjamu teman . ada di banyak lokasi dan selalu ramai . selain bakso juga menyediakan capcay , nasi goreng dan lain-lain yang menurut saya justru lebih enak .
0	menu dan harga yang ditawarkan sama saja dengan sapu lidi , cuma tempat nya lebih luas . kebetulan kami hanya memesan nasi goreng , sop buntut , cappucino dan jus stroberi . semuanya enak . :
2	memang babi anjinglah orang-orang sarawak bangkai .
2	tidak untung saya ikut romobongan untuk pergi ke bali sangat membosankan
0	kami ke sana jam 8 malam pada hari kamis malam dan restoran penuh sekali sehingga pelayanan kurang memuaskan . lama dan terkesan terburu buru . pro : 1 . lighting untuk restoran ini bagus . bagus untuk di photo 2 . harga tidak begitu mahal . ada makanan utama dengan harga ide 40.000 dan pasta seharga ide 50 ribu an . steak tentu saja lebih mahal cons : 1 .
1	makin terang , arah dukungan pdip ke ben brahim - nafiah - kalamanthana
1	sandiaga uno : penarikan raperda reklamasi membuat kepastian usaha
2	pemikiran sempit tapi sok benar kesal banget aku
0	parkiran cukup luas dengan tambahan parkir di pinggir jalan yang terkoordinasi dengan baik . ruang restoran cukup luas dan nyaman , dan makanan nya : memuaskan ! ikan nya ada pilihan berup ikan hidup atau ikan segar yang disimpan di dalam peti es . menu kepiting meskipun saya tidak makan kepiting karena alasan agama , tapi kebetulan tiap ke sini , anggota tema selalu memesan kepiting nya sangat menggugah selera .
2	saya kesal sejak februari ditelpon tiap hari di telpon dari mnc tv . saya tidak pernah langganan , saya puluhan kali klarifikasi .
0	yang saya ingat dari restoran ini adalah masakan nya enak . kepiting saus singapore nya enak sekali walau kepiting nya kecil pada saat kami ke sana kemarin . ikan bakar nya juga mantap ditambah kangkung cah hot plate . tempat nya cukup nyempil di jalan anggrek tapi ternyata cukup ramai . jika ingin merokok , anda dapat memilih tempat di daerah balkon atau teras tapi hati-hati banyak nyamuk . harga makan nya untuk udang atau kepiting .
0	bubur nya pas . tidak encer dan tidak terlalu kental . ayam nya banyak . rasanya pas . gurih dan legit untuk isi perut di pagi hari .
0	tidak perlu jauh-jauh dah buat rasakan kelezatan spageti italia perlu datang saja ke resto eatalia , kita semua bakal di jamu beragam menu masakan itali yang dijamin muantap dah . 4 jempol buat makanan di sini .
0	sesuai nama nya paskal food market , pusat kuliner ini terletak di daerah pasir kaliki , di sebelah dalam per square . lahan sangat luas , dapat menampung banyak pengunjung . meja dan kursi tertata rapi , ada air mancur , ada saung dan banyak lampion . pilihan makanan cukup banyak dan harga terjangkau . ada gado-gado , mi tak tek , mie kocok , pasta , soto sulung , nasi campur , dan otak-otak .
0	mi ceker nya komplet tapi lumayan pricey jus nya enak-enak blueberry dan stroberi leci enak banget banyak makanan-makanan ringan nya juga tempat std tidak ada tempat bermain buat anak-anak
0	salah satu bakpao yang enak , isi nya banyak dan kulit . ukuran nya cukup besar untuk pilihan bakpau spesial . siomay nya juga tidak kalah enak , namun harga nya memang cukup mahal untuk sebuah bakpao
0	dusun bambu merupakan tempat wisata terpadu dengan berbagai pilihan hiburan dan restoran yang sangat apik dan menarik . anda memiliki ribuan cara untuk menikmati hidangan yang disediakan di restoran-restoran ini . sepanjang saya menginap di sini pun saya tidak bisa merasakan semuanya .
0	sangat cocok buat rapat karena mereka memang menyediakan ruang-ruang buat pertemuan . makanan nya tidak terlalu mahal dan sangat lezat .
0	kfc ya kfc . dengan makanan ayam fried chicken yang khas . rasa yang stabil di semua cabang nya . pendapat saya pribadi ayam kfc adalah ayam fried chicken terenak di kelas nya . lokasi kfc pvj cukup strategis untuk nongkrong . dekat dengan starbucks , burger king , dan banyak penyewa bagus lainnya .
0	the restoran tempat yang pas buat romantis makan malam . makanan nya enak , pemandangan nya bagus , lagu yang mengalun juga easy listening dan yang pasti bagus services . terima kasih ms . tisna .
0	terkuat
2	anda terlalu sombong mengatakan pak jokowi tidak pernah jadi aktivis , apakah menjadi aktivis sesuatu yang hebat ? anda sendiri hanya jadi provokator dalam masalah ini , ini bukan perang dengan mahasiswa , ini perang nkri dengan paham terorisme , pengecut yang bersembunyi
0	saya datang semalam , 12 maret 2016 . pertama kalinya saya datang ke situ . dan tempat nya benar-benar keren . tidak salah deh kalau saya direkomendasikan banget lawang wangi sebagai salah satu destinasi yang wajib dikunjungi kalau ke bandung . dan yang tidak kalah penting nya nih . pelayanan nya oke banget . 2 jempol masih kurang deh untuk menejemen lawang wangi . ramah cepat dan sangat oke banget deh buat mereka semua .
0	terlihat dari luar sebuah coffeeshop baru berdiri di daerah dago . kopi di sini berganti ganti untuk bahan dasar espresso nya , namun saya sangat suka cappuchino di sini . kopi di sini cukup komplit untuk anda yang suka manual brewing tinggal memanggil barista nya katakan kopi yang ada inginkan seperti apa maka akan dibuatkan ditambah akan diceritakan bagaimana jenis kopi mereka yang digunakan .
1	otten ville terletak persis di sebelah kantor djarum bandung
2	trauma kena macet . gegara kemarin bandung - bekasi 10 jam
2	bodo amat mau marah sama indosat gangguan mulu sih ah
0	indonesia butuh perjuangan lebih dari 300 tahun untuk merdeka . perjuangan itu butuh konsistensi . dan jangan lupa . untuk membubarkan kalijodo perjuangan fpi didukung ahok .
0	selalu mampir ke padma resto setiap ke bandung baik bersama suami atau keluarga besar . pemandangan yang sangat indah bikin betah santai di resto . rasa makanan minuman juga enak . pelayan nya ramah . bikin selalu ingin datang kembali . kebetulan juga sering menginap di sini , hotel nya bersih dan pemandangan dari kamar hotel bagus .
0	sate maulana yusuf di daerah dago merupakan salah satu tempat favorit saya untuk menikmati makan malam di kota bandung . daging sate yang disajikan di sini selalu segar , ukuran sate nya juga besar , bumbu kacang nya gurih dan daging sate nya enak banget . adapun menu lainnya yang wajib dicoba adalah gulai kambing dan tahu aci .
0	hampir sering saya makan di cuanki serayu , saya suka sama batagor kering nya sama bakso nya enak . tiap makan di sini pasti menambah 2 kali hehehe . kalian yang datang ke bandung wajib mencoba
2	masyarakat sudah bosan dan muak dengar janji janji para calon presiden
1	dalam ajang piala dunia 2018 nanti , telkomsel mengambil bagian sebagai licensed mobile broadcaster dalam perhelatan sepak bola
2	sudah lama dibaned , kalau pakai telkom dan telkomsel , sedy ya : ... melete sih sudah dari 2012 wow
1	suka salah mau buka twitter tapi ke klik nya traveloka .
0	menurut saya makanan nya lumayan enak , waktu itu saya pesan tenderloin steak dengan tingkat kematangan medium , dan sesuai ekspektasi
2	aku benci dengan politisi yang cuma janji
2	saat pertama ke sana , meja-meja mulai usang dan juga menu makanan yang tidak begitu bervariatif . namun harga nya tidak bisa dibilang murah , karena seharusnya dengan harga-harga segitu bisa dapat yang lebih baik . terutama saat saya ke toilet , sangat kotor dan berbau tidak sedap :
0	ngobrol bakal nyaman banget karena suasana nya yang dapat menciptakan ketenangan walaupun ramai dengan orang lain .
2	makanan enak rasanya dan berbeda dengan konsep kafe lain . hanya saja , mereka menulis untuk sarapan also , tetapi ketika jam 8 atau 9 pagi saya ke sana , mereka masih tutup . saya sedih dan kecewa . tolong untuk management agar dipastikan jam sarapan itu jam berapa .
0	fuku ramen adalah tempat makan ramen yang nyaman dan nyaman . terletak di jalan pasir kaliki , tempat disamping restoran rijstaffel , tidak jauh dari stasiun bandung dan mal istana plaza . berada di kawasan jalan pasir kaliki , di banyak berdiri hotel-hotel . tempat nya tidak terlalu besar , begitu pula tempat parkir nya terbatas . di sini kita bisa menikmati ramen , makanan khas jepang yang menggoyang lidah .
0	suasana yang asri , nyaman , akan memanjakan mata anda saat bersantap di resto ini . dengan menu masakan sunda yang enak di atas rata-rata .
0	saya tidak pernah melewatkan tempat ini jika ke braga . meski agak repot untuk mencari parkir , namun sangat layak untuk didatangi . menu favorit : mi kepiting pontianak dan wedang uwuh . asli nya menu ini dari imogiri , bantul . wedang berwarna kemerahan dengan campuran jahe , kayu secang , daun salam dan rempah-rempah , sangat hangat .
0	searti selalu jadi pilihan makan siang kalau ke cipaganti , tempat nya kalem , pelayananan nya bagus , rasanya enak dan harga nya masih terjangkau .
2	aduh itu nanti bekas dari lampion-lampion muara nya ke mana kalau tidak kelaut , sedih amat sih bikin kotor saja , bagus nya juga cuma sebentar
0	ini tempat paling jago menyediakan semua jenis indomie dan roti bakar . favorit saya indomie goreng telur kornet keju .
0	nasi lengko nya enak , bakmoy nya mantap , lotek nya enak , selalu ramai dan penuh yang keren pemilik nya bisa menghitung cepat tanpa kalkulator . wow keren
2	mau marah-marah ke indosat rasanya .
0	restoran favorit yang patut dikunjungi para pecinta masakan rumah ala sunda , sistem self service dengan menu yang variatif mulai dari ikan daging sampai es teller . meja yang digunakan pun ala kadar nya sehingga pengunjung berasa makan di warung jadoel . harga yang terjangkau menjadi pilihan tepat untuk makan bersama keluarga atau rekan kerja .
0	bagi kalian yang sedang berlibur di bandung , batagor kingsley ini bisa jadi pilihan wisata kuliner . terletak di sekitar rumah sakit bungsu sejajar dengan prima rasa , tempat ini selalu ramai oleh pengunjung , terutama di saat liburan . pilihan menu nya bukan hanya batagor , ada bakso , bakso tahu , dll. satu porsi batagor harga nya 35 ribu . harga nya cukup mahal menurut saya . terlalu mahal bahkan .
0	nongkrong di sini setelah makan malam di restoran sebelah nya dan suami ingin minum kopi . tempat ini adalah tempat nongrong anak muda dengan menu murah dan suasana yang tinggi class . tempat ini menyiapkan ular tangga , monopoli , uno dan permainan foosbal bagi pengunjung nya . tampilan nya keren .
0	baru saja tak awal paket duet hemat , eh ternyata sekarang makin banyak varian paket nya buat teritung lebih hemat . yang aku kurang suka itu buat harga di minuman nya mahal banget , harus nya dibuat standar saja oh ya , kalau kita berkenan jawab survei secara online kita bisa dapat free garlic bread loch . gratis tidak sempat moto setelah sibuk jawab survei nya .
0	tempat ini banyak kenangan teman saya . tempat minum yang enak , ditemankan kacang dan kentang . nikmat dan bisa menghilangkan stres teman saya .
0	saya rasa sandi orang yang tepat untuk jadi wapres
2	rasis . tapi kenyataan kan ? jawab dong kalau memang kamu pintar . benar kan . coba sebutkan tokoh yang menginspirasi sunda ? dosen itb saja bukan dari sunda
2	saya kapok menggunakan jasa lion air
0	objek wisata yang sangat cantik serta luas dan banyak tempat untuk berfoto bersih sejuk dan nyaman dan tidak akan kelaparan karena ada tempat makan di sana kita bisa main di atas perahu di danau buatan yang di pinggir nya terdapat pedopo yang berbentuk rumah kecil ada pula tempat makan di jembatan gantung yang berhubungan dari pohon satu ke pohon yang lain .
2	transaksi senjata jerman dengan arab saudi dan uni emirat arab disebut tidak bertanggung jawab .
0	kita dapat memilih tempat di dalam atau di luar emperan , namun sayang toilet nya agak jauh . tempat nya bersih dan higienis
0	letak nya di daerah lembang bandung . makanan nya enak ditambah lokasi nya yang sejuk dan suasana hutan . pelayanan yang cekatan tidak perlu menunggu lama makan nya sudah siap
0	tempat makan ini ramai saat liburan . tempat nya bagus dengan pemandangan yang sangat indah untuk foto-foto . kekurangan nya : pada saat masuk dipungut tiket masuk , jika ingin makan di pinggir danau harus reservasi dulu sayang nya reservasi tidak bisa online , kupon yang ditukarkan tidak bisa diuangkan kembali , harga makanan nya lumayan mahal . tetapi secara keseluruhan baik lumayanlah karena lumayan banyak spot indah buat foto-foto . harga yang dikeluarkan sesuai dengan yang kita dapatkan .
2	orang nya gede , hitam , bulat seperti gorilla ? tapi suara nya celeng seperti kucing . sudah begitu ngomong mau hancurkan jokowi . dasar gondoruwo pakai lipstick lo
0	selain sambel nya khas banget rumah makan ini juga ayam nya luar bisa pas di lidah menu-menu lain yang di sajikan benar-benar mewakili makanan sunda banget . buat yang ingin makanan sunda enak dengan konsep modern sambal hejo natuna jawaba nya
0	suasana nya nyaman buat nongkrong dengan teman-teman apalagi tidak berisik dengan suara jalan raya . untuk bersantai dengan pasangan sih sepertinya kurang cocok . ini tempat cocok untuk gila-gilaan bareng teman apalagi ditambah ada fasilitas billiard . billiard di koffietijd ini cocok buat para amatir yang ingin belajar main billiard nih teman-teman tapi ada biaya tambahan sekitar rp . 40.000 / jam . setimpal sih .
0	terima kasih pak jokowi atas bantua nya sehingga kami dapat membuat greenhouse yang indah serta hasil panen yang memuaskan
0	tempat nya bagus , pemandangan indah , semakin sore semakin ramai tempat nya , disarankan reserved dulu kalau mau ke sini , makanan enak enak , oke pokok nya
1	begini kronologi penanahan anggota fpi bekasi versi polisi
0	paling susah cari tempat parkir di sini . apalagi kalau siang . makanan nya enak dan porsi nya cukup banyak . harga tidak terlalu mahal .
0	wedang ronde ini sangat ramai pengunjung nya . rasa jahe mantap , dengan pilihan gula putih dan gula merah . harga kaki lima .
2	ayo kita bersatu , ganyang kepala batu , apa anda setuju ahok harus dibunuh ?
0	terima kasih mas
0	kafe ini cukup terkenal karena memang unik , tempat nya berkonsep seperti kayu-kayuan , makanan yang dijual pun tidak seperti kebanyakan tempat , ada bubur manado yang enak . harga nya juga cukup murah . kafe asi nya memang asik
2	wahai para pencinta agama , sadarlah kalian semua , negara ini sudah dipenuhi orang-orang yang biadab seperti pki dan mata sipit yang sering menista islam dan merampok kekayaan di negeri ini .
0	lokasi nya cukup strategis , tempat nya bersih , asri dan nyaman . menu makanan nya sesuai dengan selera semua anggota keluarga kami .
0	anda dapat memesan makanan , minuman , dan mengobrol dengan teman-teman anda . tempat nya cukup kecil , dengan suasana santai . terletak di jalan ciumbuleuit , dapat dicapai dengan berjalan kaki dari kampus unpar . harga tidak terlalu mahal , dan rasa makanan cukup oke . karena ada di ciumbuleuit utara bandung , maka udara pada malam hari sejuk - dingin . kebanyakan pengunjung adalah mahasiswa / mahasiswi .
2	kencang yen yang iri . belum seberapa juga , bagaimana kalau meledak ya
1	adidas mengeluarkan produk celana olahraga
0	terpesona
2	permisi bu , apakah orang ini bisa saya ledakkan saja ? atau ditenggelamkan saja bu ?
2	bubarkan saja dpr . rakyat tidak butuh diwakili orang-orang brengsek !
2	ini babi yang jelas-jelas merugikan bangsa negara , masih saja ada pembela nya . harus nya ini orang dihukum mati !
0	setelah begitu banyak rekomendasi teman tentang restoran ini , akhirnya saya berkesempatan untuk mencoba nya . ternyata rasa dari restoran ini sangat memuaskan . pelayanan reservasi yang sangat mengecewakan pun terlupakan sudah . tahu yang lembut , sambal mangga yang nikmat , sate sapi cincang yang meleleh di lidah dan lain lain . bagi penggemar sambal , tersedia juga aneka sambal yang dilengkapi dengan anneka lalapan dengan gratis .
1	demi jokowi - ahy pilpres 2019 , sudahkah minta maaf kepada : dan yang dikhianati say ? by - l
0	kala pun mahal saya tidak marah kepada indihome menaikan tarif tiba-tiba
0	makanan tradisional yang komplet , tempat dan suasana nya juga khas tradisional , lengkap dengan iringan musik degung sunda . yang perlu ditingkatkan adalah untuk lebih memperhatikan kebersihan lantai agar lebih menarik dari sisi kualitas penampilan .
0	bubur nya favorit banget , daging dan pangsit nya yang menemani untuk dimakan pada malam hari . roti bakar nya juga enak , ada menu ham nya juga , tapi yang muslim jangan khawatir karena ada juga menu yang halal nya . di menu nya juga diberitahukan .
0	jika ingin makan seafood yang enak , pilihan saya salah satu nya adalah reds dipo . letak nya tidak terlalu jauh , tempat nya juga enak dan lumayan besar . bersih dan tidak kotor . makanan nya enak dan pilihan nya juga tidak biasa . harga nya pun tergolong murah untuk kantong mahasiswa
2	youtube semakin hari semakin banyak iklan nya , menyebalkan !
0	selain makanan nya ludes , tidak berasa sambil melihat pemandangan kota bandung . gila indah dari lantai . 18 , selain itu petugas nya ramah . apalagi skywalk nya gillee , anak aku suka buingiits . terima kasih the 18th crew . terima kasih untuk keramahan dela sari purnama luar biasa
0	sekarang , ini adalah tempat makan favorit saya untuk sarapan dan makan malam di bandung . mengunjungi tempat ini untuk beberapa waktu yang lalu dan menyukai menu flavor beer jika saya tidak salah nomor 51 - rasa limau . mereka memiliki berbagai pilihan menu sarapan untuk hidangan internasional . saya suka set sarapan lengkap dan ini adalah salah satu tempat yang menawarkan menu yang sangat lengkap .
0	sangat terkenal dengan sajian kopi lokal nya lintong , sidikkalang , aceh gayo , dll. hot cold beverages masing2 tersedia . recommended menu yaitu cream bulle , macchiato con pana . tapi ice rum latte - nya juga tidak kalah rasanya dibanding 3 minuman rekomendasi tersebut kalau ada yang bukan kopi , bisa memesan smoothies , milkshakes atau beer . selain minuman , ada cemilan yang biasa ada dikebanyakan tempat , kentang goreng , . lanjutan
0	ayam goreng enak di kota bandung yang memiliki sambal spesial dan gurih . paket ayam goreng sudah termasuk sayur asam dan lalapan . cocok untuk makan siang atau malam
2	saya bersama keluarga makan di dapur sudah apati anggrek . semuanya baik-baik saja , dari rasa makanan hingga kecepatan pelayanan . namun pada saat selesai membayar , pelayan bulak balik melihat kami dan tiba-tiba lampu tempat kami dipadamkan . padahal masih ada waktu 1 jam lagi sampai tutup . kami menegur pelayan tersebut dan pelayan tersebut mengatakan gardu listrik mati , tetapi aneh kan hanya lampu tempat kami .
0	lokasi resto ini strategis dengan bangunan tempo dulu . suasana nya sangat nyaman dengan layanan yang baik . penataan tempat nya cukup serasi . makan di sini bisa santai . menu sangat beragam seperti rawon komplet , soup , gulai kambing , tenderloin , nasi goreng rendang dan masih banyak lagi . tenderloin nya sangat enak dengan saus yang cocok untuk goyang lidah . nasi goreng rendang nya sangat nikmat . roti cukup beragam seperti brownies nya . mantap .
1	bank kabinet kerja begitu ; album say atau album say begitu ; bank kabinet kerja atau bank kabinet kerja x album say
0	walalupun harus tersasar gara gara gps pada akhirnya sampai juga di kafe pakar ini cocok buat makan malam
0	lauk pauk dan sayuran banyak disajikan di resto ini , dengan berbagai sambal pilihan . makana di sini coccok untuk makan siang . saya makan di resto ini baik yang di bandung maupun yang di jakarta
0	tempat nya comot banget . makanan nya juga enak dengan harga yang top makanan yang paling enak menurut saya adalah beef porcini . ini steak daging nya super empuk dengan saus wine yang membuat cita rasa jadi unik ! satu lagi yang tidak pernah ketinggalan adalah dessert nya yaitu apple ku chen . potongan pie yang garing renyah dipadukan dengan buah apel dan saus rahasia nya yang mantap banget
0	sudah beberapa kali datang ke eleven kitchen pelayanan nya ramah , cepat , dan sering kali memesan nasi goreng tom yam dan desert nya apple kuchen nya . bagi saya sangat unik nasi goreng nya karena disajikan dengan saos tomyam yang dipisah serta seafood di dalam nasi goreng nya sangat segar membuat saya terkesan dan dessert nya apple ku chen sangat berbeda dari apple ku chen yang pernah saya makan . sangat rekomendasi .
2	gue menyesal banget beli ini anjing huhuhuhuhu tidak setelah kenyang banget . tahu begitu beli es krim saja :
2	saya datang untuk makan malam bersama keluarga . ini pertama kali saya ke sini . kondisi tidak terlalu ramai . untuk interior , agak kotor menurut saya . ada nya remah-remah bekas makanan di lantai dan meja , sepertinya tidak dibersihkan secara sempurna . untuk rasa makanan , standar , tidak terlalu istimewa .
0	tempat nya asik . bagus didukung cuaca dingin lembang top deh ! nyaman dengan concept alam tropical . buat hang out oke . saya datang 18 maret sabtu pizza nya yahud . nilai 9.5 deh . saya pesan 3 menu lain selain pizza .
0	waktu datang langsung ditawari brunch buffet yang lumayan lama batas nya samai jam 5 sore , menu nya tidak terlalu banyak tapi enak dan cocok buat udara dingin , apalagi menu kuah nya . bisa berkali-berkali ambil karena perut minta diisi terus , jadi jatuh nya lebih hemat .
0	pemandangan sore menjelang malam . sangat luar biasa , ditambah suasana yang menyenangkan dan hawa segar . menjadikan tempat ini sangat nyaman untuk di ku njungi bersama orang orang tercinta . sejenak melupakan kepenatan jakarta . langit yang biru jernih . jauh dari polusi ibukota . sangat membantu menghilangkan kelelahan , makanan nya cukup bervariasi , pelayan nya sangat ramah dan menguasai isi makanan yang kami tanyakan . nilai untuk uang
2	driver-driver semakin tidak profesional .
2	antrean panjang karena mungkin akhir pekan , hampir 1 / 2 jam menunggu . harga juga mahal hanya untuk batagor yang rasanya biasa saja , rasa tepung tetap lebih dominan . tidak mengerti kenapa antrean panjang hanya untuk batagor mahal yang rasanya biasa saja .
0	tidak mencuri
0	pemandangan di kampung daun cukup indah dengan konsep traditional . pelayan nya pun ramah . untuk makanan cukup standar , tidak ada yang istimewa .
0	menu bebek relatif jarang di bandung dan bebek garang ini salah satu yang terenak , rasa bebek nya enak dan meresap ke daging nya , daging nya lembut dan tidak ulet .
0	tempat nya asyik tapi kurang nyaman karena panas menu makanan dan minum nya banyak banyak rasanya juga lumayan
0	ulu suka banget makan di sini waktu sama di jakarta , baru tahu kalau di bandung juga ada . tempat nya enak banget . banyak pilihan suasana yang bisa dipilih , mau di luar , indoor , merokok atau ngge tidak , ada tempat buat segala jenis pengunjung . makanan nya juga enak sih . ya pasta-pasta ala orang indonesia .
1	pkb disebut kalah telak dari ppp di pilgub jawa .
2	mochi nya enak , banyak rasa , mulai dari vanilla , strawberry , cookies and cream , tiramisu , duran , dll. namun sayang lokasi nya tidak strategis , harus masuk gang-gang kecil dan hanya berupa rumah industri sederhana .
0	pak jokowi otak nya keren deh bisa membuat infrastruktur di indonesia berkembang
2	toloong dengan sangat ya . saya benar benar marah melihat indosat kayak gini
2	sudah muak dengan indihome makin ke sini makin mahal bayar nya dan kualitas nya makin menurun
2	mca bergerak hajar cebong antek antek rrc inilah penghianat bangsa prof alumni 212 dibilang teroris radikal .
0	insyaalloh saya hadir pak . di tugu pahlawan sebagai bentuk dukungan mendeklarasikan sudrajat - saekhu beamingfacewithsmilingeyes beamingfacewithsmilingeyes beamingfacewithsmilingeyes
2	barang datang beda dengan yang dipesan
2	tadinya pengin mengantar teman dari kalau ke resto yang lagi hit di bandung . pada rekomendasi ke sini , ah tetapi menyesal sekalilah ini . makanan nya biasa sekali cenderung agak gagal . sepertinya tidak bakal balik ke sana kalau begini . : terlalu tinggi expectation kali ya .
2	selama ini ke mana saja dong . sudah jadi bahan omongan ejekan negara lain baru deh dibahas
0	ingin menikmati daging kambing muda dengan rasanya yang menggugah selera tinggal datang ke resto ini . ukuran daging nya pun bisa dipilih sesuai kemampuan perut . daging nya lembut dan empuk , pokokk nya mantap
0	lokasi di atas puncak pegunungan dengan pemandangan yang luar biasa . pelayanan ramah dan cepat . makanan sangat bervariasi .
0	resto ini tempat nya menawan dengan suasana yang nyaman . layanan nya cukup baik . resto ini menawarkan bermacam kreasi indomie , roti bakar dan susu murni . indomie gokil rasanya mantap . indomie gokil merupakan singkatan dari indomie goreng kikil . tersedia indomie rebus medan , indomie sambal matah dan indomie saus bolognaize . roti bakar nya juga banyak kreasi nya seperti roti susu coklat , roti nutela , srikaya dan lainnya .
0	shuttle yang disiapkan berbayar , lumayan juga 20.000 / pax . sementara pelayanan shuttle dirasa masih kurang . pengunjung harus menunggu untuk dapat melakukan perjalanan dengan shuttle .
2	jobloskan jonru ginting ke penjara !
0	kafe ini memiliki arsitektur bangunan yang sangat bagus . karena penasaran , saya meluangkan waktu berkeliling sembari menunggu makanan datang . ada galeri yang penuh dengan koleksi-koleksi kayu dan di luar galeri , tampak pemandangan bandung dari ketinggian . di sekitar banyak juga kursi terbuat dari kayu dan juga bebatuan . dari sisi makanan , harga nya termasuk relatif standar sesuai dengan cafe-cafe . saya suka suasana nya .
0	lunch di the reastaurant padma bener2 jempol banget deh . bukan makanan nya yang top banget , pemandangan nya juga keren dengan nyaman banget jadi ingin balik lagi . terima kasih buat mbak vena sama mbak desi untuk info sama ramah pelayanan nya .
1	yuk ikutan
0	masakan di restoran ini , rasanya seperti melayang di udara dan bumbu nya selalu meresap di lidah . sangat luar biasa .
0	makanan nya enak , tempat nya nyaman , pelayan resto nya juga sigap , harga nya juga sebanding dengan rasa dan layanan nya .
2	itu pak polisi nya mau ikut pura-pura bosan tugas terus
2	kalau kalian tidak memusuhi pancasila , pada saat panglima itu memutuskan hubungan , kalian tidak mungkin bicara seperti itu wahai para politik pdip .
2	kelihatan beliau ini ustad ilmu cetek .
2	terletak di ketinggian kota bandung . suasana resto sangat santai dan nyaman . jika malam , pilihlah duduk di pinggir dekat jendela , lilatlah bandung di malam hari bersama pasangan anda . ada live musik dan anda bisa menyumbangkan suara emas anda di sana . pilihan menu cukup dengan rasa yang rata-rata mendekati tidak enak . tidak ada menu yang special di sini .
0	jika engkau suka dengan jokowi angkat saja berita kebaikan tentang dia
2	saya beli berbagai macam roti . pilihan nya banyak tapi rasanya biasa saja . roti nya kering seperti sudah berhari-hari . tidak segar . pelayanan nya juga lama . mengecewakan .
0	enkaolshop , terpercaya , barang nya bagus bagus
0	restoran yang terletak di lantai 18 trans studio hotel ini menawarkan pemandangan yang bagus pada saat sore hari , cocok untuk berfoto . selain itu juga terdapat semacam balkon yang terbuat dari kaca tembus pandang yang seru untuk dijadikan spot foto . suasana malam dihiasi lampu yang agak redup yang sangat cocok sekali untuk makan malam sambil menikmati suasana malam kota bandung .
0	enak dan murah suasana menyenangkan , makanan di sini membuat kita bernostalgia seperti kue apa , mie kocok , dan lain-lain
2	islam harus dibasmi secepatnya biar punah
0	rasa dari makanan nya semuanya enak . disajikan dengan menarik , suasana yang nyaman , homo dan romantis . karena ditata dengan sofa-sofa yang santai , pemandangan yang indah melihat kota bandung di ketinggian , udara yang sejuk kemudian diiringi live musik yang semakin menjadikan suasana romantis . sayang nya , tempat ini cukup laris dan nge - hits .
0	lucu , ada burung hantu di situ . jus stawberry nya mantap , roti kukus nya mesti disantap panas-panas , kopi diproses tradisional , yoghurt marmelaide dan blueberry nya juga enak .
2	harga nya tidak sesuai dengan rasa makanan nya . tempat nya juga seperti warung kopi biasa . pelayanan nya kurang memuaskan , pesan roti bakar tapi kok tidak ada panas-panas nya seperti habis dibakar .
0	makanan nya enak dan bervariasi . ada makanan lokal dan interlokal . jus nya segar sekali dan banyak pilihan . dengan pemandangan restoran yang menghadap hutan yang cantik sejuk sekali makan bersama keluarga atau pasangan di restoran ini
1	anies peringatkan ini agar sandiaga uno tidak terlanjur melakukan nya
2	papua ngeselkan ! masa orang-orang nya keling semua !
2	jangan ajak aku ke kebun binatang lagi ya , aku bosan melihat kembaran kamu yang ada di sana
0	lokasi nya dekat masjid pusdai di seberang resto seafood hdl , dua-dua nya selalu ramai . resto ini unik karena menggunakan alas daun sebagai pengganti piring . tempat nya cukup nyaman untuk makan ramai-ramai . variasi menu cukup banyak , dan lumayan enak . tapi bagi para pecinta sambal , sambal di sini kurang tonjok : d
0	saya tidak curiga kepada jokowi karena saya tahu dia akan dengan tulus membangun negeri .
0	kita pesan lasagna dan fish dan chips . kedengeran nya seperti menu biasa , tetapi di sini beda . selain rasanya yang beda dari yang lain view nya yang oke banget . memang harga agak tinggi tetapi sesuai dengan rasa dan pelayanan nya . rekomendasi . terima kasih to aldi buat pelayanan nya yang bagus banget , sama arta terima kasih buat minuman nya enak sekali .
0	yuk bantu perjuangan kawan-kawan civil society pelayanan pelanggan yang sedang menggugat jr pt 20 % di mk , bantu tt petisi ini untuk demokrasi yang lebih baik .
0	bakso yang unik . bakso dengan jenis jenis isian yang berbeda . ada yang isi keju , daging cincang pedas dan urat . saya memilih cincang daging pedas ehmmmm rasanya sesuai dengan nama nya . harga nya murah , tempat bersih .
2	namun pagi ini saya lari pagi dengan sedikit kecewa , - ragunan sangat kotor , banyak sampah berserakan , sangat mengganggu pemandangan
0	desain interior oke dan cukup creepy tapi bagus dah ! makanan cukup mahal tapi rasanya juga baik . kita memesan chocolate mousse dan apple crumble dan apple crumble nya yang menonjol out . cukup baik dan boleh sekali dicoba !
0	setiap berkunjung ke batagor kingsley , siap - siaplah untuk mengganti atau menunggu sedikit lama untuk makanan dihidangkan karena tempat ini selalu ramai pengunjung . bagi saya , tidak ada yang istimewa pada rasa batagor nya . menurut saya siomay nya lebih enak namun secara keseluruhan , tidak ada yang wow pada cita rasanya yang menunjang tempat ini bisa selalu ramai .
2	aku marah sama indosat . sudah kirim unreg paket , tidak diproses , dan pulsa ku hilang 10 ribu karena perpanjangan otomatis
1	indomie banyak ditemukan di warung-warung terdekat .
0	toko kue ini sudah lama selalu menjadi toko kue favorit saya , sejak saya masih duduk di bangku sma , saat menjadi panitia 17 agustus , dan ditunjuk menjadi seksi konsumsi , maka pilihan pasti jatuh pada toko kue ini , bagaimana tidak dengan biaya 10 ribu saja per kotak sudah banyak kue yang kita dapat , dan ukuran nya kue nya pun relatif memuaskan , tidak terlalu kecil .
0	pemandangan oke dan cocok banget untuk menyegarkan . udara adem . menu makanan cukup variasi , rasa makanan ada yang enak ada juga yang biasa-biasa saja tapi bukan patokan karena selera beda-beda tiap orang : kalau ke bandung bolehlah coba-coba mampir sejuk banget adem
2	orang papua goblok itu berani datang ke jakarta bilang dukung ahok cina anjing bajingan itu biar kita injak injak kamu . di jakarta orang papua kristen itu kebanyakan orang tolol . goblok . bodo . semua pantas orang papua hidup nya miskin dan melarat .
2	terletak di lembang . kami melakukan perjalanan dari hotel cimanuk kota bandung ke dusun bambu selama 1 jam 45 menit . makanan tidak enak harga mahal karena tidak sebanding dengan pelayanan dan rasa makanan . pelayanan buruk sekali . waktu itu kami memesan nasi goreng tak awal untuk driver yang menunggu di parkiran tetapi pelayan tidak mau mengantar nya ke parkiran .
0	dari segi tempat mungkin sangat sederhana , tapi rasa tidak perlu diragukan lagi . harga nya pun cukup terjangkau . kekurangan nya harus sabar antre dan panas-panasan menunggu giliran .
0	merayakan ulang tahun istri tercinta saya sengaja memilih tempat ini , terutama diruang di luar , suasana nyaman , tenang dan suara lift musik yang terdengar sayup-sayup terasa lebih mantap , tapi yang tidak kalah penting adalah makanan nya yang hampir rata-rata oke punya , saya sudah sangat sering berkunjung ketempat ini hampir semua makanan nya oke , hanya saja harga nya memang agak mahal he he he namun terbayar dengan yang didapatkan .
0	saya bukanlah berasal dari minangkabau , namun seperti umum nya orang indonesia , saya penggemar masakan padang . di antara semua yang pernah saya ku njungi , simpang raya termasuk yang terbaik dan terfavorit . menu terfavorit saya adalah daging rendang dan dendeng batokok . silakan dicoba . simpang raya adalah salah satu restoran padang legendaris .
2	produk yang dikeluarkan dari lazada bikin saya tidak suka belanja online
0	selalu padat makanan cepat saji favorit dari anak muda ampe keluarga , ayam nya enak gede pas buat yang sudah keliling shopping , hanya agak sedikit lama saat mengantar dan menunggu pesanan mungkin karena banyak pesanan kali ya , setimpal dengan pocketlah .
2	politik mereka sekuler , meniadakan agama , menjual negeri , merendahkan ulama , terbukti mensejahterakan yang minoritas dan menyengsarakan yang mayoritas , ini berbahaya
2	dia lebih cocok jadi presiden orang utan di kalimantan . kalau buat aku , sampai kucing tumbuh tanduk pun , amit-amit tidak akan aku pilih si manusia pemecah belah bangsa itu . pribumi ? pribumi dari yaman . otak udang
2	kami pertama kali datang pas lebaran , jadi pasti ruaamee banget . : kebetulan kami menggunakan motor jadi lumayan kena macet juga apalagi mobil ya ?:, lokasi memang sulit dicapai dengan mobil jalanan kurang bagus . kalau untuk makanan , menu lumayan banyak tapi harga relatif mahal ya , apalagi yang di resto - nya , mahal dan menu tidak sebanding dengan harga nya .
0	tidak galau
0	salah satu kafe yang masih bertahan dan masih ramai pengunjung ya kafe ini . banyak nya menu makanan yang ditawarkan , rasa yang enak , lokasi , tempat yang cukup nyaman menjadi salah satu pilihan terutama pelanggan lama bisa bertahan . untuk harga relatif agak mahal tetapi masih sebanding dengan rasa . tempat parkir cukup luas , pelayanan standar saja . untuk kafe lama , masih oke untuk dikunjungi .
1	kwetiauw goreng dan teh tarik menjadi pilihan makanan saya di sini , meskipun ada beberapa yang besan mi yamin , anda boleh coba juga nasi goreng nya
0	pertama masuk ke sini yang nama nya aroma bakar membakar eh enak sekali tercium , apa mungkin karena bumbu khas nya ya . di tambahlagi dengan nasi uduk khas bandung yang nikmat . rasa dari nasi uduk nya terasa sekali bumbu nya . pas deh dengan ayam bakar madu nya . paling top deh .
0	pertama mencoba ayam saus keju , treasa aneh . tetapi pas datang kedua kali , sekarang menjadi biasa dan enak banget . ada juga pilihan ayam yang dilumuri saus spesial mereka dengan level-level kepedesan yang berbeda . enak bet !
0	sarapan pagi yang menyenangkan di daerah utara bandung sambil menunggu pelayanan kendaraan yang kebetulan tempat nya berseberangan . menu sarapan pagi buy 1 set 1 ini sangat menarik karena selain cukup lezat juga menjadi sangat ekonomis untuk sarapan kami sekeluarga . nasi goreng lezat dan omelet adalah menu yang kami pesan di samping kopi machiato dan green tea serta wafel dan ice cream .
0	restoran ini juga terletak di tempat stategis yaitu jalan dago . tepat nya di sebelah hotel holiday inn . sesuai judul nya , restoran ini menyediakan berbagai menu masakan aceh . favorit saya adalah mi aceh . harga standar tapi tidak terlalu mahal . jangan lupa coba roti canai nya
2	urus karir dipecat lalu kabur , urus karyawan tidak becus , urus istri juga , apalagi urus anak jadi lgbt .
1	lebaran sebentar lagi , ganti presiden sebentar lagi .
2	boleh marah tidak ? sungguh terlalu indosat , sudah hampir 24 jam saya tidak bisa akses data . terima kasih atas pelayanan yang super lemah otak ini indosat .
2	jujur benci sekali dengan orang yang record scene film dibioskop ya allah selain spoiler lo juga norak by the way
0	ayam khas cobek di bandung ini bikin selera makan kita semua keluarga , rasanya enak dan bumbu nya sampai meresap di dalam daging nya . dan ada juga ayam krisis nya , itu pun enak dan renyah juga . yang nama nya sambal menggigit sekali / pedas , tapi mantap deh . tidak salah lagi ini paling top .
0	makan daging sapi yang murah di sini tempat nya . daging nya kualitas lokal , tidak keras namun tidak empuk sekali juga . saus steak standard . kesimpulan nya , restoran ini memberikan kualitas daging yang setara dengan apa yang dibayar .
0	resto sunda ini ada banyak cabang nya . makanan nya enak dan harga nya mirip jakarta . ada mini zoo nya dengan koleksi binatang : burung hantu , monyet , burung-burungan dan ikan .
2	bosan dan melihat membaca alasan rakyat malaysia yang enggan menulis dan membaca dalam bahasa malaysia .
0	kami makan di sini untuk makan siang bersama anak-anak . untuk rasa makanan nya lumayan enak . anak-anak saya makan dengan lahap di sini . pelayan nya pun sangat ramah , padahal anak-anak saya termasuk yang kinestetik , tidak mau diam . di restoran ini interior nya berisi lukisan-lukisan kondisi braga tempo dulu . di lantai 2 terdapat roof top garden .
0	di balik munculnya banyak restoran itali di bandung , pizza hut masih merupakan salah satu alternatif restoran pizza terbaik menurut ku . sesekali masih bisa merindukan pizza yang terdapat di sini . apalagi , sering ada menu seasonal yang membuat kita semakin tergoda . selain menu seasonal , pizza keju dan tuna nya selalu masuk ke daftar pesanan ku !
0	banyak pilihan menu yang unik dan enak . kebetulan waktu itu saya pergi per-6 bersama teman-teman sma saya . kami memilih untuk mencoba beraneka camilan yang dijajakan di sana . dari banyak sekali camilan yang dijajakan kami mencoba kue balok . kue balok ini disajikan setengah matang dengan beraneka varian isian seperti keju , pandan , green tea , lemon , dll.
0	konsep tempat makan ini benar benar bagus . pas buat yang suka foto foto . makanan nya standar masakan sunda kebanyakan . tapi ayam nya enak
2	indosat saya lagi seru main mobile legends malah tiba-tiba hilang sinyal lalu saya marah banget
0	nasi campur nya cukup terkenal karena rasanya enak . daging panggang dan saus nya juga enak . tempat nya cocok buat nongkrong .
0	sekarang sudah ada yang di cimahi itu , kemarin di sana nongkrong enak banget direkomendasikan poko nya , strategis dekat jalan utama
0	makanan pertama yang saya cari setelah sampai di bandung adalah batagor . batagor ini enak banget . harga nya juga tidak terlalu mahal , sampai sampai saya beli untuk dijadikan oleh-oleh . enak banget deh pokok nya selama 4 hari 3 malam di bandung , saya dan warga 2x makan di batagor burangrang ini .
0	apa pun makanan yanga ada diresto ini sangat enak , dimulai dari sarapan , makan siang , makan malam , sampai afternoon tea . makanan yang enak ini didukung dengan udara yang enak , serta pemandangan lembah dan tebing yang keren . anda bisa memilih seafood , steak , dan lain-lain untuk dijadikan menu makan malam .
2	melihat muka nya ingin saya injak-injak saja
0	recomend : brownies bakar kue brownies chesse cake . tanpa bahan pengawet dan mungkin bertahan hanya beberapa hari saja . delicious .
0	tempat nya memang kecil hanya terdiri dari 5 meja , namun suasana nya oke . konsep nya sederhana karena menyajikan gaya makan barbeque korea yang sangat simpel . menu nya juga tidak banyak , hanya samgyeobsal dan bulgogi . tapi harga nya cukup terjangkau dan masuk akal untuk makan bersama keluarga atau teman-teman . karena suasana nya yang unik , restoran ini selalu ramai dan pengunjung . makanan nya enak .
0	begitu datang ke sini , saya disuguhi welcome minuman berupa orange juice plus grenadine syrup . yuk , seger banget !
0	non halal , khas bandung sekali . citarasa zaman dahulu yang masih cocok dibeli untuk keluarga sampai hari ini . saya sih salah satu penikmat nya .
2	mungkin markues dapat sogokan besar dari lorencong sampai bela - belain melakukan hal kotor seperti itu , sangat mengecewakan !
0	tempat nya dekat dengan factory outlet jadi habis berbelanja kita bisa mampir makan ke tempat ini . menu nya banyak sekali mulai dari lokal dan luar negri . yang kita mau coba hanya ayam bumbu cabe hijau nya . wow keren banget deh bumbu nya . harga tidak terlalu mahal .
0	tempat minum kopi tengah kota bandung di braga menyajikan suasana yang nyaman minuman kopi bervariasi cocok untuk bersantai
0	rindu
0	waktu itu ke sini pesan nasi goreng dan kentang goreng , nasi goreng nya semua suka . kentang goreng nya enak banget , dan presentasi nya bagus . keluarga bilang kopi nya enak . hal yang sangat baik di sini adalah tempat nya luas dan yang di luar bisa lihat pemandangan dusun bambu , tapi pelayanan nya tidak cepat sehingga saya harus bertanya beberapa kali tentang pesanan saya . harga nya cukup mahal , namun karena makanan nya enak semua jadi terbayarkan . tidak perlu pikir dua kali jika mau ke tempat ini lagi .
0	pilihan nya banyak dan harga nya standar . kuah nya ada kuah ayam dan tom yam . rasanya biasa saja dan sayang bumbu sambal nya kurang mantap
2	konflik
2	percuma punya pelayanan pelanggan jelek amat pelayanan . saya mention tidak pernah dibalas . payah dasar pelayanan nya bad sekali !
1	pemerataan jaringan terus dilakukan dan secara bertahap oleh telkom .
0	beberapa kali coba makan di sini , pulang nya pasti kenyang dan senang . menu favorit kepiting lada hitam walaupun kepiting masih agak kecil tapi rasanya hmmm . yang pasti di sini tidak pelit dengan bumbu masakan nya , makan nasi jadi lebih lahap . sampai lupa kolesterol dan teman - tema nya tidak kalah sama restoran-restoran seafood besar lainnya . pokok nya kalau ke bandung , wajib mampir ke sini khusus untuk seafood nya like ini
0	lagu berjudul pesta dari pecah banget !
0	maaci telkomsel untuk semua promo nya hehehe
2	mahasiswa zaman sekarang terlalu banyak mengeluh tapi kurang berkarya
2	saya tidak suka argumen anda yang tidak teredukasi ,
0	bakmi rica sadewa . enak sekali , saya biasa pesan bakmi rica dan bakso . anak-anak saya pada pesan yamien bakso dan pangsit harga nya murah . tapi makan di steak sadewa .
2	bom - bandung . susah mencari tempat parkir . jalanan sempit kenakan parkir sembarangan . banyak polusi suara berupa klakson , ya demi sudah 4 tahun masih tidak terbiasa . macet . susah mencari makanan impor . harga reparasi elektronik mahal .
0	tempat nya homy , terang dengan dekorasi seperti rumah yang nyaman . rasa makanan enak sekali dan harga adalah moderat .
2	tidak mengagumi
1	biasanya sih ke pusat servis lama . bawa saja ke itc roxy / imbas .
0	menikmati pilihan kuliner dari mulai masakan indonesia sampai dengan masakan internasional bisa dijumpai di sini . disarankan makan malam untuk menikmati suasana santai dengan keluarga maupun rekan kerja . penataan lampu yang bagus bisa menjadi salah satu objek foto buat anda yang ingin meng - update status di gadget anda . selamat menikmati .
2	tidak bersinar
0	pemandangan nya bagus banget dan makanan nya juga enak-enak . enak nih buat mengajak teman atau keluarga buat liburan . sangat dianjurkan deh
0	wah ini cocok banget untuk tempat nongkrong , tempat nya asik banget . cuma untuk menu makanan nya kurang enak sih , saya pernah makan gyu tan don dan salmon pasta rasanya biasa banget .
0	tempat nya sangat bagus apa lagi malam hari di hias dengan lampu-lampu , sangat romantis . cocok buat pasangan . jauh dari keramaian . udara nya sangat dingin . kita dapat melihat ke indahan kota bandung dari atas .
0	salah satu restoran makanan cepat saji yang saya sukai , karena makanan nya cukup beda . paling suka mozza burger nya yang enak dan besar , lalu ayam goreng bumbu pedas nya pun juara . apalagi ditutup dengan dessert andalan nya yaitu waffle
0	lokasi dengan pemandangan yang sangat indah karena berada di ketinggian . hanya saja lokasi untuk menuju ke sana lumayan sulit karena melewati perumahan dan jalan yang menanjak area dago dan agak masuk ke dalam , jauh dari keramaian . menu makanan yang ditawarkan sangat cocok dengan lidah . saya cuma bisa bilang mantap
0	terima kasih , pak .
2	payah banget pelayanan grab sekarang
2	buat anda yang mencari resto dengan suasana yang romantis tidak salah lagi ke sini saja . dan kalau rendah anda pas-pasan pesan saja menu yang ringan-ringan . jangan terkecoh dengan picture di buku menu kalau tidak mau menyesal . menu suki nya lebih oke tapi kayak nya ngapain ya jauh-jauh bermacet ria ke sini cuma mencari itu . di kota lebih afdol kayak nya . pemandangan bandung malam nya memegang .
0	berangkat dari rasa penasaran tentang kampun daun yang begitu terkenal , kami yang baru turun dari ciater memilih restoran ini . selain itu mudah dijangkau dari arah lembang dan cukup dekat . memasuki kawasan restoran ini saya cukup takjub dengan hiasan lampu yang cukup unik dan pencahayaan yang bagus . saat memasuki tempat saung berada saya betul-betul kagum dengan konsep yang dipilih oleh restoran .
1	ahy berharap bahwa pilkada akan mencetak para pemimpin yang berintegritas .
0	saya datang ke tempat ini bersama pacar saya . kami memesan special bali ribs , t . bone steak , apple ku tchen . porsi special bali ribs cukup besar , untuk rasa sangat enak dan empuk , t . bone steak nya pun demikian , rasa sangat enak dan daging empuk , saus steak nya pun sangat enak . apple ku tchen adalah desert terbaik penjual di sini , kue apel yang ditaburi potongan buah apel .
1	menangkan hadiah keren cukup dengan mengikuti foto kontes baik untuk men di alfamart .
0	hampir sama deh semua pizza rasanya , hanya mungkin dari roti nya agak tipis dan rasanya sama dengan pizza yang lainnya . ada pasta juga yang rasanya juga enak bumbu dan ayam nya banyak , sekeluarga paling suka dengan pizza makanan ringan yang simpel dan mengenyangkan .
2	semua nomor tidak bisa ditelpon parah
2	kadang tidak suka ada teman yang mengirim jelekin prabowo sandi .
0	makanan di ciganea enak semua , sambal dan lalapan nya segar , ayam goreng nya meskipun digoreng tidak sampai garing lebih mirip ayam pop di resto padang rasa gurih nya meresap banget , bakwan jagung nya enak , ikan mas kecil goreng nya juga cukup gurih meskipun rasanya agak keasinan buat saya . makanan utama disediakan ala resto padang , ada juga menu pesanan yang harus kita pesan terlebih dahulu . harga nya bersahabat .
0	enjoy loh minum kopi di sini mangga cobaan kopi kelenteng dan makan . an nya barista nya kece - kecelah , enjoy in time in here
0	tidak pengecut
0	akhir agustus lalu , saya pertama kalinya datang ke paskal makanan pasar ini . saat itu malam minggu dan suasana cukup padat . sebaiknya ketika kita datang , langsung mencari tempat dahulu mengingat penuh sesak nya pengunjung . ada beragam penjual makanan berat maupun hanya sekadar jajanan di sini . harga nya pun cukup bervariasi dan terjangkau . saat itu saya makan tahu gejrot dan kue apa .
0	makanan murah dan beragam , rentang harga cocok untuk mahasiswa . rasa makanan biasa saja , tetapi cocok sebagai tempat berkumpul di malam hari .
0	tiap makan di semua cabang resto ibu h . ciganea semua menu yang pakai digoreng misal ayam goreng , ikan goreng , dan lain-lain pasti minyak nya banyak sekali sampai-sampai kalau ditaruh piring minyak nya luber . kalau untuk rasa biasa saja si , sesuai dengan tema nya masakan sunda ada lalapan sambel nya , harga nya lumayan terjangkau . cocok buat traktir acara keluarga .
0	tempat ini cukup jauh dari pusat kota lembang , namun sangat disarankan bagi keluarga dengan anak kecil . disediakan tempat bermain untuk anak-anak dengan membayar 50.000 rupiah , bisa bermain sepuas nya . banyak pilihan menu makanan juga
2	untuk khas dari resto ini menurut saya tidak ada , porsi nya kecil dan rasanya biasa saja . jangan datang saat jam makan , ramai nya bisa seperti pasar . terakhir kami datang berempat pesan kakap asam manis , fu yung hai , tahu tempe dan sayuran . tidak ada yang istimewa
0	di restoran mandarin inii tempat nya makan makanan cina makanan . makanan nya standar makanan china sih . yang paling saya suka itu bangku cah hotplate nyata rasanya enak dan gurih . untuk satu keluarga memesan 3 atau 4 menu juga sudah cukup karena satu porsi makanan nya lumayan banyak
0	pelopor batagor ini masih cukup tenar di bandung dan untuk para wisatawan . namun sepertinya sudah sedikit bergeser pamor nya , karena banyak sekali bermunculan merek batagor2 lainnya . tapi batagor ini masih cukup bagus rasa dan kualitas nya .
0	salah satu makanan favorit saya adalah tahu . selain tidak terlalu mahal , makanan ini pun tergolong sehat . warung talaga dulu kita kenal dengan nama tahu yun sen , yang bersebelahan dengan tahu yun yi . apa beda nya ? saya kurang tahu . yang jelas cara distribusi dan pemasaran nya . tahu yun yi mudah di dapat di supermarket , sedangkan tahu yun sen mempunyai kreatifitas tersendiri dalam mengolah .
0	kami mencoba makan di sierra karena melihat rekomendasi dari makanan blogger di bandung . saat kami datang , restoran tidak terlalu ramai dan kami langsung disambut dengan ramah . suasana restoran juga oke , ada live music nya . untuk restoran dengan tipe menu yang sierra tawarkan , menurut saya cukup terjangkau dan murah . pelayan nya juga kooperatif memberikan saran apa yang menjadi menu favorit .
0	pilihan makan dan minuman banyak untuk dipilih . dan tempat nya besar , dibagi menjadi beberapa bagian dan konsep . untuk harga cukup pas buat di kantong .
0	masih dengan hawa dingin khas lembang , d sdl menawarkan menu ayam sebagai jagoan nya . ayam ngumpet dan sate goreng adalah 2 menu khas restoran ini . selonjoran di gazebo sambil mencari ayam yang memang seolah ngumpet untuk dimakan menjadikan sensasi tersendiri . dari segi rasa , restoran ini termasuk yang rekomendasi .
0	ayam goreng yang renyah , mendoan yang hangat dapat dinikmati dengan nasi liwet yang lezaat . nuansa kebun dengan suara jangrik membuat susana makan lebih nyaman .
2	kenapa depok selalu macet bikin telat terus
0	enggak bakalan kelewat kalau malam pasti makan di sini , apalagi kalau ada pa pri bisa sambil curhat hehe . kalau teman-teman mau ke sini alamat nya ada di jalan haurpancuh dekat kampus unpad dipatiukur . dicoba wajib ! ayam bakar juara nya mantapp rasanya tidak kalah sama restoran gede .
1	bagian kedua ketua umum dpp partai demokrat membacakan nama-nama cagub dan cawagub yang diusung oleh partai demokrat , diawali dengan mengumumkan nama benny harman sebagai cagub untuk provinsi nusa tenggara timur net
0	menurut saya , ini makanan orang cina paling enak di bandung . mulai dari cingkong kepiting super , angsio haisom , soun goreng , hongtomie , juanlo , dll. menu nya lengkap . bisa pesan tanpa msg .
0	tempat nya nyaman , tetapi harga nya fantastis alias mahal . tetapi setimpal karena rasanya enak . letak nya di lantai 18 hotel trans luxury jadi kita bisa menikmati keindahan kota bandung .
0	makanan yang tesedia cukup beragam . peralatan makan yang digunakan kebanyakan peralatan antik . suasana rumah makan sangat santai . makanan favorit saya adalah tutug dimasak kuah pedas , es cendol hijau , dan karedok . air putih dapat anda minum gratis langsung dari teko antik .
2	awal cerita saya bisa makan di resto ini adalah karena saya menginap di valley resort hotel pada tanggal 12 - 13 oktober 2013 kemarin , pas selesai cek in saya les penasaran untuk makan siang di resto ini dan begitu melihat buku menu saya dan suami les ternganga , harga makanan nya mahal kali bahkan ada yang sampai 675 - 700 ribu hanya untuk steak impor .
0	senang sekali bisa berkunjung di ayam penyet bu tris , banyak menu yang tersedia , tapi pada saat itu saya hanya mencoba makanan sate , sungguh nikmat dan romantis sekali makan sambil ditemani dengan alunan live musik .
0	saya berkunjung bersama suami dan anak saya yang masih balita , makanan nya enak , kebanyakan menu tradisional . tempat nya asyik untuk santai-santai , bagi yang senang foto-foto di sini titik nya juga bagus-bagus dan ternyata ada penginapan nya juga . kapan-kapan ingin juga coba menginap di penginapan nya
0	tidak penakut
2	oke bos , walau handphone tiba-tiba ngehank sendiri selama sehari
0	kami beberapa kali makan di tempat ini , harga nya memang relatif murah , untuk yang makan banyak di sini sangat cocok karena nasi putih bisa diisi ulang dengan gratis , demikian juga untuk minum air teh . untuk cita rasa ya lumayan enak .
2	kalau orang tiongkok masuk indonesia baru bisa maju , kalau andalkan orang pribumi otak nya jongkok
2	ini pertanda bahwa partai demokrat itu sama sekali tidak peduli dengan suara hati umat islam .
2	ayo muslim jawa tengah ! jika anda ingin melihat kader-kader pdip jawa tengah di sembelih , ayo menangkan sudirman said . tenggelamkan pdip .
2	karena bapak sby waktu itu takut sama mertua nya si gendurowo yaitu si wowo .
0	kalau mau ketempat ini gampang sekali , tempat nya di samping stasiun bandung . sate nya empuk dan matang nya pas .
2	amit-amit panas memang otak gue serendah otak lo . yang pasti panas lo kutil babi cebong ahoker junjungan nya menyungseb di penjara alhamdulillah !
0	tulus
1	jual boneka kucing tidur alas lingkaran di lapak pito ch pitoch
0	suasana restoran nyaman , desain nya unik . cocok untuk makanan blogger atau yang suka tempat unik . makanan 1 porsi lumayan banyak , untuk rasa termasuk standart .
2	sangat melelahkan malam ini .
0	sejak melupakan pekerjaan di rumah mengurus anak-anak , bandung benar-benar enak untuk jalan , makan dan shoping bagi yang hobi shoping , tempat rekreasi nya juga bagus-bagus dan banyak pilihan , saya pergi jalan ke bandung dengan teman-teman arisan . jalan ke dusun bambu weh tempat nya dingin banget sampai lantai nya saja dingin apalagi air nya serasa keluar dari kulkas xixiixixi . benar-benar tempat yang menyenangkan .
0	ridwan kamil sudah membuktikan kinerja banyak pembagunan yang sudah dilesak dan di rskn dan dinikmatin oleh wig jbr maka kalau ingin pmbngn lebih baik lagi maka rk jawaban tinggal melanjutkan paham akan wilayah jawa barat
0	wow congratulations hai kerja bagus bravo ! semakin keren mantap
0	aneka makanan lezat yang menggugah selera ditambah pedas nya sambal dengan resep istimewa yang top markotop dan suasana yang nyaman cocok untuk bersantai bersama teman dengan harga yang tidak terlalu mahal
0	setiap kami sekeluargake bandung , kami tidak lupa mampir ke tempat ini . karena sajian yang di suguh kan nikmat sekali , dan yang nama nya makanan pasti habis deh . memang sih di sini tidak sama dengan warung-warung yang lainnya , dari itu agak mahalan dikit . tapi puas kok .
2	ingin marah-marah rasanya sama indosat
0	saya dan teman-teman berkunjung pada akhir agustus 2014 , makanan di resto ini cukup enak dan harga terjangkau untuk sekelas resto , pelayanan cepat dan gesit . makanan favorit saya hongarian soup dan newyork tenderloin . tempat ini cocok untuk pasangan dan menjamu tamu dari luarkota , pemandangan resto ini kota bandung , jikalau tidak hujan disarankan duduk di luar gedung agar lebih menikmati suasana dingin .
2	rusak
0	berada di lembang , pemandangan indah , udara sejuk , penataan resto yang bagus , dilengkapi dengan makanan yang sangat nikmat . pilihan menu beragam dan minuman yang lengkap . lingkungan yang cocok untuk makan berdua dengan pasangan , membawa keluarga ataupun bersama dengan teman . lapangan parkir luas . restoran yang berkonsep terbuka ini membuat udara lembang sangat terasa sejuk nya .
2	saya datang tanggal 1 september pas jam makan siang . memakai motor . dari kejauhan saya lihat pegawai nya sudah memperhatikan saya . pas saya masuk ada perempuan paling depan , sepertinya kasir . hanya melihat saya tanpa senyuman atau ucapan selamat datang . dari awal masuk saya dan teman saya bingung karena tidak ada pelayan yang meng - guide kita .
2	padahal yang cetek otak nya dia sendiri . apa iya visi capres begitu ? ketika otak disia siakan oleh cebong .
2	gumi mencuri mangga
0	tempat ini menawarkan nuansa broadway dan ada sedikit nuansa timur tengah modern nya . tempat nya nyaman dan pilihan makanan dan minuman nya juga banyak . paling nyaman kalau duduk di luar sambil ngobrol sama teman-teman . suasana nya juga enak banget .
2	mencuri
0	saya menikmati batagor di riri di pool travel cititrans jalan . dari junjunan sambil menunggu jam keberangkatan ke jakarta . hanya tersedia siomay dan tahu dengan harga 10 ribu per potong . rasa ikan tenggiri nya cukup kental dipadu dengan saos kacang bercampur kecap manis . cukup mengenyangkan sebagai camilan di sore hari
0	sebaiknya bila berkunjung ke tempat ini pada sore hari karena pemandangan menghadap gunung yang sangat indah , tempat yang luas dan pelayanan yang ramah , menu yang saya paling suka adalah zupa soup karena sangat enak
0	kepala kakap nya mantap banget empuk dengan paduan bumbu yv meresap dengan pas . pelayanan nya serba cepat dan ramah khas rumah makan padang . lokasi strategis dan tempat parkir yang memadai .
0	ini dia restoran si mak nyuss . lumayan kita bisa bertemu menu menu peranakan di sini , harga juga tidak terlalu mahal kok . jadi patut dicoba . rasa juga lumayan kok
0	tempat yang tepat untuk menikmati kesegaran dan nuansa alam yang indah di sekitar bandung . pengunjung akan dibawa menuju ke tempat makan maupun wisata bersampan di danau , atv , permainan anak-anak dengan menggunakan shuttle , sehingga tidak perlu repot mencari tempat parkir . tarif masuk cukup wajar , sebesar rp 15.000 / orang dan setiap permainan akan dikenakan charge harga nya bervariasi . untuk makanan , pengunjung perlu menukarkan kupon .
2	membenci
0	saya memesan nasi uduk dan juice stroberi super gede kemarin . untuk rasa , memang sangat enak dan jus nya sangat segar dan menguntungkan karena memang sangat gede porsi nya ! terdapat banyak variasi makanan juga di sini , suasana kafe juga cukup tenang , bersih , dan terdapat area di luar yang sangat luas .
2	bandung macet di mamang . riweuh aku mobil sa saya hiji
2	saya tidak pernah takut soal kebenaran dalam kristen . saya berkata benar , islam memang agama binatang .
2	sok pencitraan sekali , basi sama gaya lu . lebih wibawa yang seragam coklat top deh buat pak anies .
0	kalau ke sini saya selalu pesan singkong sambal roa . sigkong nya digoreng dipadankan dengan sambal doa , enak . makanan yang lainnya juga enak tetapi buat saya dan keluarga yang paling enak di sini ya makan singkong sambil minum kopi .
2	pesan sabtu baru sampai hari ini padahal sudah pakai yes , payah .
1	ramayana kembali membuka cabang nya di bandung
0	suka banget sama suara nya baekhyun , jaehwan sama seokmkan . parah . cinta banget sama suara mereka .
0	gue suka banget cara sri mulyani berfikir , selain dia cantik otak nya juga pinter
0	sangat pas apabila mau candle light makan malam . suasana nya nyaman sekali . pemandangan nya bagus . rekomendasi banget deh .
0	cukup luas untuk menampung hingga lima ratus orang dalam waktu yang sama dengan di luar area di bawah gemerlap bintang di malam hari
0	kafe rindang dengan suasana pedesaan dan hutan berpadu apik dengan air terjun kecil yang indah untuk rasa cukup enak dan harga yang tidak telalu mahal direkomendasikan bagi semuanya
1	sri mulyani tegur gubernur anies baswedan tentang perjalanan dinas pegawai : melalui
0	makanan nya enak-enak , paling suka sandwich-sandwich nya . lokasi beda gedung dengan gedung utama pvj , jadi pertama nya agak bingung nyari nya .
0	sebenarnya saya lebih sering makan di outlet nya yang di pvj . pilihan saya selalu bakmi jawa dan es sarsaparila cap badak . enak makan di situ .
2	bus mi sangat kotor dan membuat penumpang tidak nyaman
0	plus : makanan nya enak dan bervariasi , banyak menu es contoh nya : es goyobod cincau , jengkol nya enak tidak bau
0	sepanjang jalan kepala adem banget , segar seperti habis pakai sunsilk hijab .
1	ahok dapat remisi , fpi : kami melihat ada ketidakadilan
0	makanan ini cocok bagi penggemar pedas karena terasa menggigit dengan didukung nasi yang panas dan tahu maka terasa nikmat nya di tengah sejuk nya kota bandung
1	kenangan paling berkesan di 2017 adalah ketika pak jokowi dan bu ani berkunjung ke kebun dan memimpin doa lalu kami mengaminkan dalam suasana haru .
0	menu sesunda an dengan tambahan sate kambing muda bawah lima bulan . sate nya enak dan daging nya masih empuk dan tidak bau . masakan lainnya juga cukup enak . suasana resto nya nyaman dan besar , pemandangan nya juga cukup bagus
2	malaysia pecundang berani dinegara nya saja . gua bakar lu anjing malaysia
1	gerindra merasa tidak ingin mengakui kemenangan ridwan kamil .
2	pks makin lama makin tidak jelas . tenggelamkan !
0	daging kambing nya empuk dan tidak berbau , cita rasa sangat kuat dan penyajian dalam hotplate menjaga daging tetap hangat . direkomendasikan untuk para pecinta menu daging kambing .
0	tempat nya bisa terbilang cukup nyaman . bagi seorang vegetarian , kadang kita pasti kangen rasanya daging . alternatif nya adalah makan faux meat . harga nya cukup terjangkau , dan rasanya juga enak .
2	bikin rusak pemandangan , becak kumuh , bikin amburadul . anis ini semua kebijakan bikin jakarta sengsara , ini ibukota malu lihat pemandangan jorok . amburadul tidak karuan apa tidak malu sama ahok yang cerdas pintar menangani jakarta .
2	mampus kau dibuat cemburu
2	wirid kok kesetanan . dasar manusia bodoh mendalami agama pakai ajaran sesat menyesatkan .
2	mau kotor kumuh korupsi dan hancur tidak penting yang penting seiman walaupun guoblok bolehlah ? saat itulah saya merasa sedih
2	berat barang tidak sesuai yang ada di deskripsi . sehingga tidak bisa order kuantitas banyak .
0	di sini makanan banyak pilihan , ada yang tradisional ada yang modern . sempat dicoba ayam taliwang , rasanya lumayan . tapi sayang waktu ke sana ada proyek pembangunan di sana , banyak crane lagi kerja jadi agak sedikit was was . secara keseluruhan baik tempat yang asik buat makan bareng
0	pilih es krim rhum raisin jika ingin merasakan sensasi hangat dan aroma rhum . sayang nya ini mengandung alcohol . tempat nya nyaman untuk duduk-duduk sambal sekadar minum the pun . pelayan nya pun ramah dan sigap . ini salah satu resto tua di bandung , jadi banyak sekali turis-turis bule tua yang mampir di sini . mungkin dulu semasa muda mereka sering ke sini .
0	saya makan di restoran cepat saji hoka-hoka bento . tetapi saya harus menunggu kereta saya datang baru saya bisa masuk dan mengunjungi restoran ini . sangat ribet jika kereta belum datang kita gaboleh masuk
2	2 minggu ini internet indihome saya terganggu dan koneksi yang jelek sekali . serasa rugi bayar mahal untuk koneksi internet yang lelet , padahal 10 mbps .
0	bagi para pecinta bakmi , wajib coba nih bakmi rica rasanya juara , pedas nya juga ajiip bisa sampai bikin hidung meler .
2	tokoh muslim tapi otak nya busuk .
0	kafe yang lumayan rekomendasi ! mau banget balik sini lagi . meskipun suasana rada kuno . tapi makanan bolelah . tempat juga tidak bgtu membingungkan .
0	kita datang sekitar jam 8.20 private message , karena hari biasa tidak begitu penuh , alunan musik makin membuat suasana romantis , pelayanan nya oke layaknya fine dining , menu nya beragam , wifi kencang , tempat bersih , staf ramah . sempurna .
0	nama nya wisata ya harus mengalokasikan cukup waktu . termasuk wisata kuliner ke sini . sangat tidak dianjurkan bagi yang waktu nya terbatas dan kelaparan , sebab anda bisa marah-marah selain harus daftar tunggu , tunggu pelayan mendatangi saung anda yang lluaaammaa sekali sebab jarak nya jauh-jauh . tapi kalau anda mencari suasana tempat inilah tempat nya . anda seakan memasuki alam sunda yang ritme nya selambat alunan kecapi suling .
0	ke sini waktu acara kantor . ada live musik . menu beragam . cocok kalau pergi ramai-ramai tapi selera nya beda-beda . ramen nya enak .
0	dari segi makanan menurut saya biasa saja , waktu itu saya memesan cincau dan rasanya terlalu manis . kelebihan nya adalah dari segi lokasi yang terletak di toko kue kartika sari . selain bisa makan , beli oleh-oleh makanan khas bandung , bisa juga belanja tas dan baju anak-anak .
0	suasana resto sangat sederhana , dibuat selayaknya sebuah rumah sunda . ada meja dengan bangku kayu sederhana maupun lesehan tanpa meja . resto tidak beri ac mungkin karena udara bandung yang sejuk tidak membuat resto tes panas / gerah . parkir sangat terbatas dengan jukir yang tidak berpengalaman sehingga membuat saya menyerempet mobil sebelah . antrean tidak begitu panjang saat kami datang pakai 12 untuk makan .
2	hukum mati saja itu anak iblis , mau muntah lihat muka nya . sok soal banget
2	anjirlah . saya tidak suka kamu karena menurut saya gaya pemain nya songong-songong .
0	tempat penginapan yang luas dan masih asri . tapi pas berenang dingin banget . mau nya ada sedikit fasilitas air panas kolam renang nya , tuk makanan sarapan pagi pas di mulut tetapi cepat dingin karena udara yang begitu dingin . bravo mah seniman resor
0	tempat nya lumayan unik serasa lagi berada di jogja . makana nya pun enak apalagi di saat hujan dan dingin setelah melakukan seharian tur di bandung . pelayanan pun sangat cepat dan harga nya sangat terjangkau
2	hotel mercure bangkok siam payah ! pelayanan tidak memuaskan , tol l , mengecewakan , jangan menginap di sana deh kalau terbangkok !
0	tidak ada dua nya deh , semoga awet device nya .
0	presiden jokowi kebanggaan ku .
0	suasana nya di malam hari , benar-benar mantap . adem , view nya apalagi . keren . sejuk , romantis nya dah , makanan nya juga enak , pelayanan nya ramah , yang pasti serive nya memuaskan dah .
2	sumpah kecewa , nasi uduk langganan saya kerupuk nya ganti jadi kerupuk pelangi . kecewa banget parah tidak bohong .
2	tidak dong . aku pilih sby , eh pilih prabowo maksude . dan yang akan datang aku pilih yang selain jokowi seperti biasanya yang selain dari partai banteng moncong tepung . grinningfacewithsmilingeyes
0	makan di sini enak banget . paket nya murah bisa buat banyakan orang . rasanya enak sekali . sambal enak , selalu disediakan kerupuk aci 1 toples . dan yang harus dicoba itu , juice raja sunda . enak banget , segar , campuran buah dan sayuran .
0	salah satu tempat hang out yang cukup tren di kalangan anak muda bandung . nyaman . jangan lupa ada promo smirnof murah selama mei 2014 .
1	on the spot sedang tayang di trans7
0	untung petunjuk jalan selalu ada , soal nya agak jauh dan terpencil letak nya , but kalau sudah sampai dan makan wagyu atau hitam angus nya . buih . kamu harus dicoba masih kentang nya . oke punya . mash potato yang terenak yang pernah gua makan , agak sedikit kasar , plus ditambahkan keju sepertinya . mantap . rekomend banget buat ajak keluarga atau orang yang anda sayangi .
0	makanan nya lumayan enak , harga nya lumayan mahal , nuansa nya yang enak . pemandangan nya hijau , sesuai nama nya , kampung daun
0	meski sudah beberapa kali makan , saya tidak pernah merasa bosan . yang agak disayangkan untuk beberapa menu harga nya terlalu tinggi . kalau mau minimal harus menunggu ada promo / diskon . tapi sebenarnya tidak apa apa juga . menurut saya harga itu sesuai .
2	sebusuk-busuk nya pemimpin yang beragama islam , itu lebih layak dan lebih pantas daripada pemimpin non islam .
0	selalu bikin kangen kalau ke bandung . sate kulit nya favorit ku , cobain deh . porsi nya besar , untuk ukuran perempuan 5 tusuk sate plus lontong saja sudah mengenyangkan . dicoba juga sate sapi nya .
0	pizza hut di mal bandung indah plaza bip merupakan salah satu restoran keluarga kami jika sedang menginap di daerah riau . lokasi restoran pizza hut yang berada di dalam mal bip sangat nyaman dan strategis . tempat makan nya juga luas , kita bisa memilih untuk menikmati makan di indoor atau di luar . mengenai makanan dan pelayanan nya menurut saya sudah sama dengan standar restoran pizza .
0	bakmi dengan rasa yang biasa saja , seperti cita rasa bakmi pada umum nya , tidak ada yang spesial pada mie maupun kuah nya . lumayan untuk yang suka mi makanan berkuah hangat .
0	menu yang ditawarkan banyak macam nya , menarik khas kota bandung yang terkenal dengan kekreatifan nya . ketika mampir di sini selepas salat jam at sangat penuh , untung rekan saya sudah pesan tempat duluan , jadi aman spot kami . buat yang suka menu vegetarian pun di sini tersedia . minuman nya juga lucu-lucu bentuk dan jenis nya . seru buat tempat nongkrong bareng teman kampus / kantor .
0	tempat yang berada di jalan martadinata ini enak untuk tempat ngobrol dengan teman ataupun pasangan , terkadang menyajikan live musik , dan terkadang dj yang memutarkan lagu namun tidak terlalu berisik . tempat yang berada di lantai 2 ini , menyediakan berbagai minuman non-alkohol dan alkohol yang cukup bervariasi , dan makanan yang cukup enak untuk disajikan untuk menemani ngobrol .
0	pertama kali ke tempat ini pada minggu pagi , memesan hot cappuciono latte dan chocolate . rasanya mantap banget . menu makanan nya lengkap baik makanan barat maupun makanan indonesia . pelayanan nya cepat dan ramah . tempat nya strategis . rasanya ingin kembali ke tempat ini untuk mencicipi makanan yang lain . pada minggu pagi banyak rombongan yang baru pulang gowes mampir di tempat ini .
2	sebelumnya aku mau cerita nih tangan ku yang tiba tiba wangi pas berburu merch hehe . jadi kan aku itu ingin banget kan kipas nya mono yang kuning nh tapi sebelum icjkt dia cuma announce yang warna pink ya agak kecewa sih tetapi yaudahlah .
0	ada banyak restoran vegetarian di bandung , salah satu nya ahimsa . dengan lokasi yang mudah dijangkau , ahimsa menjadi salah satu tujuan kuliner bagi penyuka masakan vegetarian . dan yang paling penting harga di ahimsa ini cukup terjangkau . cocok untuk kuliner bersama teman-teman ataupun keluarga .
1	minggu kemarin di tempat saya sempat ada jaringan 4 tidak kok
2	sudah wanita tuna susila mah wanita tuna susila saja salam fuck buat si kunyuk ridwan kamil yang habis ngewe sama ariel gay .
0	datang ke tempat ini selalu penuh , batagor nya rekomendasi , hampir semua mobil plat b : apa . but it s sepadan to tunggu .
1	mj toko surabaya lantai 1 blok h3 no. 52 mengucapkan selamat tahun baru 2018
2	pagi yang melelahkan rasanya ingin diam saja
0	tempat nya unik dan indah , makanan enak , pelayanan ramah . tapi karena lokasi nya jauh jadi harus bawa kendaraan sendiri .
2	anak sekarang sulit untuk dinasehati
2	dasar antek asing , gausahlah naik-naik lagi nyalon jadi presiden kau jokowow !
2	berbekal referensi dari internet , kami penggemar steak ingin mencari alternatif tempat yang belum kami datangi , salah satu nya abuba . kami pesan tenderlorin dan t bone dengan pembakaran cukup matang . sesudah menunggu lama , karena resto sedang penuh di akhir pekan . pesanan kami jauh dari yang kami bayangkan , steak yang gosong dan keras , dan satu lagi steak masih merah cenderung mentah , dengan penyajian asal-asal an , steak nya .
2	restoran ini terletak di gedung kartika sari , sehingga kita bisa sekalian makan ketika selesai berbelanja . interior nya lumayan bagus , namun untuk makanan sih saya rasa biasa saja . tidak spesial atau istimewa .
0	sangat asri , berasa makan di atas pohon . harga makanan sedikit lebih mahal tetapi porsi lumayan besar . tidak terlalu ramah anak jadi lebih hati bagi yang membawa balita . jangan lupa bawa lotion anti nyamuk juga ya . !
2	kalau bukan orang demokrat , pasti ini orang pdip . senang amat ada perselisihan . poles saja kakak kalau non partisan
2	kenapa lumayan enak ? karena ada sushi lain yang lebih enak dengan harga yang sama . letak strategis mudah dijangkau dengan angkutan umum dan mobil pribadi . menu sushi kurang banyak , kalau bisa ada menu sushi dengan porsi kecil 2 pieces , rasa sushi enak hanya tidak ada ginger pickle seperti di sushi tei untuk menambah citarasa . harus nya kulit ada ginger pickle , wasabi , cabe bubuk . jadi sebenarnya kurang istimewa .
0	restoran dengan pemandangan yang menawan meskipun harus ditempuh dengan kondisi yang cukup curam . namun terbayar dengan tempat dan rasa yang oke
0	restoran ini menyediakan berbagai makanan sunda yang merupakan salah satu ciri khas indonesia . letak nya yang strategis sejalan dengan obyek wisata tangkuban perahu memudahkan anda untuk menjangkau nya saat berlibur dengan keluarga . semua perabotan didesain ala sunda yang kental dengan pilihan indoor atau di luar sehingga memberikan anda pilihan untuk menikmati hidangan dengan suhu sejuk kota lembang , bandung .
0	lalu bagaimana rasanya ? tetap tidak bosan lihat nya . aku rela pulang awal habis belanja kemarin buat nonton opening yang menggebrak sejarah itu . dan . lebih puas aku menonton di tv yang empunya adalah creative director ceremony .
0	tempat makan ini nengusung konsep kembali to alam , kita makan di saung . dan sepanjang jalan menuju saung kita akan disuguhi pemandangan indah . suasana makan cukup nyaman , pelayanan cepat . rasanya enggan pulang , harga relatif standart tidak mahal untuk sekelas itu . rasa makanan sebenarnya standart saja , yang pasti suasana yang mantap .
0	makan siang di sini sangat berkesan , karena datang pada saat lapar , liburan natal plus hujan deras sepanjang siang - sore . antrean luar biasa ramai , smp akhirnya urutan kami masuk kurang lebih sudah pukul 1.30 siang antre sekitar 40 menit . tetapi plus nya kami dapat tempat duduk di bale2 lt 2 dengan pemandangan danau restoran purbasari yang bagus banget .
2	aku hanya takut kita bosan , karena bosan merupakan salah satu alasan ada nya perpecahan ;
0	pemandangan yang utama di sky lounge grandia ini memang dapat melepas penat anda . bahkan bisa jadi , para pelancong mencari area ini terlebih dahulu , dibandingkan beristirahat di kamar .
0	rm ayam goreng suharti berada di sisi kiri jalan . pastikan anda berada di jalan jalur kiri agar tidak terlewat . jika itu terjadi , anda harus memutar jalan yang searah . positif : ayam goreng suharti memiliki citarasa khas di mana pun anda membeli . jadi jaminan rasa tetap terjaga . ruang makan yang besar membuat anda nyaman menikmati makanan .
2	ini kenapa harga di alfamart jauh lebih mahal sih daripada di indomaret
2	para politisi busuk memberi alasan dan pembenaran , sebaiknya mereka di lenyapkan dari ibu pertiwi indonesia
2	untuk malam minggu di sana pasangan diberi tempat couple dan tempat nya tidak nyaman , karena saat orang lewat di sana tempat kami goyang-goyang , lebih tepat nya mirip seperti warung pinggir jalan di lembang . tidak sesuai dengan harga makanan yang disajikam , seharusnya pasangan juga diberi tempat yang bagus bukan sembarang terima tamu dan taro di tempat seperti itu .
0	selalu langganan beli kue di sini , hampir semua rasa sudah dicoba , tidak pernah bosan dan enak semua . tempat nya juga cocok buat hang out sambil ngemil-ngemil varian dessert-dessert lainnya
0	restoran yang terletak di kawasan intercontinental hotel sangat memanjakan mata untuk melihat keindahan kota bandung di waktu malam . soal menu makanan cukup beragam menu nya . dengan menu ala kamu bisa makan cobalah semua menu yang disajikan , mulai dari menu pembuka , menu utama sampai makanan penutup cukup memanjakan lidah karena menu yang ditawarkan bisa dikatakan semuanya enak dan lezat . sebandinglah dengan harga yang diberikan .
2	. akibat ketidakmengertian nya atas persoalan bangsa , utama nya masalah ekonomi . mungkin ini pil pahit yang harus dan mau tidak mau harus ditelan jokowi dan pendukung nya jokowi makin kelihatan bodoh nya , rakyat menyesal pilih jokowi !
2	kami ada acara buka bersama waktu itu , semua hidangan enak yang kami pesan hanya affogato ice krim nya tidak dipisahkan dengan espresso jadi tidak bisa mencampur sesuai selera masing-masing . tapi , salmon steak nya juga kurang segar , kulit salmon nya keras , keliatan nya lama di kulkas atau freezer . padahal itu menu utama yang seharusnya enak .
2	karena lihat beberapa ulasan di internet yang oke , saya sekeluarga makan di naripan . setelah memesan dan menunggu . saya mulai gelisah karena saya tidak melihat satu pun di antara tamu yang seperti saya berjilbab . kami benar-benar kaget ternyata memang ada beberapa menu yang tidak halal . walaupun kebetulan yang kami pesan itu kata nya yang halal . karena sudah terlanjur kami berusaha menghabiskan pesanan kami dengan terpaksa .
0	resto ini membawa aura positif untuk para tamu nya . udara nya yang sejuk , sangat cocok untuk menikmati makanan minuman sambil disuguhkan pemandangan kota bandung dari atas . sore menjelang malam adalah waktu yang cocok untuk mampir ke restoran ini . harga makanan di sini terbilang mahal karena kita juga membayar untuk suasana yang disajikan . ketika malam . suasana di resto ini terasa sangat romantis .
0	kalau niat makan-makan di bandung sambil menikmati suasana yang nyaman , asri sekaligus bisa foto-foto di galeri yang terbuat semua dari kayu , congo restoran adalah tempat nya . menu makanan nya sih umum , ada masakan indonesia dan barat , berbagai macam minuman juga tersedia lengkap . waktu kita ke sini malam hari untuk makan malam , terbebetulan bareng sama yang ulang tahun dan ada juga pasangan yang menikmati makam malam . saya pribadi suka .
0	ketika anda memutuskan ingin mencari suasana yang berbeda untuk menikmati santap makan siang bersama keluarga , sahabat ataupun rekan kerja , maka tidak ada salah nya mencoba berkunjung ke lokasi sapu lidi , di mana resto ini mempunyai konsep menyatu dengan alam . suasana berbeda pun langsung dapat dirasakan dengan pilihan tempat duduk yang bisa anda pilih sendiri .
2	orang macam ini mesti dirajam saja oleh masyarakat
0	ya bisa dibilang sering sih ke kafe asix , karena lokasi nya yang dekat rumah , ditambah makanan nya variatif dan enak , terutama pizza nya . terbaik !
2	kiranya kini ada yang hendak mendaur ulang rebrending sby di tahun 2004 silam , lebih parah disalami rakyat nya sendiri dengan menampakkan muka masam dan tidak memandang meski menerima jabat tangan konstituen nya .
2	tidak ganteng
0	berharap bisa dapat di luar meja biar bisa dapat pemandangan oke , ternyata baru dibuka jam 3 private message , while kita ke sana untuk makan siang . zuppa sup nya enak . porsi makanan nya terlalu banyak untuk saya keluarga . harga nya cukup tinggi . jadi , hati-hati waktu order menu , jangan sampai berlebihan , sayang kan kalau tidak habis .
0	bulan januari 2017 berkunjung ke sini , tempat nya lumayan bagus , terdiri dari saung saung yang bisa menampung 15 orang lebih ataupun yang per 4 , harga makanan tergolong menengah ke atas , rasa menurut lidah saya standar saja tidak adab yang istimewa , menurut saya yang dijual adalah lokasi nya yang nyaman , teduh dan terprivasi .
0	tidak kecewa
0	ini adalah salah satu tempat yang menyediakan surabi , khas bandung dengan bermacam-macam tambahan . kurang lebih ada 3 tempat di pinggiran jalan raya setiabudhi yang menawarkan jajanan khas ini . letak nya ada disamping sekolah tinggi pariwisata bandung . letak nya cukup strategis dan mudah dijangkau . sayang nya tempat nya kecil dan tempat parkir nya yang tidak ada . banyak pilihan surabi dengan berbagai tambahan yang bisa dicoba .
0	beberapa kali saya berkunjung ke resto rose flower ini dan selalu ketagihan dengan menu pamungkas nya kepiting lada hitam . udang goreng telur asin dan kangkung hot plat nya mantap . untuk ukuran porsi makanan terbilang jumbo karena biasanya di sajikan dalam wadah ukuran besar untuk ukuran yang medium . harga makanan cukup bervairasi namun masih bersahabat di kantong .
0	tempat nongkrong 24 jam anak muda bandung . andalan nya adalah penggunaan keju di menu-menu mereka secara masif . tempat nya cukup luas , sangat ramai , tapi kurang begitu bersih . namun , pelayan nya cukup sering terlihat menyapu dan membersihkan area . saran saya sih kalau anda bukan big fan of cheese sebaiknya jangan pesan mie rebus dengan keju , karena jadi nya kuah nya akan kental dan asin . tapi secara keseluruhan saya suka di sini .
0	terdapat diskon 15 % untuk minuman dan 10 % untuk kartu kredit tertentu , namun transaksi selain tunai ditolak karena sudah offline lewat jam 22.00 , masak sih ? apakah masuk akal ? menu bebek , tidak terasa perbedaan nya , pilihan menu tidak banyak , bukan karena jam pesan , namun karena tidak ada dari awal .
2	asus kok makin hari makin mahal ya .
