1	庭院环境很好,房间也还可以,设施有一些旧了,总台有位小姐服务稍差了些，但总体还可以。
1	7月19日入住酒店 总体感觉较好 不足之处如下 1.一号楼到二号楼的指示标志不明显，而且要走很远 2.服务人员似乎不知道什么是主动见面打招呼，这点比起海景花园酒店要差的远。我在酒店大厅、走廊 、院子里，见到酒店各个岗位的服务人员，大部分都不知道应该主动和客人打招呼问好
0	真不可思意，一周后再次入住该酒店还是给我上次入住的1017房（单人间），因房间靠近酒店内部的风道控制系统，噪声实在太大，第二天在强烈要求更换房间，酒店答应了我的要求，当晚才得以安睡。
1	去年无意中帮朋友预定过一次这个酒店，后来朋友每次来都要我预定这个酒店，我自己住过一次，也觉得感觉还不错，出行也很方便。
0	我在买之前就看到很多人说装系统麻烦，果然不只一点点烦啊，一开始硬盘没找到。。。找了半天，不过最大的问题就是装驱动，这个声卡的驱动真的有够烦的，还有很多未知设备
1	电池强悍，但也不像传说中的9个小时，实际估计6.5小时左右；外观精致
1	还不错，装系统有点小麻烦，对装系统不熟悉的人可能会用较长的时间。
1	电脑的外观，性能都没得说啊！相信以后是不会再选择其他品牌的电脑了！
1	哈！终于可以打分！五星！！！非常赞！
1	做工很精致，性能稳定，我主要是玩魔兽争霸，看视频，没有遇到障碍，很不错； 待机时间不是盖的，非常满意，大约6-7小时，而且是正常使用的情况；
0	硬盘分1个区实在无法接受。随机的1G内存上vista很吃力，加了2G后飞快。 Vista下无法分区，分区软件都不兼容，没办法换回了XP,预装了一个没用的系统。
0	我是看了很久的评论才决定买的,拿到书,很失望,我感觉里面的小鸡们的名字都太难念了,我都记不清,读不顺,更何况是3岁不到的女儿呢?画面看起来也比较乱,我读着那些名字也不顺,而且里面的故事对于2岁多的孩子来说,一点吸引力都没有.只有放到一边了.相反,我后来买的那套<淘气的小格>,女儿就非常喜欢,缠着我讲完里面的故事后,还会自己拿着翻来翻去的看.她在量身高的时候惦起脚的时候,还会说:小格就是这样的.在她看来,调皮的她就跟淘气的小格一样,小格做的淘气事儿,她很多都做过,很有共同感哦.向大家推荐!
1	陈丹燕是我喜欢的女作家之一，喜欢她用淡淡的笔调来写真实的人和她们梦幻般的人生。可《我的妈妈是精灵》是9岁的女儿自己上当当网选的书。到货后，孩子直说好，并要求我看，本是应付孩子的要求。未料一拿到书，我竟爱不释手，一口气读完为止。好书！还是淡淡的语气，饱含真情，笔下的人物心思细腻，充满爱心。心理活动方面更是成功。是一本教孩子爱人、理解人的好书！
1	性价比高呀，速度快，杜比音效、蓝牙、无线网卡、高清晰的摄像头、内置麦克都不错。机子不重。样式很靓。
0	书还是新的，读不下去。主角是女性，工作环境是跨国公司，没点共鸣~实在看不下去~也许是好书~也许是大家太捧~不喜欢~
1	服务应该再提升一下．怎么也要符合五星的标准啊
1	作者对于某些电影“表面粗糙”、“内里光滑”的分析，可谓入木三分，为理解那些貌似触及现实而又让人觉得哪里不对劲的影片提供了一个清醒的视角。这个角度在导演来说也许是讳莫如深的，也许是不自觉的。而不管是回避还是无意识，这种对于现状的屈服都是有害于艺术真诚的，或者他们所做本来就与艺术无关。
1	做工出色 性价比高 配置实用 键盘设计 屏幕色彩 外观模具都非常对得起这个价钱
0	里面重点较少废话较多，搀杂个人的感觉也较多这就是本书冗长的原因，里面说到太多不切实际的东西，如果我们那么有钱还不会保养自己吗，一切都是废话，是人都能写出这样的书。
0	这本书质量、印刷还是不错的，不过它只适合五岁以下儿童看，我的孩子已经八岁了对这套书好像没有兴趣。另外这套书有些贵。
1	我并没有看过奥黛丽赫本演的同名电影，看完此出后也无法把女主人公想象成赫本那种气质的美女。郝莉灵魂深处像猫一样骄傲，自我，向往自由，不受约束。在扔掉猫之后她才真正意识到这一点：“我们是互相属于对方的，她是我的。”她的一生注定要漂泊，去寻找可以真正让她灵魂安静的地方。对于张悦然的序，我不想做任何评价，她似乎并没有读懂郝莉。
1	【荐书】虽然被定义为儿童读物，但是我认为每个时期去读它都能得到不同的感动。小王子是虚构的，因为他并不适合灯红酒绿的这个物流纵横的社会。现今，多少人的思想被禁锢，行动被束缚，言行被约束。大家不约而同的选择了沉默，也许这是大势所趋。但是，小王子正是这样一本可以感动心灵的读物，只有心灵得以进化，生活才可以美好。所有我推荐小王子，他是大众的读物。
1	高品质杜比音效.采用联想全新高触感键盘，新键盘无论在布局、键帽形状、键程手感上全部进行了人性化更新，不仅满足输入速度快、输入正确率，更能满足用户输入舒适的需求。 人性化一键静音设计。 关键还是不错的散热，做工，设计，非常适合家庭娱乐使用。4099抢的。还算比较的有性价比的机器。
0	住过差的，但没有住过这么差的！！昨晚00：00，一少妇在里面捉丈夫奸在房，大喊大闹，要死要活，炒得大家一晚没有睡好。提醒大家，酒店的保密工作很好！住起很放心。
0	酒店位置不错，但房间真是太差了，没订到江景房，可也没想到房间窗子竟然是对着楼道的！燥热无比，衣柜的灯出了问题一直无人修理。中餐厅上班太晚，西餐厅又难吃又贵，早餐品种少，而且量少得可怜，最后一天面包上还发现发毛了，叫了几次服务员过来，竟然敷衍说是“糖霜”，我才没有笨到那个地步呢！只有门童还比较可爱。
0	散热不是很好！！右掌托这里使用久了就比较烫手，别的地方还好！！还有屏幕晃动的比较厉害！！！这点没有thinkpad强！！
0	这本书装订得很差，拿到书没看一天，就裂成好几份了。仔细一看，这书是立面贴了一长条胶状，所有的书页都靠这层胶粘着，很容易就分裂了。
0	很好的地理位置，一蹋糊涂的服务，萧条的酒店。
0	我于2008年年底在当当购的此书，春节期间阅读，发现漏页现象非常严重，至少存在三四处漏页，且所漏页跨度非常大！严重谴责当当网！强烈要求索赔！
0	酒店在装修，整体感觉特别不好，正门都走不了，车也不让停，服务人员也不协助找停车的地方，哪里像是五星的服务水准？房间卫生状况也不是很理想，备品也不像是五星级的，比如牙刷根本就是劣质产品。酒店整体的软性服务也需要提升，看得出是个管理很一般的饭店，服务有员整体素质一般。
0	就是纸张较厚又锋利,我小孩第一次看就被书弄破了手,晕死.........出版社没有一点安全意识!!!
1	用一天的时间一气呵成的看完，和之前看过匪的书感觉一样，感人浪漫，拿起来就让人欲罢不能，也幻想自己能遇到这样的男主角，感叹女主角悲剧的命运，但是跳出来清醒的一想，这个小说真的是远远的脱离了现实，主人公生活奢华的充满糜烂的气息，灰姑娘受到王子如此不理智的热爱，现实中稍稍成熟和理智的人都不会如此，生活还是生活，而这个书也只是一本现代童话故事吧。
0	第一：从预订看酒店和携程。 作为携程的钻石客户，一直以来对预订效率和正确率都比较满意，但本次预订上海世茂皇家艾美酒店感到非常气愤、烦人！由于酒店方出台新的房价政策（连住4晚以上房价），否认本人已确认的订单（连住2晚以上房价），前后和携程交涉不下20次才重新恢复原订单的有效性。虽然此事已得到解决，但反映两个重要问题：一是上海世茂皇家艾美酒店经营不诚信，在携程客服一再确认之下才承认修改过房价政策和同意按照原订单标准收费；二是携程处理客户问题的机制反映迟钝，并有不负责任的表现。 第二：从入住感受看酒店。 1、酒店地理位置相当优越，出门就是南京路步行街，周边都是中、西式餐饮店，这是我看到的唯一优势。 2、酒店坐落的大楼设计很独特，成三角形，酒店大堂位于11楼，以下都是商场，电梯很多却都有指定的起始和到达楼层，从1楼（首层）上有直达电梯，但对于要办登记入住的客人都须先到（L层）办理好手续再转乘，下楼更麻烦，所有都得先到（L层）再转乘。反正住这几酒店三天就是在电梯里转来转去，绝对浪费时间！商务客人勿住！ 2、15楼行政楼层室内结构和布局很别扭，洗脸台在卫生间外使用时难免有水溅在地上很滑，没有悬挂毛巾的地方，这些都能忍受，但床头的位置正对着门，中间只有一个屏风，晚上象躺在门口睡，床垫更是难受！太高太软，睡了第二天起来全身痛！更让人难以忍受的是这个酒店的被子竟然没套被单，而是有一条床单隔着被子，睡到半夜全部弄得乱七八糟！！ 3、房间有很多瓦数很高的灯，研究了很久才知道很多灯都串联在一起，只能同时开启和关闭，绝对浪费能源！ 这就是我住过的房价两千七百多的所谓的皇家行政房，实在是一家性价比极端差的酒店，这样的酒店以后就是免费也不会再住，因为从预订到入住只有很受气、超麻烦、不舒服、不值得的感觉。望后来者三思！
0	我买了杜拉拉升职记这书寄给朋友，朋友说到现在还没收到，有点晕了，都快半个月了啊！！！
0	酒店一般，唯一就是距离机场近，有免费班车，没有特别印象。
0	与同买的汤姆系列，这个一直搁浅，感觉很乱，没有故事情节。3岁3个月男孩，不打算再买此系列的书
0	谈什么公平？整本书都在买广告，每件事都在为自己辩护。拜托，家事就在家里解决好了，出什么书啊？还起了个挺哲学的书名骗人。
0	屏幕稍显小了一些，外壳尺寸应该足以支撑一个更大点的屏幕 A面很漂亮，但很容易沾染指纹，好在随机送了块擦拭布
1	这本书教给了我很多引导\教育孩子的方式\方法.让我受益非浅.原以为我自己很会教育孩子,看了这本书以后,才意识到,我所掌握的太肤浅.孩子的很多行为都能体现出妈妈在教育方面的效果,孩子的性格主要靠平时妈妈的行为引导,并不完全是遗传了,这本书让我学会了太多,建议没一位家长都买一本.让我们的宝贝健康快乐的成长,让幸福,自信,勇敢,豁达,正直,善良伴随他一生
0	光驱对少数几张盘声音响的惊人，但大多数光盘都很轻，大概是那几张盘有问题吧
1	对于100多一点的这个价位来说,房间设施基本还可以,有点旧,卫生间不太好,洗澡的地方没有隔离,洗完澡马桶全湿了.空调电视都有,冬天有暖气片. 服务还是很热情的,提供接机接站服务,行李员会主动把你的行李送到你的房间. 补充点评 2007年11月9日 ： 还有一点,热水有点小啊,洗澡不是很舒服啊
0	无论从任何角度讲，该酒店最多只能评为2星级。 携程首先推荐该酒店，我认为只有一个原因：酒店的返点最高？ 补充点评 2008年3月11日 ： 教训！
0	本来心理是我很感兴趣的范畴，最初看毕淑敏的几本书都还不错，就买了上下两本。结果好不容易看完了，觉得特别特别没意思。想悬念一下没成功，想扫盲一下没成功，想讲个故事也索然无趣。什么收获都没有，太失望了！！！
1	质量做工都不是很差，大家说的音箱问题没有仔细测试，再则音箱本来就是笔记本的弱项，能出声就行了，没有太高要求。 外形比较中庸，适合要求普通的人，想最求个性可以绕道了。 电池待机还没测试。应该很普通吧。
1	豪华双人间的床很大,一张单人床已经有我在香港住的双人大床那么大,一些细节也挺有意思的,象放在床头的小信封会有一颗糖果和会告诉你明天的天气.就是毛巾有点旧.浴室里也没有可以晾衣服的线. 补充点评 2007年2月28日 ： 外面有点旧和脏,我们刚到的时候还犹豫着要不要换一家呢,后来看到里面还是不错的,是时候该装修一下外面了
0	房间非常小 房间设施非常旧，因为装修至今已经10年了。 房间空气非常差，一打开门一股非常大的烟味和霉味迎面扑来 服务还不错，虽然帮我从6楼换到了9楼，但是房间空气依然非常差非常差非常差得不能接受！！！
1	非常漂亮！！运行速度很快！！值得推荐！！！ 就是键盘不耐脏！！！！
1	收到这本书后，用了一个星期把这本书看了一遍。感觉这是一本介绍搜索引擎入门很好的书，不过还是偏向于理论。看完这本书后，感觉对搜索引擎的结构有了一个大概的了解，当然还是比较初步的。不过，正如许多网友所说的那样，这本书的排版可能是最有争议的地方了。个人感觉，这本书空白的地方太大、太多了，完全可以更加紧凑一些。但是，这并不影响它是一本了解搜索引擎的好书！
1	有个高u，不过还没有测试，不知道运算起来怎么样。 很安静 显卡虽然集成，玩魔兽争霸还是可以滴
1	这套书有天马行空的想象力、生动有趣的故事情节，以及很多知识点，是一套很棒的科普书。小一些的孩子适合与水、蜜蜂、太阳系、飓风等内容有关的分册，不但很喜欢听还能抢着回答问题。各种不同的岩石、奇妙的电、人体感觉器官等内容对小孩来说有点抽象、难以理解，是初中以上的课堂里才会接触的东西，故事也比较长，讲给我刚六岁的儿子听时，他已经没有耐心听到最后了，等他长大再看吧。
1	的确是一本家庭教育的好书。我是2个孩子的家长，从事中学教育十余年。看完这本书后，一方面让我反思自己教育孩子的方法，一方面让我庆幸及早看了这本书。读完后有一个深刻的体会：针对每个孩子，教育方法都不一样，但是教育理念肯定是一致的，即充分发挥孩子的能动性，让孩子带着兴趣去学习。作者对她孩子的教育方法，我也试着去对自己的女儿。发现效果确实不错。
0	换了3张正版xp光盘也没法启动，更别谈安装了。实在不明白。我已经按要求修改了CMOS中的SATA为disabled了。 这本子没法用了，要求退货！
1	读南先生的书,就如同在迷雾中行走时突然看到前方有一个光亮在远远地牵引着你,让你心中为一之一振.对于人生、对于这个世界我们有太多想了解的东西,这套书会给我们很多的启发，相信每个人看过都会有所得。虽然这套书的内容很多在网上已看过，但是还是很迫切地买了一套自己收藏，随时再拿出来仔细品读，个人觉得买这套书真的是非常值得，能在茫茫书海中碰到这套书真的感觉很幸运！唯一的小小遗憾就是字有点小！
1	房间够大，设施一般，可以免费上网,可惜没有早餐； 停车场很大,自驾车交通方便； 楼下面对着那个生意超级好的夜总会，一直吵到凌晨2点。 总体觉得：在汕头来说，性价比还是可以接受的。 补充点评 2007年10月30日 ： 住了两次，9楼和6楼，感觉相同。
0	性能比想象中的差了点，网上看电影时风扇转个不停，感觉运行能力有点吃力。
1	与《中国剪纸艺术欣赏与实践》一书一起买的，今天刚收到货。一家人对这两本书都比较满意。书中的作品都很漂亮，有较高的欣赏和收藏价值。看到有人认为本书不适合初学者，我倒认为不尽然。剪纸是一门需要极大细心和耐心的艺术。如果只是想自己剪着玩玩，或者给小孩子剪些花卉、动物、小人之类简单的东西，这本书的确不大适合；但如果是剪纸艺术的发烧友，那么书中提供的作品纹样还是有很大的参考价值的。
1	书中很多的地方其实并不像我想象中的那样，我开始还认为是全国比较有名的风景区呢，但是书中很多地方我都没有听说过，都是一些比较陌生的小镇。从图片上看也不是太漂亮，可能要身临其中才能感觉到吧，书中记录了我的家乡的一处风景，我去过一次，但是我没有感觉到此处有什么特别的，就是一般的农家乐。别的地方还没有去过，就算给自己一个向往吧，有机会和条件还是去看看走走的。
1	她的诗，看似平凡却美丽无比，看是平淡却可以引起你内心的共鸣！多么奇妙的事啊，竟会如此，看了她的诗作后，我的心灵感到从未有过的宁静，我的心不在寂寞……千言万语都无法道尽我对它的喜爱，我因它而疯狂地想读更多的诗，我因它而无比地喜欢诗，我甚至喜欢上自己些诗，从此，我感觉我的生活也可以如此诗意，我的人生也会因此而增色不少。感谢有你。
0	可惜就是这个LINUX系统，还要麻烦用U盘重装系统，但要不是装这个系统也不会有这样的价钱
0	整本书给我的感觉就是一农民暴富了后害怕别人也富，挤占了他的地位。但又不想把害怕的思想暴露底那么明显，就扯来“公平”二字来中和一下。“公平”不是这样来用的！不推荐购买。实在有好奇心者想买的话，我把手上这本二手卖了，联系我啊。
1	设计非常漂亮,散热很棒 设计非常漂亮,散热很棒 设计非常漂亮,散热很棒 设计非常漂亮,散热很棒
0	大厅雄伟, 但前台和房间太小、(走廊太长)房间分布太散，找同伴很累。如果能将宾馆分为2个馆,前台也分开,应该会有所改善。 另外,与宾馆无关,长春出租车司机太坏了,表面热情背后狠斩,每次出差去都会遇到不愉快,投诉后也没有下文。这次从火车站去省宾馆只有6元的路程,结果被兜拉了45分钟。太损害长春形象了! 今后如果没有重要的商务活动, 我个人是绝不会再去长春的。希望长春市政府机关能尽快地严厉地进行整顿!!!
1	装了基本系统,运行还算顺畅. XP 驱动能在光盘里找到,但不全.希望厂家能够更多为顾客考虑.
0	设施是很一般，但是服务人员的态度不敢恭维的。早饭很差，一大群服务员乱哄哄围在一起，就是没有一个人理你
1	那段神秘的历史，那段悠远流长的岁月文化，那段关于深化的传说，藏于索尔兹伯里平原之中，隐匿于古老的建筑物之上，流行游走于阿尔卑斯山上骑着扫帚的女巫们艳丽年轻的脸庞上……尽情畅游，是我们在这本书中所得的享受。心里住着一个传说，慢慢地，慢慢地，在这本书的指引下，悠悠延长，不朽而生。这是象征，这是文明，这是人类的思维他想……
1	酒店住宿环境不错，前台服务很热情，房间可以看到长江和葛洲坝，就是卫生间的淋浴设施不太好用，总体而言还是不错的地方！
0	拿回来装系统，装到一半机器响个不停，像要爆炸了一样！！！被吓一跳。强行关机，再次装，其间光驱突然发出强大的噪音，跟飙车时一个样，恐其飞盘。系统装完，不能关机，死机???担惊受怕的就这么郁闷了一个下午。
0	感觉做工、材料什么的比以前IBM时代有了退步！当然不是360的问题！
1	给大老婆买的，哈哈。键盘，电池不错，电池能用6个多小时键盘，电池不错，电池能用6个多小时键盘，电池不错，电池能用6个多小时
0	配置一般，同等配置电脑价格要低不少。材料是塑料的，手压会变形。。。不爽
0	万杰国际不能刷卡是件令人最难以接受的事情，房间电视时长不能使用，网络还收费更让人难以接受。
0	这个价位，感觉还没有锦江之星好。房间比较旧。隔音不好，可以听到服务员的对讲机声音，有人关门开门都很大声音。热水出得很慢，空调不凉。下次不来了
0	今天是6月27日，离我在汉庭快捷酒店（上海新虹桥店）住宿2月有余（我与4月12日入住），其它的事我已记不清楚，但是离店结账产生的麻烦至今困扰我，当日，通过携程订的是2间246元的高级大床房，总价是492元。当时入住办手续一切顺利，服务生拿出携程订单，打单刷卡有条不紊，我拿单签字，当然我注意的是刷卡签单，预授权800元，没有核对服务生打出的另外的每张单据的每个字符，第二天离店结账，麻烦来了，再次刷卡签单时，我发现刷了568元，我拒绝签单，与我的预订不同，此时服务生拿出我昨天的一把签单讲，我住的是284元的高级大床房，晕，忽悠我昨天的不细心，昨天没有任何提示，今天要我买单，我与服务生理论，最后服务主管同意按492元结账，似乎一切都已结束，然而并未如此，服务生给我的卡刷了2次，一次是492元，我同意签单给他，另一张568元，我拒绝签字，收回单据。然而，当我收到银行的对账单时，我还是发现被扣款2次，我致电该酒店，答应查询后给予答复，至今未收到任何回复，后与银行方面联系，其中我多次与银行联系，银行终于在6月13日退回492元（估计银行与该店进行了N次交涉），6月25日左右，银行致电我讲退回492元，我核对后再次将此情况反映给银行，应该退回568元，再次讲了我没有签单的账单还是被扣款了，我在等待著银行交涉之后的结果。不知这次还要等待多长时间--------------------
1	小巧，很是可爱，LED的屏亮度还不错，启动很快。电池差不多五个小时吧
1	酒店位于沙田，空气清新，房间也比较大，液晶电视机是放在很大的窗台上的，宾馆门口就是沙田城门河，河对面就是沙田最大的商业区，还有香港文化博物馆。对了，每周三，香港艺术馆、香港科学馆和香港文化博物馆是免费开放的，有兴趣的旅友可以去参观一下。
0	7合一读卡器这样的东西 我估计所有的消费者都以为是外置的另送的吧 还红字 有点忽悠人的嫌疑 其实是笔记本上的一个SD的插槽 基本上所有的电脑都有的
0	我买了三本书是<求医不如求己>,<别笑我,我是英语单词书>,<沉思录>,当当只给了我两本,那一本怎么不给我了呢?当当网从现在开始我对你已经失望了!!!!我再不买了!!太伤心了!!!
0	最大的优势是距火车站很近,坐公交去龙门石窟、关林庙等景点十分方便。宾馆设施太陈旧，电视效果差。
1	已经住过几次这家酒店，感觉非常好。服务员态度友善，又够专业，客房的装设时尚、舒适，配套设施齐全，使用起来很方便。总之，来郑州，住索菲特是个很好的选择。
1	thinkpad这么便宜，确实不错呵，很稳重，性价比高，散热好，超级实惠
1	待机时间长，尽管没有用到9.5小时，但已经算够可以的了。性能对于处理办公软件足够了。
0	刚看了一章就丢边上了，光盘也不知道放哪里了，很垃圾，很多词汇根本就常用。至少我在OFFICE里，不会这样说英语，应该再口语化一点，总之废话不多说了，里面的句子不实用！！
1	键盘真的不错，原来都是听说，经过亲手感触了一下，果然不同反响喔~！
0	个人认为携程推荐此宾馆是不注重会员的基本利益。该酒店一半房间临大马路，晚上很吵，使人无法入睡。每次预定，该酒店总是声称无法保证安排安静和有宽带的房间，明显不重视携程的客人。本人已在该酒店经历了多次可怕的预订过程，携程的协调能力始终使客人深感失望，希望携程在赚钱的同时真正为会员的利益着想，不要推荐这样服务死板的酒店，本人今后决不入住该酒店。
0	1、内部装修尚可，但周围环境差，房间小，所以房间价格偏高，不划算。 2、双人房间的床只有大约1米宽。感觉很不好，像童床。 3、早餐标价竟然56元，而且品种很少。如果房间不包早餐，千万别去，抢钱一样。中餐、午餐均不开，想吃饭，那就顶着太阳往远处找吧。 4、最近因为工作原因，跑过很多城市，住过不少酒店，这是偶遇到的惟一一家上网收费的中档酒店（可能是偶孤陋寡闻了）。每天36大元，简直不可理喻。加房费超过400块了，对于这样的房间有点离谱。 5、房间空调声音太大，而且效果不好，不是一般的不好。不知道其他房间怎样。 6、一个插曲：俺入住时打开房门，过道竟放一铁架，内装一正在运转的压缩机在轰鸣，正好把过道堵上。俺只好把行李放在走廊，电话通知服务员来把它拿走，结果竟然通知了三次、等了10分钟才来人把机器拖走，而且一句道歉的话都没有。 7、电视机2-18几乎都是国外频道，日语居多。感觉不爽。 补充点评 2007年7月3日 ： 有点笔误：应该是：中餐、晚餐均不开
0	<<色戒>>小说不咋的,以后不会再看~~这本书也就靠色戒作卖点,别的小说和文章都是张其他书里的~~没心意~~旧瓶装新酒~~
0	屏幕上有一个坏点，不过影响不大；电池的确不禁用，也就是一个多小时；散热还可以吧，键盘右下侧有点热。
1	房间很清洁，洗手间装修好。早餐非常丰盛，豆腐脑很好吃！交通很方便。 隔音不够好，我们的邻居夜里1点多电视声音开的很大，投诉后酒店服务人员去与隔壁邻居协商解决了。
1	12月在金泉订了个豪华商务小套房，房间内部环境不错，酒店位于市中心边缘，周边交通还算方便，打车到昆明有名的金马碧鸡刚好起步价。 缺点是碰上昆明柴油紧张，没有空调，晚上较冷，还好向酒店要了个空调扇，可以吹热风，否则晚上睡觉一定会感到冷。
0	装系统比较麻烦 还好有许多网友的经验才顺利完成 希望京东能提供驱动碟不用我们自己去下载
1	第一辑是从朋友处借来看的，不仅小孩很喜欢，我也爱不释手。倒不是崇洋，该书的角度的确和国内的儿童图书不一样，没有一味地说教，而是生动的故事。让小孩能够感受到看书的乐趣，我想这是读书最主要的。所以当“我要找到朗朗”出来后，我毫不犹豫就买了，出了第二辑我也毫不犹豫买下，同时也介绍了许多朋友买。遗憾的是第二辑包含了“我要找到朗朗”这本书。
1	连续运行了12个小时,机器的温度没有变化,散热性超好,性能很好,键盘防水也蛮好的,我的水杯翻倒在机器上,擦干后,没问题,机器很安静运行很安静
1	这部书可以说绝对在事实的的基础上,我就生活在这个环境中,虽然不在深山密林,但是听着鄂温克,鄂伦春,达斡尔等民族的老人叙述,再来对应这部书,感动.现在还有几个作者会有这样严谨的写作.柳芭,我小时看到她醉到街头,听她说,不想待在火柴盒一样的房子里.那时不理解,一个女人,怎么会放肆的躺在大街上.家是多么温暖,后来明白,这里不是她的家.这部书说出了她的心声.好书.我向每个爱书人的推荐.
1	酒店位置很好，去火车站、机场、逛街都比较方便。设施什么的也很好。在这个位置这样的价格真是银不错了。如果不是正好有个工地在边上，应该会十会清静。服务员的态度也挺好，只是结账的时候因为不知是谁在服务指南内页上用原珠笔划了不到2厘米的一条线，查房的服务员反应十分过度的不让结账，说要赔偿，虽然最后经过交涉没有赔款，不过心里十分之不爽，下次入住前如不是要把房间检查个底朝天谁敢住进去。希望这次的经历也使酒店执行制度不会再过度僵化。除开这点不愉快，其实还是值得推荐的。
0	感觉一般般，道理都知道，但没有操作指导性。大概刚入社会的小女生可以看看，扩展一下思路。
1	配置比较均衡，尤其显卡使用的是GDDR3的显存，性能又有提升； 外形漂亮，键盘手感好； LED屏幕的亮度和色彩都非常出色； 附送的内存和鼠标都非常实用，相当于又有了一定程度的优惠...
0	音箱感觉还不错，可以，就是没通过杜比认证，这心里还是没底啊！ 东芝的笔记本一个光盘都没有，郁闷！！系统崩溃咋办，还是家庭普通版，恶心！ c盘分区格式，简直受不了！～没法正常分区调整大小！！费死劲！
1	房间设施难以够得上五星级，服务还不错，有送水果。
1	价格便宜，配置不错：T4200,GL40,SAMSUNG 1G (800)。 自己加一条内存，跑起来很顺畅。 风扇声音小，整机重量可接受。
0	因为前些时间对心理学感兴趣，买了上下集。好久没看小说了，放在床头，每天一点地看完。没有失望，因为我从来就不对一本书寄予很重的希望。能说的只是，落俗套了，而且俗得看完有点反胃。佛洛依德把人类心理问题的结归到性，本书则很好地遵循了这原则。但书中的桥段把整本书从一个高起点狠拽到一个龌龊之地。女心理师，只是一个空洞的光环。第一次看毕淑敏的书，也是最后一次。
1	当时是因为要写读书报告 所以上网到处抄 就发现这本书感觉以前自己没看过中文版的骆驼祥子就看过电影所以决定买个英文的看看本来以为 是中文翻译过来的 不会太地道结果 令我惊讶翻译的非常好！忠实了原著！很多很多复杂的复合句 而且 用词也很得体觉得 是个 非常不错的拓宽知识面的一本小说推荐！
1	AMD双核CPU，250G硬盘，还带摄像头，经济实惠。USB分布也比较合理。可以安装XP，不错
0	买回来一个月了，可儿子只看过一次《咕噜咕噜转》，别的连翻都没翻，，画的太满了，显得有些乱，画面不能让他产生兴趣。书本太大了，翻起来不太方便。
0	服务员态度极差！！！弄丢了订单不说，找的交接班借口，当客人投诉时前台服务员在那翻白眼。 补充点评 2008年6月10日 ： 订单弄丢，打了好几个电话，携程和酒店推皮球，酒店前台和预定处推皮球，前台态度还相当恶劣，以后再也不住这个酒店！！看过前面的点评，看来订单弄丢不是第一次，对于这种不把订单当回事的酒店，携程还纳入合作伙伴，如要保留要加强监控才行，我宁愿以后不再通过携程预定！！！
1	从拿到书到昨晚读完，用了不到一周的时间。我已开始运用书中所描述的方法，来改变我的日常生活。虽然知道要达到那种平衡的状态，我还要修炼很久，但我感觉现在的我比以前平和、积极了很多。它让我明白，如果你从内心让自己喜悦，这种感觉是任何人都夺不走的，不管你周围的事物做着怎样的变化。我会把这本书推荐给我亲爱的朋友们和家人，愿我们都生活在爱、喜悦和希望里。一定会。
0	不带操作系统,要自装;配送的鼠标线太短了哦,其他的正在查找,目前感觉音质好像不是很好.
1	宾馆大门显得很时尚，大厅很有个性，房间也保持一样的风格，绿色木纹和砖石墙面，简单不失个性，很像快捷酒店。就价位来说很值得。
0	总体来讲，对登封的印象比较差，基本上是脏乱差的典型！酒店的设施极端简陋，洗手间里连浴帘都没有，洗个澡满屋子的水！而且，没有挂衣服的地方。酒店里的餐厅，竟然不到7点去就已经黑灯瞎火了。总之比较阴暗老旧的酒店，条件很一般。 不过，地理位置不错，对面是超市，还有小吃一条街。
0	好大一本，内容少，字少。 小一点孩子看开本太大，硬硬的。大一点孩子看内容太少
0	在当当买书无数，唯此书最垃圾，样样数百页，有用者不过三两页，愤怒之情无法用语言来表达
0	上当，没有实质性的东西，都是作者的一些生活习惯，理念在这儿卖弄，书名有绰头之嫌疑。本人更喜欢《内因决定外貌》这本书
1	阿加莎之外的另一位犯罪推理小说的大师级女作家！女作家和男作家的区别，在于擅长在逻辑严密和气氛紧张的犯罪推理之外，对人性的软弱、复杂和彼此之间可堪或不堪的关系有着细腻的观察和丰富的细节表现。小说更对女性在“法医”这一“男性”职业之种种身心压力、人际压力、规则压力的包围下，如何坚定地维护正义、呵护亲情和爱情，进行了细致入微地表现。
1	桐华的书貌似我都看过了，都好喜欢，而且都那么紧张，让人沉沦，每次看了都不想放下，这次也是，3本书几个晚上就看完了，都熬到12点多实在不行，早上要早起上班，只能睡觉。情节很吸引，云歌我不知道这样算不算一个好结局，但是在我看来这个结局还是挺完美的。虽然不是大团圆，至少很符合人的心理！对于刘弗陵和云歌的爱情，中间还让我哭几次，可怜的人（但无可恨）……喜欢~值得一看
0	可以这样评价是我们住过的最差的酒店，简陋的大堂，肮脏的房间，可怕的卫生间，绝对是一场恶梦！！
1	集合两岸三地的艺术家创作插图，每一本都风格独特。字号大，跟小学课本文字大小差不多，并且是注音版，尤其适合小学低年级的孩子阅读。能增加孩子阅读的兴趣，而且能增加传统文化修养。书的选择也非常好。如果说有什么遗憾的话，那就是缩写得太历害了点，对于要真正了解传统文学的中高年级孩子，更应该阅读完整版本。是一套质量上乘的儿童读物。浙江少儿出版社一直有很好的表现，值得肯定！
0	因为个人的原因，不知道电池的前三次要充电十二个小时，所以电池不耐用。但是我觉得京东应该在告知顾客的一些使用常识和注意事项，不一定大家都知道。这样可以让顾客的网上购物更加安全和放心，也让京东的业务更加好
0	住店后真实感受：根本没法睡觉，房间的隔音太差了，是我住过的隔音最差的酒店，隔壁2个人正常的对话我都能听得特别清楚，2个房间里的衣柜位置根本没有墙，就是衣柜的背板隔开的，早上服务员居然在我房间门口打手机，电话不听的响，听得特别清楚，总之，你跟本没法睡觉。
1	我本来一直很喜欢的，可是这次有几个问题想说说：一是酒店门口的服务生太冷漠，形同虚设，我到酒店那天早上下雨，东西很多，打车去的时候他们居然站在那里一动不动，连伸手拉一下车门都没有。如果想要小费我想你做了别人肯定会给你。建议改进，至少可以帮客人拿一下东西吧。二是酒店前台通知不及时，我那天入住的时候说是住两晚上，可是前台服务员只要我压了500元的押金，后来没有通知我，第二天我回酒店就发现门打不开了，打电话问了才告诉我说是押金不够，显然服务一点都不人性化，希望能改进。 另外，酒店的行李寄存服务很好，环境也很好，总的来说都很理想，就是希望能改进上面两个问题，做的更好，那样客人会更加喜欢你们宾馆。 期待你们的改进和回复。 宾馆反馈 2008年6月17日 ： 尊敬的携程会员：感谢您们对我们宾馆一直的关注和支持！针对您所反映的问题，我们管理层非常的重视。立即由相关部门结合实际展开调查和核实，同时借鉴您的合理化建议并采取一些有效的整改。从而对您的善意的提醒再次表示感谢！同时也十分感谢携程网提供了这样一个好的平台，希望诸位会员空闲之时多多给我们宾馆提出建议和评价。我们将以真诚的服务态度欢迎诸位的光临！
1	外观简洁大方，配置很全，键盘还算舒适，屏幕质量也不错，散热良好，静音良好
0	VISTA系统，需要自己刻一个系统还原盘（刚开始用电脑会提示的），要是带个恢复系统盘就好了~
1	酒店的设施稍微老了一点，是四星级酒店的一个附楼。但是服务不错，而且酒店的价格非常吸引人。下次还会入住的！ 补充点评 2008年2月22日 ： 我住的是150的。还不错，冬季里没用霉味！
1	在南山区办事的话住这里还算方便，门口往哪个方向的车都有，就是稍微有点吵啊
1	曾经以为作为老师讲的道理已足以面对人生，从朋友那看到《小强升职记》的第一眼，我就喜欢上了它，小强走的每一步都是人生中必须经历的，而不只局限于职场。即使第一遍以看小说的心态看完了它也不禁要感慨：我能做到多好啊！当拿到自己的《小强升职记》，我才发现它不只小说那么简单，按照小强搞定生活搞定工作的方法，我决定从此刻开始改变自己的习惯，但愿我能成为像老付一样的导师，培育更多“大树”……
1	读了这本书，我有一种感慨。西方的书商卖的是服务，中国的出版商卖的是商品。这本书的量表你可以直接从网上下载，马上就可以用于实战，而我们中国人的书，连书上的内容都要省略一部分，动足了脑筋让你学不会。我们总说和世界接轨，书价差不多了，但服务还差得很远。现在大概是和非洲接轨。这本书虽然是外国人写的，但我们也可以用。只是要注意文化背景上的差异。
1	酒店本身的环境还是不错的，楼台庭阁，很安静，感觉就像住在园林里面。还有游泳池免费开放，让我们觉得很惊喜，可惜没带泳衣。房间一般，没什么特殊感觉，服务还不错，有服务生帮忙拿行李到房间（没给小费：－）），公司安排的出差，我自己定的酒店，结果回到广州才发现忘记拿发票，打电话给酒店，酒店同意给我寄过来，虽然是到付，但是还是很感激他们。就是没有电梯，楼很矮，好像只有3～4层吧。外面的环境就不是很好了，周边比较落后，距离镇中心还有10分钟车程。
1	酒店位置在很市中心的地方,房间也不错,旁边有一个府山公园.早餐品种不是很丰富.
1	DELL经典本，性价比超高，去年帮同事买了两台，这次再帮父亲买一台，都非常满意
0	4月5号入住的.真是后悔.虽然是三星,却只是招待所的水准.房间的设施极其陈旧..最要命的是第一天八点多起床后发现竟然没有热水.打到总台总说再等等等.后来干脆说不可能在上午来的热水.真是的!后来到了景区,才发现很多家庭旅馆要好的多,.而且价格便宜.强烈要求携程不要再推荐这个酒店了!
0	缺少随机的帮助文档，各个硬件接口只能靠猜的。机器里预装的软件比较杂乱无章，也没有找到解释的地方。
0	第一次入住，感觉很差。宾馆服务人员的态度不好，强烈的不满！怎么评上五星的？退房时头一次碰到要在两个柜台间来回的折腾才能退房的酒店！这是我第一次入住，也将是最后一次！拜拜了！
1	我们住的是三楼的房间，房间不大（大约20平米），是新装修的，还不错。最大的特色是房间的镜子特多而且浴室是全部用玻璃间隔的，可以从房间看到浴室里面的所有东西。酒店离地铁不近，但附近巴士很方便，从酒店门口过隧道坐1A/9/5C到尖沙咀和旺角只要HKD5-6.2，坐107到海洋公园11块多，回程的话，在酒店楼下就是巴士站。购物的话，在九龙寨城公园旁边就是九龙城广场，里面除了有吉之岛十元店和百佳外，还有很多私人的小铺。餐厅包括KFC、麦当劳、和其他一些香港比较出名的外资餐厅。总体来讲，该酒店在香港的性价比算挺高的，值的去住。
0	非常失望的一个酒店，设施相对淄博宾馆等酒店算好，但是房间的烟味非常重，这还是安排的无烟房间，这些就算了，本来对淄博的酒店没有太大期望，但是没想到还有更糟糕的，我预定了去济南的酒店的车，礼宾部告诉我是280元，我确认预定并说明结帐时列在我的房帐上，第二天一早我又打电话确认，结果下午1点结帐时说前台小姐说没收到预定，非常傲慢无礼，要求我先结房费，接着礼宾部拿来一张单据要我签署价格不是280元，而是280元＋15％服务费，我还是第一次遇到这种情况，酒店说我要是付现金就还是280元，不用付15％服务费，我请大堂副经理过来，她解释是刷信用卡酒店要支付手续费所以加收15％，我认为不合理，因为1）礼宾部没有在我定车时说明这一点，2）银行的手续费竟然要15％，从来没听说过这么高的银行刷卡手续费。最后，在我强烈的抗议之下，大堂副经理说还是按照280元刷信用卡来收。上了预定的车才知道，是出租车，不是酒店的专用车，因为酒店没有车队，就和5辆出租车签订了协议，出租车每年交纳给酒店几千块管理费，然后酒店客人定去济南机场的车就叫他们，要说明的是我乘坐的这辆出租车的服务很好。从性价服务比上看这家酒店不合适，我不会再入住了。
0	机身略厚，还有优化的空间 镜面漆沾指纹太厉害 部分组件用料低廉，显得不够细致
0	酒店比较旧，靠近机场，能听到很大的噪音。 空调也不开，关上窗屋内的气味让人头晕，开窗基本被吵的睡不着 而且早餐非常差，简直就是没东西吃。
1	性价比较高的酒店，服务态度和房间的配套都不错，被褥都是特别的干净~ 就是地毯比较脏，有待提高
0	用了QQ10元礼券以后，就是那么好奇一下子，看撤单以后这个礼券还能不能用，竟然说，不能用!辛辛苦苦赚来的10块钱！！！！竟然就这么被毁了！不还我的钱，就和当当没门！！！！！！竟然还说周六日不上班！还我10元礼券，我接着买东西，不还的话，和你没完！这群猪脑子，系统设置的时候就没有对顾客多考虑过！
0	借壳原来的天津乐园宾馆现在居然是“4”星级酒店，环境太乱,和演艺场在一起,像娱乐场所,不像宾馆,到处是穿着睡衣的人们在走动， 特别是早餐，连2星的宾馆都不如； 真不知道那些评论星级酒店的官员们在这里的洗浴中心享受过什么特别待遇。。。。
1	当年在晋江上苦苦追文，是因为看了算不少清穿都是一个人，没有亲密的好姐妹一起穿的，这样呢就不用大段的番外，而且可以从不同的角度来看待同样的事情，还想高考完了自己写个两个人同时穿越的，然后就看到了《清梦无痕》，和我想的如出一辙，所以就很喜欢
1	从广州发的货，订货后两天就到了，非常快，配件很齐全，操作系统方面没有预装也不算坏事，网上有人说这款用了sis的芯片组，事实上还是用的Intel，想买的朋友应该放心了。完美屏，还有2 years warranty，可以放心了。 end
1	双核独显LED屏DVD刻录机HDMI输出带发票，这个价钱还有什么可挑的，买之前去电脑城看了看，觉的16：9有些不习惯，但还是 买了 哈 。。。收到发现没什么不习惯了，可能是没有比较的原因，完全可以接受。。。觉得小的 可以去看看 10寸的本，那本都有人用。。。这 14的怎么就不行了呢。。呵呵 收到的是完美屏，可视角度很大
0	京东的售后有问题。我在武汉这边自提，6月7号拿到货，今天才显示订单完成。才能对产品进行评价。效率有点低啦！
0	我对商品的不满意主要是在服务方面 第一：京东的客服电话总也打不通 第二：我要灰色的，给我送了个白色的
1	令人感动的，不是行文中的文字，而是这些文字组合起来的故事。人生，经历了如此多的变故，蜕变成沧桑的脊背与老牛相依为命。是乐观？不尽然。只是一种状态，一种活着的状态，没有评判，只有叙述，过去的终将过去，悲伤着继续还是真实地回忆？没有谁能主宰一切，没有谁不能承受生命中的变故，只是，经历过之后，你能否依然挺起脊梁去迎接斑斓的阳光和寂静的黑夜……
1	4499的时候买入的,ATI3470的独立256的显卡,还带了个HDMI的接口,而且还带VGA的接口
1	老板每次出差到北京都要订这家酒店的，对它很满意哦
0	实在是不喜欢，绝对的没看头，浪费我的精力，看了一般就放弃了。有空还是看看旅行手册也好
1	作者在战几时之前用了＂拥抱＂令人叫绝．日本如果没有战败，就有会有美军的占领，没胡官僚主义的延续，没有战后的民发反思，没有～，就不会让日本成为一个经济强国．当然，美国人也给日本人带来了耻辱．对日中关系也造成了深远的影响．文中揭露了＂东京审判＂中很多鲜为人知的东西．让人惊醒．唉！中国人民对日本的了解是不是太少了．
1	服务很好！员工很礼貌！房间很干净就是小了点！房间不能直接通话，需要总机转，不方便！在我看来：只能是准四星级酒店，在黄山只能算三星级酒店！
1	在网上当的驱动程序，不过明显不如红旗的炫！不过自己不玩什么大游戏，只是看看片，上上网，足够用了！物有所值吧。不会装程序的同志们可以上网搜一下就能找到怎么安装了。不算麻烦。
1	散热是很不错,键盘也挺舒服,小软件也多,有些还不错用~ 屏幕没问题,其实只是LED背光吧~ 呵呵~
1	这是一本不算好读的书，是一本让人快乐不起来的书。我是学生态学的，可以理解接受大部分的概念，而对于其他人则不是很清楚。一个一个例子让我很疼。我是在坐火车时读的，8个小时读了115页，这对我很难得，我已经很久没静下来一口气读一本书。感觉只有心痛。这本书不是文学作品，也不是纪实报告，而是科学，真正的理性的科学。所以奉劝想要看这本书的人注意，这不是一本好看的小说，而是一本严肃的科学。
1	刚拿到这本书时有一种莫名的激动。迫不及待地打开来欣赏，果然是期望中的繁体版，更加兴奋。前前后后花了大约一个月的时间完成，感觉这个战乱中的校园唯美得让人羡慕，它比我在这和平时代经历的大学生活更丰富。临近毕业，好友一个个离开，虽然没有过多的描写，但不免看了让人心酸，就在一年前我也经历了一场场大学好友的分离痛苦。只有记忆存留心中。不过，还是歌更令我感动。
0	虽然作者花了很多篇幅，但看了以后有点失望，感觉钱白花了。书里面实际上大部分都是个人抒情，小女人的自怜自爱。可爱倒是可爱，但是实用性上，我觉得不如《求医不如求己》。实际上《31岁》这本书，为数不多的精华思想，都来自于这本《求医》。《求医》内容之丰富，逻辑之严谨，行文之流畅有趣，学识之渊博，阐述之客观，是这本书所不能及的。如果有《求医》，这本书，可以不用买了。
1	性价比非常高，各项配置都比较均匀，日常办公家用需求都基本上可以满足
0	有生以来入住过的最恐怖的酒店之一，可以跟印尼雅加达郊外的酒店媲美（笑）！ 1。房间里霉味，烟味扑鼻，没有窗户通风，肮脏的地毯上的斑斑点点的污迹，令人触目惊心。 2。厕所肮脏，长年累积的污斑，臭味，令人无法如厕。 3。楼道里昏暗昏暗的，晚上回房间，请务必几个人同行。 4。还算有优点，就是服务员的态度不错。 总之，倒贴我1000元也不肯再入住了。
0	不知道是不是个例 键盘空空的 去华硕维修了下用双面胶粘了下 按下去还会起来 键盘晃悠晃悠的 请问京东这个怎么处理啊？？？
1	性价比不错，其实我一直关注Dell的XPS1330，不过性价比不好，一直犹豫未买。幸亏没买。
1	通过携程报的自由行带小孩去香港。住过旺角的朗豪，因为还是喜欢尖沙咀所以最后选择朗庭。酒店大堂不错，不知道为什么那么多人嫌小。很幸运被升级，当时订了两个房间可是另外一个没有好。前台小姐送我们每个房间100元的免税店抵价券，竟然带我们一直到房间，让我受宠若惊。房间刚装修好，橡木地板，在内地酒店不多见。我的窗口还可以看见一点海景。后来看到桌上的通知才知道楼上在装修。可是我们白天出去，也没感觉。那几天天很凉快，比起上海的37度真是意外。孩子去过两次美国的迪斯尼，所以我们只这里的缆车和海景，是最棒的！ 最后一天还和酒店说好晚点退房。小朋友去了半日游回来还可以游个泳洗个澡再走。3天的行程很累，但酒店的床很舒适，晚上睡得很好。
1	外观还是挺时尚的、性价比较高！设计挺时尚的，真机比照片要漂亮些，值得推荐！
1	小说前段轻松诙谐，如行云流水，从卓敏和杨一发现原来彼此和赵烈都有渊源，原来他们的第一眼并非似曾相识，而是早已相见，到后来宝宝被撞，再到卓敏的消失，我已控制不住自己的情绪，一直哭着看完。小说情节上并非尽善尽美，但整体优美的文字，曲折的主人公命运，还有逗趣的李氏幽默使小说引人入胜！多么渴望能遇见杨一这样的痴情男子，小小的玩世不恭，小小的油嘴滑舌，小小的机智聪明。
1	便宜，够用。搞活动返现100还用了一张券，价格很满意了。机器坏了，京东能够上门取件去换，不用我跑腿。
0	这次和老公入住这家酒店 640元的豪华客房单晚价格，大床房。 非常不满意，首先，晚上到了酒店以后，才发现 所谓的大床房，原来是在一个很小的房间里面放了一张大床和一张小床的家庭房间！后来提出意见，酒店说是携程的问题，打电话给携程，说是也没有办法换房，当天晚上心情非常不好！！第二天早上，想去闸坡，因为携程酒店介绍写着“附近景观：闸坡旅游区”。。。。附近？？？我们花了180元坐了一个多小时的车才到的闸坡！！！酒店服务非常恶劣，对尤其对散客的态度非常不耐烦！唯一亮点就是一个梁姓经理提供一车给我们去闸坡（坐的士去至少要200）。并且态度也非常诚恳。总之，如果要去闸坡旅游的朋友，千万不要去这家酒店，宁愿去便宜点的闸坡当地酒店（当地没有五星酒店）。希望我们的教训能给大家一点帮助！
0	在七月份，我司客户共入住六个晚上,有三个晚上的房间是有异味,客人是意大利人,由于语言不通,无从投诉.后告知我司工作人员,予以更换.但第二天又由于酒店局部装修,在早上8:00左右无水供应,客人正在剃须,洗脸.弄得我们公司好尴尬.店方开始仅仅报以口头道歉.客人表示非常不满，后来在我们公司极力要求下,答应将所有房间(共6个)予以我们会员价格(其实就是每间房优惠￥50.00)。谁知道到最后结帐的时候才给了三个房间的优惠。我对这家酒店的做法真是太失望了。还五星级呢！五星级与可人的不满不知道是否能画一条等号呢！！
0	房间的格局在风水中属败相,卫生间马桶堵塞,无奈的一晚!!!
0	我是看了报纸上的宣传才有了买这本书的冲动，后来在网上上搜了下发现不贵，就买了，花很短的时间粗略看了看，觉得一般般啊，并非物有所值，
0	晚上有电话来！！ 一个字，烦！！！！！！！！！！！！！！！！！！！！！！！！！！！！！！！！！！！！！！！！！！
0	这家也能叫三星级的?屋里进去，不知道啥味道，浴室的毛巾脏得要命，洗澡没有热水。第二天就换了隔壁的宾馆，价格要便宜，而且又干净。希望携程不要再推荐这家宾馆了，太另人失望！！！！！！
1	酒店的大堂环境比以前有所提高,可能是因为鲜花摆放的原因.房间的设施干净,清爽,很舒适.
0	帮朋友买的，他家小朋友应该会喜欢吧。纸张的质量相比在书城里看的要差点，不过价格要便宜些嘛。还要提出来的，就是等了好久，快递的速度真的不咋样啊。
0	这样的男人，温柔的过了头，找不到一丝男人的气概。只会说：这是好的。。。这也是好的。。。无法欣赏这样的文笔优美在何处。爱情也是奇怪，张爱玲爱上了这样的一个人，隐隐地，大概是一辈子的影子。
1	不知这本书是否有删节，亦或是大量的删节，若真是如此，那就太遗憾了。
0	没有预装窗口系统 散热性一般 刚买完就发现现在送正版杀毒软件了
1	很不错的酒店，我住的是商务间，上网速度非常快，下载达到2M/s，非常爽！还在酒店碰到老朋友...世界真是小！
1	当初怀着很激动的心情买下了这本厚厚的书，后来学完了才发现，其实笨书并没有想象中那么完美……不是很详细，有些地方还有错误……也许在所难免吧……不过，这个世界上没有绝对完美的事物存在。一旦你发现什么事情好像很完美了，其实它就哪哪都是漏洞。我买此书是为了自学。现在也觉得收获挺大。并不后悔当初的选择。对于学习者来说，真正的乐趣在于学习本身。仅此而已。
0	各位广大的书友，本人特别喜欢看书，非常支持当当网给我提供了一个买书的平台。《明朝的那些事儿》这本书我看后，说实话，个人很不喜欢。首要的是缺乏文采，一本书没有好的语言做支撑是很难成功的。作为历史书，它的故事性很差，有时为了幽默而幽默，显得特别低俗。书中穿插很多说理，使书的内容显得非常冗杂，不协调，令人难受。我不知道被人是否与我有同感，这仅是我的拙见。在这个喧嚣的年代，能写一本书真的很不容易，但写一本高质量的书跟不容易。
0	所有观点都是泛泛而谈，点到即止，没有实际效用．很失望．对任何一个受过教育的女性来说都米啥大作用
1	从总体来说，酒店的服务设施及服务人员的态度都是比较不错的，但是预定酒店时所说的提供免费宽带却是没有的，所以，专门带的笔记本也没有用上。结帐时想使用信用卡支付，却被告知当天不能刷卡。建议在这方面的信息需要再准确些。
1	我推荐大家先去了解了一个萨提亚，可以看一看她的那本《萨提来冥想》，对于希望能够自我成长和认识自己的人来说，这是一本非常捧的书，文字中透露着宽容和爱。看完后你会明白她要传达给人一个什么样的信息。然后再来看《家庭治疗模式》这本书，你才可能有更深的体会，其实当你决定要想来看这本书的时候就已经有了一个渴望，那就是让自己幸福，让家庭幸福。所以，试一试吧，不会后悔的选择。
1	环境不错，空气新鲜幽静．离市中心有点远，但交通路况不错，适合有自驾车的城市人度假休闲．服务好，销售部的周小姐百问不厌，出门步行约５分钟有太湖船菜河鲜一条街，二十几个饭店营业到晚上十点，河鲜新鲜价廉，在湖州很有名．晚上停
1	原以为是很简单、老套的故事，却没想到让我一读难忘，欲罢不能。现代的都市生活，每天忙忙碌碌，工作压力越来越大，却枯燥麻木。爱是什么？两个人真的能相守一生吗？很多时候迷茫，怀疑。看过这本书后，虽然明明知道是写出来的故事，但是很让我感动，主人公对爱的执着，真心的相守，让我的心占得满满的，生活可以平淡，只要和真爱的人携手一生，足矣！
1	开始住的六层的房子不是特别好，后来调到10层后房间不错。 大小合适，虽然价格比较贵，但是4星级还是可以的。
1	这套书错过了好多次，最后还是在朋友的推荐下买了。真庆幸，没有一直错过。小时候，我最喜欢看瑞典的阿。林格伦的作品，什么《屋顶上的卡尔松》《淘气包埃米尔》，陪我度过了难忘的童年时光。直到现在，每当看到那个风格的图画，都会触动我心底最温馨的记忆。派老头和菲菲 也是这样的故事。幽默，温馨，女儿三岁，非常喜欢，常常要求我，看看那个发怒的公牛，看看菲菲斗鸡。相信这也会成为女儿温馨的童年印象。
0	以前没有读过毕老师的书，因为对心理比较感兴趣，所以先选择了这本书，看了之后较失望，都没兴趣再买她其他的书了。我认为这本书写得不到位，一个心理师的成长有这么简单吗？难道真是啥水平的都可以，只要有一颗心？看了之后你还敢去找这些中国的所谓的心理咨询师吗？老实说我不敢！
1	刚进入索菲特银座大饭店时就受到了前台小姐热情的接待，她告诉我说通过携程预订的房间都可以免费升级，感觉非常温馨。我的房间被安排在专门的女士楼层，住过这么多的酒店，第一次听说有专门的女士楼层，觉得挺有特色的。房间里有很多好看的女性杂志，还有化妆棉和浴盐呢，最重要的是房间特别高，空气好，视野更好啦，可以看到全济南的建筑呢，大明湖和泉城广场也尽收眼底。下次来济南一定还住在这里......
0	我们一家厦门四日游的最后一天就是选择了这家酒店，简直后悔死了。 先说交通，酒店有自己的码头，不过一小时只有一班船，错过就得苦等。而且码头也很简陋，我们一家有老有小，每次上下船都得小心翼翼。 再说环境，我们订的是豪华房，跑进去一看：里面的设施陈旧，衣柜的门很难关上，地板没扫干净。最要命的是空调只能制冷，浴室没有浴霸。大冬天的，岛上还比市区要低1－2度。打开水龙头，水是黄的，热水也很小，不要说洗澡，洗个脸都勉强。拉开窗帘，外面是一片工地！住在酒店里，心比天气还要冷...喜欢清静的人大概会喜欢这里，因为除了总台有2个人，其他工作人员基本难得一见，所以要什么都得自己想办法。本来想打个市话，结果告诉我开通市话要10元／天，晕！我就打个问讯电话，还是用手机吧！
1	读过一次卡莉,心中总会有记忆,佩服她作为女性,能有这么艰难的优秀的经历,困难磨炼人的意志,激励人的斗志,卡莉经历了好多困难,但每次她都可以迎刃而解,勇敢的面对,让我心中升起自信的旗帜,高高飘扬,在以后的日子里如果有困难,我要学习卡莉,动脑筋想好每一件事,做到最好,我最佩服是卡莉的口才,她可以说服每一个人,这是努力的结果,我们也可以做到,只是做的未必好,未必恰当,这本书激励我努力做的更好,更好.....
1	全文总体来说还是比较搞笑的当然可能是故事情节原因 总觉得前面比后边好看后边纠结得让人有点未卜先知烦闷秦科并不是喜欢的类型 所以看起来总觉得磕磕碰碰的女主角的性格实在没有什么特色尤其没有主见虽然男主角精明过人 但是女主角也不至于迷糊得被人捏在掌心玩吧失去个性的人总是让人有种恨铁不成钢的无力感但总体感还可以不管怎样还是建议大家少看电子档 多多买书看纸质的吧
0	脏 吵 小 慢 就不多说了。 主要是安全问题！！！！ 忘了带门卡，正好看到服务员在附近，就叫他开一下门。她居然连我名字都没问直接开门让我进去了。瀑布寒…… 从来没见过这么方便的，要是小偷，哈哈，肯定笑死了。我电脑psp什么的还在房间，丢了都不知道找谁哭去
0	屏的色彩偏淡。 原以为用正版系统不错，可惜，只有一个分区，非常不方便，太不人性化，打电话给宏基售后问能否帮忙分区，回说须交1百元重装系统。晕！诚心让顾客多掏钱？网上下个XP，用USB光驱，搞掂。
1	真没想到我每次在当当网上精心为儿子挑选的图书,他都非常的喜爱,这一次也不例外,他很喜欢小嘀咕,每天晚上睡觉前及早上起床后,必定会缠着我给他读;无论他在哭闹还是在跟他爸玩打仗的游戏时,只要我一说小嘀咕,他就会放下手上的东西或停止哭闹,说:妈妈你现在就给我讲小嘀咕,我很喜欢它.他熟悉到可以把书背出来了.这真是一本很不错的书,图画的色彩稍微差了一点,但很值得推荐给大家!
1	外观时尚，使用很好，三天的全天开机工作测试和四天的正常使用，没有出现问题，第一步已经通过了，估计是不会出问题了。呵呵
0	原来是我浮躁的心使我不能欣赏如此的好才气！重读《今生今世》，竟是又一番滋味。张爱玲说，零用我的名字推销胡兰成的书，不能不避点嫌疑。然而，读胡兰成，是绝没有遗憾的。且不说说他用情浮泛朝秦暮， 单就他的盖世才情便让人不忍心一棍子将他打入十八层地狱。张说，对女人没良心的男人尽有在他方面认真尽耻的。胡便是极好的样本。他称张为“临水照花人”，寥寥数字，而张的境界全出——孤傲，敏感，卓尔不群，却逃不过心灵的篱栅。
0	房间超烂，看上去很破很旧，而且房间内还有一股长时间不开窗子的那种霉味，被子也很不舒服，而且也有味道，烧水的壶超级脏，根本没法用，房间也不提供收费的矿泉水，只能叫服务台的人给送，可人家竟然说要先付款，然后给我出去买，这是什么酒店啊，总之一个字——烂！劝大家最好别去！
0	买回来只翻了几页就发现不是地道的英语或美语，毕竟是韩国人写的，想想自己真可笑，想学英语居然不去买英美的作品，反倒是去韩国人的作品。现在只有当垃圾扔了，白浪费了钱。
1	电池的确耐用，整体做工也还不错。运行速度也尚能接受。机器是两年的全球联保，这个还是不错的。
1	双核独显，商务机，性价比不错，值得购买，放在家里上上网挺不错的
0	书是给我两岁三个月的宝贝女儿买的，她对此书没有一点兴趣。九岁的儿子也就随便翻了翻。他平时很喜欢看不同的书的。
1	笔记本发货速度快，整体设置合理，第一次买三星这个品牌，比想象的好。
1	每一本书的内容都不错，没有介绍的那么悲伤，人与动物的生死本就是一件自然的事情，只要在日常生活中给孩子慢慢讲讲就会接受的。我把其中的三本读给我不到4岁的孩子听，他听的很认真，对其中的内容很关注。故事的结构有些类同，但语言不错，图画也很好。只是美中不足的地方是有错字和漏字的现象，不能不说是一种遗憾。想想我们小时候看过的书，从来都没有错别字，让我怀念当时做学问的人的严谨。
0	为什么商务笔记本却没有摄像头呢？如果开网上会议之类的还得单配摄像头，不知道研发人员怎么考虑的。4芯的电池只能用两个多小时吧，有点不太够呵呵~不知是不是VISTA系统的缘故，开机和关机超级超级慢。
1	这本书非常好，非常值得一看，特别是谈恋爱的男女，还有已经结婚的夫妻，或者是想要和异性有更深的了解，都需要去了解这本书里面的内容，了解异性，你将赢得整个世界，了解同类性别的人，你只赢得半个世界，但是你了解同性别的人和了解异性后，你将了解全世界，无所不能。所以这本书是你幸福的关键，会让你赢得人生的。只要你想对异性有更深的了解，就必须要看这本书。
0	指纹太郁闷了......,刷卡不给开增票,不知道怎么解释,刷卡之前没说明,刷完了才说,我订单上明明写着开增票的
0	炒的很热，就买来看了看，但还是不太接受，也不好看，比当年看的《飞龙全传》差很远。
1	非常喜欢。乔落，当年的落落公主遭逢大变后却仍坚强的站了起来，你不得不为她惊叹。贺迟，从小就和乔落不对路，彼此都看不惯对方，可是在乔落最凄惨的时候却是他扶着她一步步的站了起来。贺迟爱乔落，爱得刻骨铭心、小心翼翼，而乔落也从起先的逃避、退缩到最后放下过往的一切，对贺迟敞开心扉，接受了他的爱。整本书是现在和回忆交错着进行的，感觉有一点杂乱，不过不影响我对这本书的喜爱。
1	性价比超高，早就想要这台机子了，最后还是在这个买了，还敢上特价，不错
1	虽然买D80很久了，可是我一直停留在普通拍照的水平上。前不久，看了朋友的作品，实在是有愧，于是想找一本书来提升自己。这是一本集单反机基本原理/结构/操作，摄影构图，人像/风光/纪实攻略的入门指导书。粗粗通篇读完，觉得收益多多，于是拿起相机把弄起来。小试牛机，还真是提高不少，朋友们说作品不错，那个得意呀，哈哈！再接再厉，继续努力研读，希望赶上业余中高手级（希望如此）。
0	想改下我对这本书的评论！！因为吧！！我又仔仔细细的读了下这本书！！话说这本书是老师推介买的！！以前读，的确没意思！！BUT！！现在发现，虽然风格不适合我，文笔应该还可以的！！
1	单单从机子看，性价比不错，但是没送包包是个败笔，我下单后就降价还送东西，这个我接受不了
1	不能说没有一点点问题，但酒店所有员工都在用一种非常的热情给每一个客人以尽可能的服务，所以，我愿意把最高的评价给这个酒店。
0	房间太小,到总台拿房间居然说我没有预定,还要在打电话到携程去确认!
1	时时都在阅读着这篇令人太伤感的小说，我是那样的爱狗狗，也一直希望自己能养一只狗狗，也是天天观察着自己身边一些些可爱的狗，然而爸爸妈妈却因为家里的条件一直没有聊了我的心愿，当我看到了作者简介、文章简介，实在忍不住了，强烈要求父母给我买下它。狗狗这种伙伴，是给人开心、快乐和幸福的。而当我翻完此书的最后一页时，不禁有了非一般的伤感。同时，我敬佩作者与狗狗，并买下了金毛寻回犬……
1	1.硬件整体配置相当不错。CPU 显卡尤为突出。独显512M，相当不错 2.外观模具，也是一个亮点。
0	"第三天就坏了.因为出差我在第15天(27号)拿到宏基维修中心检测报告后.当天发货上海京东.到今7月1.已过去5天.没有一点信息.我每天都花很长时间打电话给客服.得到的只是""我们会帮你催一下"""
0	感觉这个故事没有介绍里的那么吸引我，但绝对不是那个年代离我的生活遥远的关系。事件里的主角都太神话了，通篇就像是恋爱的人互相说的情话，绝对是一种很自我状态的表达，不是很喜欢~也没有很感动，故事太美好了，没有缺陷也就感觉不到真实了~
0	该酒店主楼房间还不错，建议最好不要住附楼，房间质量和酒店四星级的标准差距太大了。强烈建议该酒店提高人员素质！！服务人员工作态度差，入住当晚半夜1点多居然发现房间空调漏水！！晕啊，当时因为是便宜房间，本来还不怎么生气，想说通知前台换房就好了，谁知道前台居然来一句“这么晚了不方便处理，又没什么关系的，您将就下好了”……结果偶当时就发飙了。虽然最后由于我们坚持还是换了房间，可是还是让人一肚子气！我出钱住店半夜不能睡觉要搬动我还没抱怨，她一个在值班时间的工作人员居然还要不情愿，真是不知道什么素质！！！！
0	刚买不到一周，现在报价已经降了300。我是5799买的 。挺恶心人的 。
1	很喜欢这种牛皮纸封面，简约、平实，没有花里胡哨的东西。似乎是以前的那种同人刊物，有点复古的感觉．厚厚一本，拿在手里感觉挺好的。那天我在运动场边上看这本书，一个嫂嫂过来看到了很惊奇的问：什么书？看了封面，又很惊奇地问：正版还是盗版？得到肯定回答后又问：为什么印成这个样子？我也不知道该怎么说了．悠然心会，妙处难与君说．
1	7月10日入住的,因为酒店搞活动,所以原700多的房间只要498元.还是蛮合算的.地理位置不错.房间也不错.不过,如果按原价700多,有点贵了.总体还是满意的.
0	键盘不灵，最重要的是装了声卡驱动之后，电脑还是找不到声卡！屏幕发白
0	国产代工，电池部分设计不合理，装上电池后，与键盘平行的那一面有一点点高起来，有可能与屏接触。
1	开始在网上看到连载该书，觉得不错，决定买来认真读读。拿到新书，书封暗红底纹，暗藏着危机预警。用心读完，觉得全书人物个性鲜明，故事性也比较强。不错，不错，实在是难得的好书。
1	早餐很好,位置算不错,打车到火车站要十几员吧
0	货没到就降价100，不过不送散热器了。。。 用了2000-100的券。。 就是屏不知道是什么牌子的，没听过的牌子， 08年第一季度生产的
0	屏幕靠右边有一道高亮线，形状如长刀。 在京东买了多次东西，第一次碰到麻烦，应该是质量问题。
0	没送包鼠标，不过没什么关系，花个一百多买个好点的也行 vista正在适应中
0	书的毛边每页都有，就象没裁剪好一样！是盗版书！当当自己弄的图书难道不管装帧质量吗？这样的书卖人也太难为情了！
0	有点儿重，，屏幕有些偏色，没有光驱自装XP有点儿难度，主要是用USB外置光驱启动不行，发现是需要按一个F键才行，现在也不知道是哪个。指纹讨厌，建议出磨砂的。键盘需要适应，比我IBMT30的手感差远了。
1	配置合理，速度较快，没有系统，没有软件。屏幕没坏点。外观还可以,第一次买本,没啥经验也没有多少钱,送给妹妹的礼物,她高兴就好了.
0	书本的质量很差：收到的书本前面几页装订反了，有几页本来就没有装订好，直接就可以拿下来。寄回当当网换货，20多天了，一点消息都没有，写了邮件通知换货的原因，却没有见到任何回复。为了要换货，我还要特意去跑一趟邮局。这次买书简直是受气。这样的服务也太差了。
0	房间不干净，设施陈旧。以后不会再住，还是格林豪泰或如家比较好。
0	扩展口太少，USB接口位置全在左面，设计不太人性化，和送的散热垫不配套（散热垫的USB口都在右面），厚度有点厚。
1	通过携程预定的行政双床房(且提前付清房费)~最后居然给我们父女两人一间大床房~还一再申明没有双床房了~在我的一再要求下~最后虽然还是提供了双床房~但是印象大打折扣~ 补充点评 2008年3月24日 ： 温泉~住店客人是98/位~小鱼池是46~另外收费的~
0	镜面的容易留指纹，休眠后开机老出问题，可能是备份的问题，还没搞懂
1	去芜湖吃外甥的喜酒,10人,订了24~26日5间标房.住前看了点评,心有余悸.不过去住了之后觉得比想象要好.在这样的城市,这个价钱住得应该还算不错的.缺点,住4楼,窗前有一大平台,窗外景色不好.我爱好摄影,有点遗憾.
0	是第二次入住，因为离客户很近，图个方便。 先说第一次的入住，空调不冷搞得房间像桑拿房一样，我把它归类为运气问题，略过不计，可是网络速度慢到只能用不可思议来形容。中国电信的宽频服务在这个酒店居然速度比拨号上网还慢，我算是开了眼界。 再说第二次，从checkin开始，就让我决定了不会再来这个酒店住第三次，前台那个男员工，吊儿郎当不说，再加上一副爱理不理的腔调，问三句话还只勉强回了几个字，我想，那搞不好是老板的儿子，要不然我还真想不出酒店用这种员工的原因何在。早餐烹饪区的厨师也是不知道怎么教育的，老是躲来躲去，想下一碗面，站了半天硬是见不到人，后面服务台的小姐索性也装作没看到我，估计是希望多一事不如少一事吧。 房间设备这次倒是正常了。 想赶走一个客人就是这么轻而易举的事。没办法发现或管理好不适用的员工，那是酒店管理的问题了。我只能说，如果贵酒店觉得自己根本就不想做个四星级酒店，那我为了我的吹毛求疵道歉。也对绝大多数兢兢业业的员工表示歉意。
1	外观不错，快递沟通比较及时。没测试游戏，平时正常使用，硬盘声音不算大，发热量还凑合。
0	我购买了 ACER 4935G 的 都是LED屏幕，质量明显不是一个档次。这个4736Z的屏幕似乎是一样的，但是仔细看效果差很多，我都怀疑是雪花屏了。
0	我是3月6日入住的，当时查看了网友对其他酒店的评语，都不怎么样，选择这家是因为当时还没有任何评语。但结果是一样很差，根本不够四星，房间的衣柜里还有蟑螂，我当场拍死了一只。298元/晚绝对不值，和成都相比，价格相等，服务和设备相差太远，下次不会住那里了，如果可能，最好回成都住，绵阳-成都车程只有1小时45分钟。
0	这是我住过的最差的星级酒店,连招待所都不如，房间小，潮湿，连张桌子都没有，最多的就是蚊子.还特毒.叮的腿肿了一个星期，我住的房间墙上还留着沾着我鲜血的蚊子的尸体.如果有奉献精神的建议你住这里.
1	特价抢购，很实惠，现在价格4488还不带包，外观设计上档次，内外都是黑色钢琴漆带金属暗纹，比图片上漂亮多了，精致优雅有个性，朋友很喜欢。性能也不差6400.2G.250G.9300独显，还有那个LED屏，效果超好哦，同事都说像镜子一样亮，呵呵。而且应该是比较省电的，电池是SONY的，质量不错。鼠标在包装盒里，是联想原装的，不是配送的，质量手感都很好。联想包做工不错，确实是正品，比专卖店里的高仿好。
0	用调侃通俗的手法写明朝历史，既普及了历史，又让读者享受了阅读的快感，谢谢当年明月，太有才了！
0	我选择货到付款，可是告诉我不能送货上门，我在深圳宝安福永，是属于镇上，那为什么不能送到呢？当当网应该想一下办法，我是第一次订书，如果这样的话，只会把客户赶走
1	坚持一直看,开始学会察觉,现在的生活和感情非常好
1	酒店的大堂很不错,房间也很好,温馨、舒适，是个不错的五星级酒店。
0	原装1G内存太少了，集成显卡性能一般，触摸板比较生硬不好用，网络摄像头象素低，照片有明显颗粒感，只分了一个c盘有点郁闷，接口比较少，不过基本够用。
1	好东西大家分享呀！儿子很少把自己的爱书拿出来让他的小朋友一起分享的，但是这次他会把神奇贴纸放在床上，和几个好朋友一起做贴纸游戏。海边呀、精灵王国呀，都是孩子梦幻的地方，和小朋友玩的不亦乐乎，孩子自己都觉得这样玩贴纸比自己玩的更开心啦！
0	看了携程的其他用户评价不错 就选择了这家酒店。 挺失望的 前台的小姐出奇的慢 说话也很生硬。更郁闷的是 我们住的368一晚的房间 房间小 浴室和卫生间在一起 都是玻璃透明的 即使拉下卷帘 也有一面是无法遮挡的 所以 上洗手间觉得十分尴尬。
1	儿子先是读了《三国演义》和《西游记》，而后央求我给他买全套，正好到了六一，作为礼物送他，儿子爱不释手的。拼音版，适合低年级小学生阅读，可以让小孩子对古典文学有所了解。有了喜欢的书，儿子都不太看电视啦，还老考我，书里都有哪些人物讲了什么故事，等等。我也买了好多书，每晚和儿子一起阅读，享受当当带来的阅读的快乐，真的很好……物有所值呢。
1	价格便宜。性能不错。配置比较好。另外箱子里又送内胆包，包的质量还是不错的。
1	"因为这里有免费的宽带,才预定了豪华单人大床房...下面是我的一些优缺点评价: 优点: 1.环境不错,别墅型的房子..到处种的椰子树..一个大游泳池. 2.地里位置不错,属于市中心..2分钟路程一个大型超市(对于本地来说),..3分钟路程吃饭的地方很方便,走路2分钟不到就有水果市场..晚上周围的马路上也相当热闹 3.房间还算干净.. 4.有早餐,随便对付一下应该是没有问题的... 缺点: 1.房间比较小,热水好像是有时间才有的..因为我下午洗澡一般都没有热水 2.晚上上网的速度跟牛一样,根本打不开网页..不知道什么原因...问服务台,回答是""我们也是这样的"" 总体来说,200多的房价对于这样的酒店算是还可以了...我们出门总不能要求酒店就跟自己的家一样..再说了就是在家你可能也有时候会抱怨卫生间有味道,厨房太小..我们出来了总是随遇而安吧... 祝大家旅程愉快.."
0	1、虽然离鲁迅故里近，但故里的商贩晚上并不营业，整个故里晚上也没有灯光；咸亨酒店只提供套餐，三人套餐360多元，绍兴的水乡风光已不复存在，故住在此处的意义值得重新权衡。2、不能叫三轮车夫帮你找酒店，据三轮车夫说，帮顾客拉到客栈，客栈给车夫回扣20元。3、客栈无法提供24小时热水。4、房间不干净，设施陈旧且摆放的电脑形同虚设，根本不能用。5、门、窗均关不紧，属老宅，但与大理、丽江的民宅改造的酒店截然不同，胆小的要慎重考虑，免得睡不踏实。6、客栈承诺的24小时免费接送站服务是：接：需到火车站或客运中心后再与客栈联系，并要计划好等待时间；送：早晨8：00后才行，要赶火车、汽车的需提前与客栈预约；早餐需到7：30才提供。
1	不管是骨头先生还是它的主人威利，都一直在寻找自我，寻找灵魂的归宿，寻找乌托邦。威利年轻的时候属于垮掉的一代，吸毒、反社会、标榜自我、散尽钱财，贫病交加的时候仍在寻找他的乌托邦，汀泊图。而骨头先生，最后也是奔汀泊图而去。威利之于骨头先生恰似威利童年的老师之于威利，前者给后者迷惘的灵魂指了一条并不明朗但总算还是方向的路。谁没有迷惘的时候呢，即使是做为一条狗的“骨头先生”！
1	东西不错，外观设计的好，做工精美，质量可靠，京东的送货速度很快！ 京东的东西质量还是比较放心的，没有多大问题，包装也不错，发货速度赞一个，基本当天都可以发货。东西刚用上，很不错，比想象中要好。
0	预定的时候注明了要二楼房间，入住时是一楼，网上说加一份早餐10元，实际收15元。住酒店还要交停车费10元。豪华单间房间的地毯湿呼呼的，我真是无语了。但酒店大环境是不错，可惜这环境了
0	书买了很长时间，但是一直都没有读过，偶尔读一段发现根本没有读下去的毅力，可能是我对明史还是有一定的理解，我无法认同作者运用网络化、通俗化的语言来对明史的解读。尤其是今天早晨看到CCTV对当年明月的专访。我想主持人对此也存保留意见。
1	外形美观，配置实用。虽然装XP系统比较麻烦，但因为不玩游戏就直接装了VISTA，挺好用的。
0	实在是太失望了，本来希望能够增加词汇量可是打开看后字太小，内容太乱并不适合我这种初级水平，还有零基础入门版的书吗？要是可以换其他书也行！
0	8月头通过携程订的两间标房，340元一间，原想四星级的标房应该很不错的，可到那一看，简直就是一个招待所的水准，装修陈旧，房间又小，25寸的电视机还锁在柜子里。很不值，下次肯定不会再去这里了。
1	清新细腻的文字，温暖感人的情节，偶尔迷糊却又爽朗独立让人喜欢的女主，俊朗飘逸并且博学内敛的男主，还有那么多让我熟悉的中药方剂，每个章节的中药名称和章节后的汤药，全文细细读来，作者功力可见非凡，让我都感叹作者是不是中医学院出身啊。笙离的文字如流水，文中的感情也像流水，淡淡的，却很感人，也许，只有这样细水长流的感情才是最长久的。
1	朋友叫我帮她买，我也就顺带买一本瞧瞧，因为我相信她的眼光。她说她读高中时就知道此书了。看的时候，除了惊奇就是向往，真想身临其境呢，可是转念一想，咱们这些连狗都怕的人，恐怕达不到这种境界。仅供观赏吧，呵呵。本是给自己看的，没想到孩子也很感兴趣，也是，孩子天性喜欢动物。还有很多经典言论，譬如：“妈妈，怎么你的头发就像鸵鸟一样啊？”哭笑不得。
1	环境还不错，服务也还可以。环境比隔壁香格里拉也差不多，但是就便宜了许多。想游泳，但是被告知泳池在装修不开放，比较郁闷。前台小姐们比较吝啬自己的笑容。一次乘马自达到达的，门口没受到什么服务；一次乘进口奥迪到达的，就有人帮搬行李下车了。没人帮送行李去房间，估计看我们是中国人，没小费吧。难道要我去学两句日文？可是我不想学啊。 在二楼西餐厅吃饭和一楼大堂吧喝茶的时候，看到里面很多打扮妖艳说话口音各不同的女孩子，希望我是猜错了……如果我没猜错，和她们在一个地方吃饭不太舒服。
1	因为对此套书，女儿重复看的频率太高，让我很是担心，我不会再去购买此套书了，虽然她普及了科学知识，但也正它垄断了女儿读书爱好。每天抱着一大堆这套书，读来读去。我曾看过有人这样评价漫画书，说漫画书是甜点，所有的孩子都喜欢漫画书，就象喜欢爱吃的甜点，但只吃甜点，是会影响孩子生长的。此套书我已买了二十来本，打住不再购买了。我认为一两本值得拥有，但没必要象我这样大批量购入。
0	估计是太亮的原因，眼睛疼，担心是雪花屏，调暗点眼睛就舒服了。 机箱比较旧，机箱标明出厂时4月15日，电源线方面甚至有一根没包装，有点怀疑是返修机。电池在使用过程中只能显示百分比，不能显示剩余时间。
1	房间环境不错，前台礼貌服务也很到位，好评！
0	书本质量不错，但是感觉布局不是很合理，打开后感觉很乱，密密麻麻的，孩子也不喜欢它。
0	地理位置实在太差，就是在城乡结合部。服务意识也没有。出门叫车是完全不可能的。早饭吃了煎鸡蛋后，1个小时后就和同伴一起在轮流找厕所，拉了1天才好。。。。 补充点评 2008年5月4日 ： 楼下的估计好多都是马甲，居然还有人说这家酒店好的。
0	屏幕小点 14.1的平看起来 不是很舒服不过要是太大 拿着不方便 特别是出差 背着回家 3.5小时的火车 然后倒车回到家 感觉有点重 可能长时间不锻炼的原因，去惠普官网没找到怎么注册升级为两年质保
1	在可以返现的时候买到，总体来说速度也还可以，在这个价格上来说，很不错了。
1	优点就是LED屏，做工还可以，功能键挺多，居然配有蓝牙，惊喜！用过不少笔记本，这款运行时的声音还是比较小的
1	散热非常好，连续用四五个小时都不会发烫。换了XP系统后，感觉速度快了很多
0	看了1/3的内容了，感觉都是摘抄别书内容，没有什么自身美容经验之谈，凑字赚钱的嫌疑较大。
0	以前住过一次，发现了一只老鼠，后来看到别人说他们重新装修过，所以这次还是选了这个酒店。可是实在是让我失望，一切如旧，什么也没有变，只住了一个晚上，我就生病了。下次再也不会住这个酒店了。
1	位置有点篇，有一些民族风情！如果有机会可以去尝试一下
1	?小时候感觉最难的就是做一个孩子.??你吃了多少糖果,你就会掉多少颗牙齿.??大人只相信自己看到的.孩子只相信自己想到的.?非常有感觉的句子,仿佛看到过去的自己的某一些点滴,某一些记忆的碎片.看着现在自己的孩子在逐步成长,再看看这本书,也许我对孩子的要求就不会那么高了.能够自由的成长,享受真正快乐的童年.在长大后不觉得童年的记忆除了复习,考试就是大人的责骂,就是我现在努力的方向.
1	1、地理位置和环境不错 2、早餐也还可以 3、服务不错，特别是室内游泳池设施比较舒服 4、房间比较陈旧了，特别是拖鞋太薄，不像个四星Hotel
0	重装了系统之后，开机的人脸识别没有了，只能在msn里看到摄影的头像了，其他的就看不到了，找不到摄像机的位置，要安装其他软件吗？
0	我很愤怒，这本书我4月23号收到邮件说上海寄出，今天了5月7号了，我还没见到书的影子，居然让我写评论……希望像在当当上买书的朋友慎重了
0	装xp的时候很麻烦。驱动现在有个未知设备不知道什么东西。 别的都驱上了。
0	我买了一套，是送给男朋友的妹妹！妹妹拿到很开心，立刻开始播放，可时不时总是卡碟，并且断断续续的！好像是剪辑的，并且剪的不好，衔接不上！送给妹妹，真是好没面子！
1	酒店非常棒，，环境一流，。。 太美了，。。空气，绿化，。人流量。。温泉。。 有机会可以再去。。。 携程也经最大努力安排了很多事。。
0	这套书是我买的最失败的一套,自已拿到书就觉得里面确实有点乱,色彩也不是很鲜艳的那种,可能外国文化和中国文化还是有很大差异吧!反正孩子就是根本都不愿意翻!不知道其它的宝宝对这本书的反映如何??
1	三生三世的爱，爱得不渝不悔，在十里灼灼桃林的见证下，两人终于幸福地牵手，可其中的曲折辛酸向谁诉？ 在一切都风淡云轻后，那一句穿越千山万水而来的“浅浅，你过来”让人动容，让人感慨。文中把现代用语穿插进古代的情节中，风趣幽默，但同时又让人在笑声中流泪，其中好多东北方言，不知公子是哪里人啊！本书绝对值得一看！
0	这应该是我在用携程订房以来所遇到的最烂的酒店了，居然还是4星的。理由如下： 1，酒店所提供的房间是临窗的，下面就是一座立交桥，虽然是在10楼，但是还是非常吵，特别是上下班的时候，简直就像住在菜场里面。 2，房间的淋浴室花洒没有办法调整，站在淋浴房里你就得准备先享受享受冷水浴 3，门有时会发出神经质的报警声音，估计是报警器的接触不良，修了也修不好。 4，电梯太慢 5，整个酒店的小姐特别多，而且完全不分白天黑夜的到处乱窜，简直不得了 6，停车就不用说了，还要拿个票到前台盖章。有时候忘记了，好不容易开车出来到门口，发现没盖章，保安说什么都要你交停车费。再有就是你办事回来的时候千万不要遇上上下班，要不然，你就得和轿车、卡车、公交车、摩托车、自行车、行人甚至是动物争抢每一寸马路（真不知道立交桥下怎么会有这样的交通状况，就像是10年以前的中国县城） 6，而且，礼品有圈套的。携程写明有礼品赠送，其实就是一瓶水。我们刚刚入住酒店，酒店的前台经理（后来才知道）打电话告诉我们：酒店冰箱的可乐和鲜橙多是免费的。想着有携程的描述，还不错。哪知道一结帐，告知我们消费30元，因为我们消费了冰箱的饮料。后来前台经理才说，只赠送一瓶，可乐和鲜橙多任选。你想想，我两个人入住，只让喝一瓶，这是什么狗屁规定！一瓶10元，别说赠送1瓶，送3瓶都有赚的了。不知道携程有份参与没有，只是酒店坚持必须买单我们就非常不舒服，哪有星级酒店这么干的，客户与酒店产生异议的时候，从来都是酒店主动让步的，切！ 补充点评 2007年10月19日 ： 看到了下面的评价，我马上查了一下信用卡帐单，果然是预授权还没有取消，我的天哪，2400呀，就算冻结了，真是要命！
0	当人遇到这么多的无法改变痛苦事，又有多少人能够真正的去面对与承受。就算用结束自己的生命来逃避也需要非常的勇气，人为什么要活着也许只能用自己的一生来告诉自己！
0	不附送包，价格上不具优势，买早了几天，如果不算XP的钱，现在新出的几款上网本更具性价比。
0	就是靠名字吸引人的眼球内容空洞没有一点实际意义说的都是谁都明白的废话不值得读
0	我定的大床房，房间靠主干道加上隔音很差，吵得要命，我整晚都没睡着，如果睡眠不好的朋友要考虑一下！
0	第一次装XP 竟然键盘不能用 型号最后被我搞好了 还有就是我同事看见那送的鼠标后 都说是假的 不过是送的 就没什么号介意的了
0	比想象中的差远了,没什么可感动的.语言平淡,人物苍白.总之怎么也无法理解那些说这本书感天动地的人.
1	本机配有VISTA系统,不知道为什么京东的客服说本机只有DOS,难道是在给我们惊喜?而且驱动也是有的.总的说本机非常不错,最重要的是非常超值.到底怎么个超值法,先卖个关子,只有购买了才知道.
0	垃圾,相当垃圾,1和2好多都是重复的不说,还总是买关子,什么这个的详细内容看第二本的多少页,那个内容看第一本的什么地方.诸如此类的数不胜数.总体感觉就是再变相让你买他的书,手段相当下贱.而且字大行稀........
1	ACER每一款机总有一处是吸引人的，有得必有失，这个价买到这样的机子值了 键盘不错，手感好，打字很舒服
1	酒店设施确实旧了，但地毯可以换啊，好破还好脏，服务态度不错，每到一个客户，都有服务生送你进客房，还有一壶带保温设置的茶附送进房，很温馨。
1	碰上酒店做活动，加了40元给升级到行政房。房间还不错，比较新。服务员是实习生，不熟练但态度认真。前台态度也不错。 不过房间有些状况。到半夜无奈要求换房，后来也同意了。总体感觉还是不错的。 酒店地理位置也不错，如果价格再便宜些就完美了。
1	性能不错，满足日常需求，特别喜欢550的造型，很帅，15寸大屏幕看起来很爽，赞一个，杜比音响效果很赞~~支持联想
0	书上的单词均没有音标,是这本书的特大缺陷,不方便读者们拼读,更别说好记了,遗憾,如果退货不用钱我一定退!
0	“奇书”算不上吧！只看结果，成功固然好，但是不一定每件事都要拿出来说。。。
1	主要是房间非常好，协程定了还不到400的豪华间，还送了一水果盘。唯一不足的就是房间有点老。据说周边新开了个香格里拉，所以应该会有比较实惠的价格来吸引人的。
1	总的来说,比较干净,而且地理位置很好,市区繁华地段.进出方便.
0	前台的人该好好上上培训课了,永远一张扑克脸,我是顾客又没借你钱,干吗要看你脸色.房间的设施越来越旧,洗手间的毛巾该换了,如果不是因为方便工作以这样的价格绝对不会考虑入住. 以前住了很多次,以后会考虑换酒店. 还有评论真的有用吗?入住别的酒店留评论以后都会看到酒店管理层的回复,比如大连的银帆酒店.新协通的回复怎么从没看到过,所以才会没改进.酒店管理层自己都不思上进何况下属.
1	完美三星屏，三星内存，改ide装xp，装sata驱动，一切顺利，音质不错，比我朋友的索尼强
0	我居然连货都没收到,后来也不知道找什么人解决.就这样白白的给了钱,却什么都没收到,怎么办
0	非常非常一般的酒店，无法跟如家或者莫泰比，居然还称之为是环保经济型酒店，汗啊。第一次见到房间里有燃气热水器，还是“前锋”的，是那种开了之后发出哄哄声响的！！！床也不舒服，垫被会移动，毛毯。。。古老的毛毯啊，已经十年没见过乐。唯一称赞的是地理位置，附近吃的喝的倒是有很多。
1	闹中取静，交通方便，价格实惠，服务基本到位，房间设施虽稍显简陋，但值得推荐。
0	驱动程序不完备，尤其是硬盘的AHCI无法打开，后来用IBM的驱动解决的问题。 声卡需要装两次驱动在能完成安装，第二次需要对应显卡（HDMI）再装一次驱动程序。
1	总的来说，这样的酒店配这样的价格还算可以，希望他赶快装修，给我的客人留些好的印象
1	设施有点老化了，但毕竟是闹中取静的地方！洗漱用的东东配的挺齐全的！
1	前台服务挺热情的，周围交通也还方便。只是酒店卫生间相临的地毯潮湿，有点发霉。但是价格便宜，性价比还过得去。
1	《阿拉伯现代文学史》一书由北京大学外国语学院阿拉伯语系知名教授仲跻昆先生撰写，是国学大师季羡林先生主编的东方学研究精品丛书“东方文化集成”中“西亚北非文化编”的一本。该书概述了阿拉伯文学的发展轨迹，对近现代阿拉伯文学的复兴过程做了翔实中肯的描述和极有见地的评论。语言简洁优美，可读性强。纸张质量很好，排版也很漂亮。非常适合阿拉伯语专业或研究比较文学的学生作收藏。
0	我为国外来的客人订了一晚,第二天离店时,客人说晚饭在酒店餐厅吃鱼吃坏了,肠胃不适.偏偏又要赶飞机,送到机场休息室又吐又泻.飞到曼谷就进医院了,住了两天,举目无亲的在泰国.接下来的出差行程也取消了,从曼谷回美国去了.弄得我又内疚又担心.你们这也算上海4星的水平?注:他们入境3周了,这是最后一天,不会是水土不服! 宾馆反馈 2008年8月13日 ： 您反映的情况我们非常重视，我酒店作为一家涉外四星级酒店，对客房、餐饮的操作规定是相当严格的，酒店中、西餐厅的食品原料保存及食品加工都是非常专业的，酒店开业至今也从未发生过因食物引发客人不适的投诉。但我们还是对客人的遭遇表示抱歉！希望他能早日康复！
0	模具很一般，背面没有散热风扇的进气口，另外我去自提的时候被告知我买的是没有杀毒软件送的，和解？
1	日本一直是道教研究的重镇，取得了十分令人羡慕的成果。《真诰》校注就是其中之一。《真诰》是南朝梁时陶弘景整理的重要著作，记录了早期上清派的历史，对于我们认识早期道教的产生发展极为有用。但是，其用词简古，不易通览；用典繁多，难以深究，历来就是一本十分难读的书。日本人不惮劳苦，用尽十年功力，做出完整之校注。不仅对其文字进行了考订，而且对其用典、术语进行了校释，方便了我们阅读利用此书。
1	1、内外兼修：外部材质有创新，内部性能兼顾了Thinkpad的强大性能。 2、送货速度快。
0	此酒店硬件设施非常差，比如：房间是KTV包房改的，被子很薄，早餐在简陋的包房里就餐（早餐太简单），服务员叼着烟往餐厅里送早餐，大堂只有一个男女公用的卫生间，里面还放着两辆自行车，等我到了酒店服务员还找不到我的订单等等。所有这些都是客观事实，并非我捏造。
0	优点： 不错的本本，就是屏幕小点 不足： 不错的本本，就是屏幕小点
1	算来也在本书所涉的领域呆了五年多了，学院描述实业能到此成色，非常好了！倒过来，也释然当年在大学的时候业务课程学多少忘多少，呵呵。不和实践相结合，确实难为在校大学生。现在的学生至少还生活在信息时代，还能打开涉及的一系列网站，印证书中的知识点，可就算这样，相信也比较有限：）
0	为什么玩魔兽争霸有的时候会卡?完流行蝴蝶剑直接显示不出来,甚至黑屏.512的显卡还这么垃圾?
1	外观和做工还算不错，挺显档次的，花里胡哨和华而不实的东西不少。如显卡切换功能，和指纹功能等等。送货的哥们在我拆箱时，告诉我，如果里面不是电脑，让我拿砖头砸某某人，挺可爱的。但快递送货人员声明：”他只管把货送到，如果里面是假货或残次品或砖头，他概不负责，有问题让我找京东……也就是说当场验货是无效的“。呵呵，我幸好有颗大心脏。此外，毕竟京东的东西便宜，出了问题也不是出于京东本意，我这个老顾客还是理解的
1	很多年前住过一次。这次是第二次住。房间很大，也很干净。由于酒店门前的道理好了，因此也方便了很多。酒店李南滨路的美食一条街不远。 酒店的早餐真是非常不错，和很多更高档次的酒店比也不逊色。 但是这么多年感觉酒店的外观太旧了，大堂也没有了四星级酒店的气派。
0	刚开机，电脑风扇直接运行，出风口热风呼呼的一直不停，吓一大跳，不过装XP完系统后就好了。没有XP驱动～～建议华硕赶紧加上
0	这个作者本身屁都不懂，写点虚得要死的东东，骗大家眼球。唉，损害中医的形象，建议大家不要买，俺买了后有相当的上当感觉
1	外观大部分还是IBM的风格，内凹的显示器，不错的键盘触感，红点等等。。。 整体有一种磨砂的感觉，摸起来很舒服，各方面设计还算合理。屏幕不错！
1	本本质量不错，值得信赖；另外，京东的服务的确很快，服务态度也挺好。赞一个！！！！
0	看了两边，第一感觉是--很一般。内容上，真不敢苟同，还号称是学术明星，于丹的同志的见解真让我张了见识！页数大可以压缩到50页，何必浪费纸张呢？难道孔夫子没教育你怎么搞环保？评论到此结束，懒得浪费我得笔墨！
1	挺不错的一本书.当我读到“大篷车马戏团”的动物演员们向小狮子奥里奥诉说它们在马戏团所受到的待遇时,女儿说：“我听得都要哭了。”我趁机告诉她，动物同人类一样，都是地球大家庭的一员，动物是我们的朋友，人类与动物要和平相处，保护动物可以保持地球上的生物多样性,保持地球上的生物多样性可以维持地球的生态平衡,这样人类才能生存得好.。
1	这本书的最大有点在于它的朴实和实用，书里没有什么说教，没有什么大道理，但是教给我们许多与孩子交流沟通的技巧，再加上一些练习，对我们教育培养孩子确实有很大帮助。我想，如果照着里面说的去做，即使不能说百分百地有效，但一定会大大改善与孩子的关系。可惜许多技巧我现在还没办法去实践，两岁半的孩子还停留在无理取闹的阶段，不过很快我就可以用上这些方法的，所以现在要抓紧学习，呵呵呵。
1	这本书简易懂，我觉得对我最大的帮助是让我了解了人的成长历程——主要是婴儿期不同方面的成长，让我在实际生活中对我的小孩多了一份理解，他难缠耍赖的时候，我以前虽然是用不同的方法解决了，但是心里难免烦躁难过之类的，看过这本书后，我再面对我的孩子的时候，不会再头疼了，他的不同的表现都是符合他这个时候的年龄特点的，我会更加理解他，耐心欣赏分析他，也会调整自己做一个更好的妈妈。
1	不错的酒店,地址不错,在市中心,酒店服务员态度很好.
0	很明显携程的客人没有受到礼遇。用了8年的携程，第一次怀疑是否有必要继续用携程。 2星期前预订的是大床豪华客房要求面对泳池，两大一小，下午3点托人办手续入住居然给了一个1.5米床的单间，至11点回酒店时发现不对经交涉才换了一间边远地带对着住宅的两张单床豪客，理由是有会议没房了；晚上11点拖着行李箱和一只伤脚还带着闹着要睡觉的小孩在酒店奔来奔去绝对令人愤怒。 致电要求大堂副理上门解释没有下文，向携程投诉的结果是酒店不会道歉不会免费升级不会减免房费但可以免费送个果盘……靠！当咱是讨饭的呵！ 这种服务态度不会再来了！当然酒店可能一样不在乎你携程的客人来不来。
0	没有系统，安装XP好麻烦！（想装XP的朋友，可参考：http://tommyjade.blog.163.com/blog/static/91910950200952821959864/）
0	快递员都没有送到楼上，要我下去拿货，感觉有点别扭，希望京东在快递送货时完善一些。
0	我上当当的新用户，第一次在当当买书，可是14号都已经发货，到现在都没有收到，实在是大失所望，我不知道该向哪里讨书！！！
0	能把英文写成这样子，也真难为作者了虽然有些搞笑，可惜不喜欢这种风格而且，中英混杂的读，是能记住一些词汇的，倒是把阅读能力搞坏了。
1	5、感谢作者给我们这样一份美好的礼物。
1	看到有新的卡梅拉，立即有了一种不一样的感觉，欣喜、激动，没想到在七之后，还有八、九，就象又捞到了一样，迅速下了单子。在看到网评的时候，说是必须带上七才能买，还有一些犹豫，但是当当已经为我们考虑了这个问题。所以，我的这两本就是分别下的单子，也请想要买给孩子们的家长，赶快行动吧。书中的幽默与可爱不仅仅是文字，我觉得更吸引我的是图画，太可爱了，无法描述，只有看了之后才能共同分享。
0	纵观整部书（上下两册） 从文字，到结构，人物，情节 没有一个地方是可取的虽然有过从业经验 但并不是有过类似的经历就可以写书的文字的东西 需要表达 需要雕琢很失望的一本书
1	先是看过《且是天下》，然后发现了她，于是买了她，看了她，很喜欢女主那喜欢就做，不喜欢就不走的性格，有点像白风夕，幸运的是她早早的离开了那束缚他的地方，虽然代价高的让人难以承受；喜欢意遥，那就是喜欢了就是喜欢了，没有任何原因。其实看《且是天下》的时候就为玉无缘难过过，现在看到意遥有好的结果真觉得幸福啊。
1	绝对的市中心位置,对面就是丁香莲,隔壁就是卖最好的湖笔的王一品总店.步行5分钟就是最热闹的红旗路,定的是豪华双人房,因为
0	1，整个房间找不到一个纸巾 2厕所里没有抽风机，不知道是不是以前有人投诉过抽风机吵到人家睡不着就拆了， 3煲水的水煲都没洗干净还有黑黑的水垢都有，连倒水出来哪里都还是有。 4冲凉房踏脚塑胶超级脏，黑到可以吓死人。 5电梯没有空调，在这样的大热天走进电梯没空调，焖在里面大家想想舒服吗？ 6我有一个朋友说走上楼上客房走廊好像走进桑拿了，说明走廊是多么的丑。 7我在房间用完了的纸（这里指的是写东西的纸，像有些朋友经常出差在外难免要用纸张写东西）服务生收房间竟然不放纸。 8新国际展览中心打的要12块，在展会出来打的居然没人知道那个酒店在那里，说在锦江之星哪里就有人知道，酒店在一个小巷里不好找。 有一点好，门口就是小店。交通还好。周围没什么吃饭的地方，就有一家西餐厅，老外说不好吃，酒店本身有中餐，没去吃过不知道好不好吃。房间倒是还干净。 早餐好难吃，东西又少还要20块。 酒店前台服务马马虎虎，女人去问她什么她会不理不采的，建议女性朋友不要去住。 以后不会再住这家酒店。
1	我一直以为世界首富是比尔&#183;盖茨或沃伦&#183;巴菲特，现在我才知道哦啊世界上还有这样一个隐形的真正世界首富，而且他们还与世界历史上许多战争和金融危机有关。原来世界史还有这样的一面，真是令人打开眼界。
1	想买很久了，终于在京东赠送很多东西的情况下，下了订单。京东总部自提点的前台MM都很灵的：） X200的外形比较经典，很喜欢非镜面外壳，CPU性能很不错
0	前台小姐的态度不好，房间一开门走进去，一股发霉的味道，而且阳台的门的玻璃是坏的，cheak out的时候前台还让我们赔钱，说我们把门弄坏了。前台小姐兴冲冲的跑上来说隔壁的客人投诉我们太吵，要我们做房客登记，态度差的一塌糊涂，隔壁是客人，难道我们不是客人吗？而且我们一开门，隔壁比我们吵多了。反正就是一个字：差！
0	看到了书，首先感觉内容杂乱，一开始好几页互相吹捧的话，然后好几十页废话，接下去一会儿谈谈这个、一会儿谈谈那个，还偏要按个标题，把每段里面的话重写一边，浪费纸张，（如果要着重表示完全可以用黑体加粗印刷），人为增加篇幅，增加页数，提高定价。内容也不实用，感觉上当了。
1	一直有这样的想法。虽然现在玄幻类小说已经被炒得沸沸扬扬，但不得不说的是蔡骏还是先头部队中不可缺少的一员大将。《谜小说》有了蔡骏一群年轻有为作家的加盟。我们还有什么理由不拭目以待等待更多更好的作品呢？这次最吸引我的反而是书中向广大读者征集稿件的消息。按耐不住的我们也许也该放手开始写了。我们真的需要更多的蔡骏，让灵感的河流永不枯竭。
0	当当网上宣传的很好，但是内容没有什么实际意义，并没有从书中学到什么新鲜的知识与想法。书的质量也不好，买了可以随便看看，越看越想睡觉
1	产品外观小巧，性能稳定，功能齐全强大，适合办公，学生使用，价格特别合适，还有dell的品牌和售后保障
0	这本书是我08年所读的书中，较有收获之一。书中的一些观点打破我一些惯有观念。作者将二十岁年龄段里出现的迷惑作了一定的个人观点解答。值得处于这个年龄段的女孩看看。
1	我也是5499时买的，本来想买NN901PA但没货，看这款降价就买了。 硬盘通电6小时，完美屏。运气好啊~~~~~
0	当初我就是因为看了很多好评才买的这本书，虽说钱不多，但本人向来不是胡乱花血汗银子之人，尤其是兴致勃勃地胡乱花更是少之又少，这本书是个特例。实在搞不懂怎么会有那么多人给好评，看来这年头大家对书的要求太低了，是个人就可以写书了吧！强迫自己看了这本书的大部分内容，也还是没有得到什么实质性的东西,现在是务时社会啊,浪费我的银子就算了,可也不能再浪费我的宝贵的生命啊!我家本已不大，此书无异于鸡肋,有位仁兄说的好,炒作,没错,就是炒作,且煸动性极强。以上纯属个人愚见，仅供参考！
0	有可能是世界上最差的星级酒店，电视都没有，床头柜只配一个，如厕需经走廊......一句话,烂尾楼改装酒店,又不肯花钱,连民工出租屋都不如.
1	小巧,电力威猛,做工在同类产品中属于上乘(价格也如此),配置丰富,蓝牙,摄像头,读卡器,3个UBS口,键盘质量好
1	在你我都在被利益与物欲所迷惑的今天在拜金主义与千年儒学相互冲突的今天《狼图腾》的出现无疑是会引人深思的刚刚高中毕业的我或许还没有资格能去评论这个社会什么但当我的老师在给我推荐《狼图腾》时我在看过介绍后毫不犹豫的下了订书单刚看完一章似乎就有种激昂在血液里的某种莫名的想要去探寻作者意识的冲动此等好书无需太多的言语去形容它的美那也应该就是超越了常人般你我的文字
1	新买来送女朋友的生日礼物，这次京东送货很快，周四下午定的，周五就送到了。机器速度不错，金属感觉很好，比网上看的漂亮多了，屏幕看着很舒服，特别是开关显示灯等小细节十分讨女孩子喜欢。
0	键盘稍微的不是太人性化,货到手时感觉logo有划痕,本来还打算换呢,后来发现把表面的贴膜去掉是完好的,没划痕 ,稍稍有点重 2.4KG,如果上下班开车或者偶尔背着上下班的就无所谓了,自我感觉能接受.
1	偶觉得这句真的好有道理。道出了我的心声啊！“出租车就这样，你有事时打不到，没事时看见空车到处串，见一个烦一个。”
0	应时浮华之作，商业气浓，医学水准有限。翻翻而已，千万别太认真。尽信书不如无书。
0	看了之后发现差距，但是如果重新选择的话，我还是不会变，路还是要自己走，踏实的走，此书没有想象的好~
1	一本提高高个人修养和能力的书，无论我们从用角度去看玫琳凯化妆品公司、玫琳凯.艾施其人，但这本说能给我们的智慧确实不言而喻的
0	订的单人间，结果没宽带，换了商务单人间，却是在后面的贵宾楼---一座四层小楼里。房间条件很一般，不过就是撤了一张床的标间。窗外就是院墙。房间隔音很差，听得到隔壁的鼾声。
0	声音有点不好，电池的确不经用，也就1个多小时就没了。cpu的温度一直在50度以上，不知道什么回事
0	没蓝牙 没纸质说明书，虽然我要它没啥用，但是送人的，人家应该需要
1	当时是特价促销时买的，没有想到还会降价。键盘手感不错，性能还好，电池续航时间值得一提，差不多都在8个小时左右，真的厉害。
1	便宜，最便宜的。 个人认为160G比250G好，安全。 安静，呵呵，挺好的 虽然在外观上比那些5000多的本本难看和原始些。但我拿它不是用来看的。
1	受同名电影的影响，在读的时候眼前总是浮现出爱德华诺顿和纳奥米沃茨的身影。此时我尚未读完，刚读到瓦尔特死去，心中感到既惋惜又无奈。毛姆的小说总是让我感动、感伤，读后常常陷入沉思，许久不能自拔。这部小说中对旧中国城镇环境和人物的描写令我不快，虽然也许是那时的实际情况，但毛姆似乎充满了西方人对落后中国的优越感，我这个狭隘的过分敏感的中国人颇感不爽。总的感觉是非常喜欢。
1	如果当初我勇敢，结局是不是不一样。如果当时你坚持，回忆会不会不这样。我年少的爱人啊，你在我身上刻下伤痕、刻下时光。在那些泪眼相望的夜，我依然记得，你便是爱情本身……年少时，以为爱能超越一切，那时不明白，世上另有一种力量，叫做命运……喜欢这几句。。。。。爱情就是那么无奈。。。。明明相爱却总不能在一起。。。。哎~~~书的情节好纠结啊~~结局还不错~~悲伤的结局才更难忘嘛。。。
1	这本书与一般的儿童书籍不同，让孩子知道结局并不都是“幸福地生活在一起”，野兽也会永远不可能再变回王子，“无法挽回”也可能就是结局。这是生活中经常遇到的事实，达尔让孩子们了解到现实的残酷，但我们不需要因为有不好的事实存在而沦陷在绝望中。生命的意义被达尔在这本书中向孩子们揭示：生命是用来做有利于人类的事情的，生命的强大，不在于它的长短，而在于你是否能用自己的生命照亮更多的生命！
0	内存偏小，不过送了1G，就是2G了，还是怀念XP系统，不过照情况看来预装系统vista是大势所趋了
0	作者提倡内调，不信任化妆品，这点赞同。但是所列举的方法太麻烦，配料也不好找。不是太实用。
1	MP3文件太大，本想放在手机里常常听听，但无法选择段落，每次都得从头开始，不大方便哦！再就是，随书的光碟很易损坏，可否将MP3文件放在网上，购书者凭书的序列号或别的什么上网下载，就避免来回寄书的麻烦了哦！
0	屏幕尺寸比Hp14寸小；键盘容易进灰，建议京东送键盘贴膜；摄像头刷新率好像不高，总闪。从官方网站下载了所有驱动，统统装上，发现还有三个PCI未知设备，很郁闷，谁能告诉我这是啥啊？
1	机器做工很好，设计很内联，依然有ThinkPad的风范。轻薄做得很好。包装非常严谨，显示效果还不错。送的包感觉做工不错。
0	左右键不太好用，比较僵硬；自带的LIUNX系统太差了，很多东西都不兼容，很麻烦；得换系统才行；还有自带的输入法垃圾得很，字都弹不出来；因为是小页面屏幕的关系，一个页面断成好几屏，感觉需要适应
0	单词难易程度差的很多，有很常用的也有压根不用知道的，看了也不能增强记忆，无趣。
0	定了这么久的书，没遇到这样的，舒适送给老人的，说是赠送全彩经脉图根本就没有。
0	1：USB，网口，电源口全在左边，不习惯。 2：电源适配器噪声太大，烫手 3：没送鼠标
0	宜宾还有很多好的酒店，比如说叙府宾馆就不错，不知道为什么携程没有签这个酒店。
0	我11月9日下的订单,可到现在了还是杳无音信，还有首页不是打出６．８折封顶的宣传吗，但实际却有超过６．８折的东西在销售，电话咨询回答只能以购物车的价格为准，当当的服务真的要改善一下，不要以为做大了就不思进取了．
0	隔音效果非常非常非常的差，睡在房间里象睡在马路边一样，路上声音听的清清楚楚。我还是看了携程上该酒店的点评，采纳网友意见预定了5楼以上的房间。结果还是非常的吵，到晚上12点还是睡不着，只好打开电视以掩盖马路上的车声。不知道几点睡着了，一大早就被车声吵醒，一看表，才早上4点！才4点啊，也就是说就算晚上12点我睡着了，也才睡了4个小时。头疼啊，白天还要工作啊，闭上眼睛努力睡，怎么样也睡不着啊，太吵了。坚持到5：30实在是受不了了，打电话给前台，问有没有安静点的房间可以换，现在不能换晚上换也可以，答曰：没有。盯着天花板熬到6：30，起床。在早餐厅灌了3杯咖啡后，马上去退房。本来是要住三天的，实在是受不了这个吵啊。真不明白这样差的条件怎么在携程上有4.0的评分。 另：1.电视播放太复杂，不方便 2.服务员服务意识不强，没有为客人着想、以解决问题为本的意识。体现在早餐券、开发票等问题上 3、网线太短，大概就20厘米长吧，不能在床上上网 4.电源接触不好，电脑电源连到插座上时火花噼里啪啦的冒，当时我想：因为电源问题损坏电脑不知道 酒店赔不赔 再次表示疑问：这样的酒店上怎么会有4、0的高分数， 宾馆反馈 2008年3月30日 ： 首先感谢您的入住并提出宝贵的意见，由于房间的环境问题影响到您的休息为此我们深表歉意。对于您提出的一些问题，我们会酌情整改，另外酒店早餐是凭房卡用的，没有早餐券；我们客房中心随时都为一些有特殊要求的客人准备了较长的网线，如果有需要只要一个电话，马上送到房间。非常感谢您的宝贵意见，真诚期待您能再次光临，给我们一个能为您提供更好服务的机会。
1	价格公道，配置均衡，处理器、主板芯片、显卡都是新一代的。A面外观还可以。另外感觉很轻薄（可能是整天用小黑的缘故吧），便于携带。带驱动盘，不用去网上找费时间。
1	TM的机器发热控制要比家用的好，价格方面也很不错，这个价位这个配置，只能用超值来形容
1	感觉非常奇怪,这套书我明明都写了两次评论了,可我的当当始终提醒我对这套书写评论!晕啊!这是套很好的书,也不用我写几次评论吧!
0	酒店是挂星四星，但也就二星水平，早餐花样太少。如果是四星就按四星去做，如果说房价低就不要挂四星，以后考虑换其它酒店。另外宽带还得收20块。
0	"建筑较老,房间内饰一般.属于地方典型的老式3星饭店.门卡经常失灵. 特别是服务上还没有形成为宾客服务的理念. 当门卡无法开门去前台做卡时,刚对饭店提出意见.让人无法相信的是前台的服务人员竟然说""谁让你们总是一天一天的延住的!"" -事实上在前一天刚刚续住了3天. 这样的服务态度也就是在N年前某县的招待所遇见过. 对于省会的五星级酒店实在是无法评价.结果是和前台吵了一架.搬出了这个酒店. 性价比上(价格和房间的内饰)远远比不上中振和华庭.当然如果对房价没有要求的话还是世贸比较好."
0	酒店太旧,不象4星,房间隔音太差,隔壁打了一晚麻将,太吵了
0	京东给选择的快递公司送货太慢了，而且外包装上还有很深的磕碰痕迹，还好里面的包装完整无损。
0	下订单过了4天还没有收到，不知道当当的配送是否都是这个效率？投诉过去，客服回复说属于正常现象，处理订单时间当当说了算！
0	没有送包，没有蓝牙，没有系统，sata硬盘，装系统可是费了劲了，最后花30去电脑城装的系统，还不能用ghost备份！！！！！！！倒了
0	免费接机用的轿车。宽带上网只是一个摆设，根本不能上网，叫了几次前台也没有解决，最后只能用电话线拨号。我住的客房面对公路，隔音效果不好，早上卡车经过很吵。晚上有小姐骚扰电话。对面有韩国旅行团入住，小姐进出频繁。听朋友说那里的小姐比较宰客，谈好的价钱只是台费，最后还会另收天价小费，不给的话，会有鸡头进来跟你谈，挺恐怖的，最好不要尝试。
1	虽然书名是“好妈妈胜过好老师”，其实对爸爸也有教育意义。书中理论结合实践，通过生活中的小事阐述如何正确的引导自己的孩子，从小培养孩子建立良好的性格。从书中看到，以往生活中经常见到的教育孩子的方式方法，很多并不是最好的，而且有些还是错误的，会在无形中给孩子树立坏的榜样，或前后矛盾的指导。个人认为该书可以把帮助爸爸妈妈确定教育孩子的正确方向，对爸爸妈妈本身也有教育意义，推荐大家看看。
1	新世纪大酒店真不错，我已是第二次入住此酒店，酒店房间又改造了新的单人间，内部还配备了液晶电脑和传真机，下次来就不用很麻烦的带电脑了，这次还正好赶上游泳馆开放，室内游泳馆的冲浪很不错，建议大家也来享受一下．
0	就是我买了以后不知道安装瑞星杀毒软件,没有ID号,把哪个包装盒扔了,就难道不能安装ID号了吗?激活不了ID号了?请教高手?
1	一个朋友说过,男人一旦开始爱了,会比女人更认真。沈先非就是这样的男人。“如果我们之间有1000步的距离，你只要跨出第1步，我就会朝你的方向走其余的999步。”平淡却很MAN的告白~~~一个误会和一场意外导致了两人五年的分离。但他们的身体上有彼此的痕迹，即使走丢了，最后还能找回对方。桑渝锲而不舍的追求绝对堪比玉面小飞龙。阿正和郑微的故事在这本书里完美延续~~~
1	我的英语还算可以，打算买这本书之前就听别人说过这本书挺好的。但还是不放心，就去书店看了一下大概。本来想三本都一起买，但第一本——也就是初级教程——对于我这种英文水平的人来说太过于简单，所以就直接买第二本了。挺好的一本书，大家如果英语基础已经过了四级，甚至过了三级，完全可以从这本书开始学习英语语法，而且里面的内容也非常实用。我很喜欢这本书！
1	外观时尚,性能还可以，前几天一直在这里发，可以都发出去来，不没有到评价的时间，现在可以了，本人由于个人原因，需要转让这台机，带京东的出仓单和发票，我是本月24号收到货的，以2500元的价格转让，我是2799元买的，要的请加QQ：63410093，如是广州的朋友可以见面交易！（非诚就就要打扰了，谢谢！）也请管量员不要删了，给大家一个机会，大家好才是真的好！
1	买回来后本以为这本不没什么特别，但出乎意料儿子即觉得很好笑。我问儿子好饿的小蛇看到一棵苹果树会怎样做呢？他就说先爬上树把苹果吃完再下来，但一翻到后面就大笑起来了，还说那条小蛇是傻瓜蛋！还有书的屝页和尾页作了前后照应，每次读这书他都要把前后两页的树数一下，数到后页少了一棵苹果树时又大笑起来了，还反复的数反复的笑，儿子看这书真能感受到他天真可爱的一面！值得一看再看的书！
0	炒作的那么热，可能只是我们的一厢情愿，宝宝平时最喜欢听故事的，可是对这套书她一点儿兴趣也没有。只能我看了，困啊...乏啊....我们家没有“外文”基因.....
0	既然屏幕小体积再小一点就更好了，这点事先是知道的，但总觉得有些别扭，那么宽的边框幸亏没买白色的，不然那大黑框一等很难看
1	自带了一堆鸡肋软件。配置还算均衡，虽然是sis芯片组---我怀疑这就是热源。。
1	机器性能不错。性价比比较高。还送1G内存， 这样就成了2G内存了。跑Vista也行，不过vista占用系统资源比较打，只是做的比较炫而已，建议安装win xp或者 win 7 beta版。
1	微星的键盘在众多的上网本里是一流的，手感不错。这个价格跟我两年前买的手机价格差不多。买之前问过京东客服说没有内胆包的，但实现上有。
0	被评论误导了，没什么意思，内容也太好，讲的道理也太幼稚，好像我们80后都是白痴一样的。我觉得姐姐妹妹还是不要买。举的例子都是韩国的，也不适合我们。
0	这个酒店唯一的优点就是位置好，离徐家汇地铁站很近，逛街也方便。 房间隔音相当差，床垫也很硬，早餐基本没啥可吃的，服务员态度也很一般。上网另外收费，44一天，0.44一分钟，网速还可以，但是老掉线。前台服务员的态度一般，餐厅服务员更差，基本就是站在那一起聊大天。 以后宁愿住远点，可能也不会选择这家酒店了。
0	电池待机时间短，大概一个半小时左右，和英特尔体系相比还是发热量大。acer客服能力较弱不知道是个别还是普遍。
1	我看了了晨晨写的这本书后，觉得他是一个比较内向，很慢热的一个人，他把自己的真实情感都写了进去，也让我了解了晨晨这一路走来的艰辛和不容易。更让我了解了晨晨这一路走来不仅有乐橙们的支持，还有比乐橙更关心、更支持晨晨的魏伯母和魏伯父，在他们心中儿子是最棒的！这本书不仅我看了，连我的父母都看了。他们都说：“这个孩子走到今天这一步不容易呀！”还让我向晨晨学习哦呢！这本书值得大家看哦！
1	原先看了别人的评价，做好了不怎么样的准备，到了之后真的有惊喜的感觉，在富豪酒店住了3天，（我们也是住在三楼，）房间虽然不是很大，但也够住了，房间是新装修的，很不错，也蛮有情调的，四面都是镜子，感觉不错，服务人员的态度也还是不错的，第一天到酒店时，忘了行李，酒店还专门打电话询问呢，一个老先生还帮我们收好了行李，CHECK-IN 的速度也很快的，也没有什么说普通话被歧视的感觉，交通离地铁远了些，但周围公交和小巴很方便，我们一共去了五个人，所以打车去地铁站比做小巴和公交合算，周围的又一城和新城都是购物的好去处，附近的小吃，茶餐厅，甜品店很多的，一家叫口香舌滑的甜品店里的榴莲飘飘很不错的，总的来说，这家酒店的性价比还是很不错的，以后还会去的，另外在酒店还可以定去迪士尼的直达车，也很方便的。周围环境不是很现代，但也没什么影响。
1	海景花园是我所有住过的５星酒店中服务最好的一家，另外他们的粤式餐厅非常地道，并且价格合理，如果去青岛还会再选它。 Fantastic 5 star hotel, good location and environment, with best service and very nice staff, strongly recommend. The Cantonese restaurant is one of the best, worth to try!!! 补充点评 2008年7月29日 ： &#32431;&#20013;&#26041;&#31649;&#29702;&#65292;&#38750;&#24120;&#26834;&#65281;
0	我第一次入住如家，实际情况与现实相差太远，屋子里味道很大，打开窗户换气又很吵，卫生不敢恭维！入住时间不长就搬走。而且位置也很偏，不知道为何在这里选址！总之不会再住！楼下涮肉一般！
0	抱着很大兴趣买的，买来粗粗一翻排版很不错，姐姐还说快看吧，如果好我也买一本。可是真的看了，实在不怎么样。就是中文里夹英文单词说话，才翻了2页实在不想勉强自己了。我想说的是，练习英文单词，靠这本书肯定没有效果，其它好的方法比这强多了。
0	散热不咋地 这个说法是和thinkpad系列的比较 比起其他的还是好多了 装的那个VISTA太慢 到手就格了 换了xp 不然太慢 无法忍受
0	电池是4芯的,鸡肋,不是9芯的也就罢了,6芯的总该算标准配置吧,不厚道
1	没有任何优点，价格高，质量也不好，如果需要反面案例，完全可以拿来当样品。
0	这是我住过的最差的4星级酒店，酒店原本是3星的，经过装修，但骨子里就是3星的，床，水龙头，房间的家具，地毯等等细节可以看出来。最可恨的是，我7月12日晚上和朋友喝酒，回到酒店已经3点多，在携程定了机票，要求明天早送过来，早上10点不到，携程送票员上酒店送票，可是门卫不给，说酒店只让他们的保安才可以送，其他人拒绝上门，要求我自己下去取票，我头痛得厉害，叫他们帮忙和自己协调，h后来了几个电话，但始终没有解决。最后只好投诉他们副理：酒店晚上2-3点还有小姐到处走，到处弄没有人管，人家为客人送票你们的狗就要管，什么酒店啊。后来才知道，那门口的狗是想索要小费。离开时，前台服务员的态度也不好。到了门口，狗来了要我坐酒店的车去机场，从150讲到80元，我告诉他，别人的我坐，你介绍的我就不坐。。。
0	文字不多，图画很精彩，个人觉得比较适合小一点的孩子，比如一年级或学龄前小朋友看，但文字没有拼音，这又限制了小孩儿阅读。 书的质量还不错。
1	拿到的是完美屏，速度也很快，因为原来笔记本就是Ibm所以用着也挺顺手。准备过几天改成xp。显卡是集成的，不过因为我不玩游戏，所以无所谓了。之前看了很多地方，价格都比京东上贵一些，所以这个价格我觉得还好
1	性价比真不错，屏幕很漂亮，我还是一闭眼把贴膜给撕了，呵呵。送了鼠标，屏幕擦，买的时候并不知道还有点小惊喜。包装满厚实的。
0	预装的**系统太复杂，不适合家用，价钱也有点高高。 另外就剩太完美了！！！呵呵！
0	"①太重了.但考虑到超长待机时间,我忍了. ②键盘才第二天,""I""键就松动掉下来了.我详细一看,里面的塑料片断了.一想这毛病,找京东,也得赖我整坏的.我自己用502粘上了."
0	隔音很差，又难找，老厂房改造，门口接待小的差点找到隔壁的酒店，上海人的小气
0	酒店位置比地址说明上的偏多了，接近市郊，路边连个明确的牌子都没打出，失望。 酒店外观还算过得去，大堂却很一般（有点像旅社的大堂），走廊和房间的装修都较陈旧，和携程发布的图片相去甚远。洗漱用品配备简陋，大概也就是个三星的级别。同等价位，比起曾经住过的天河购物中心附近的广州皇家国际饭店无论装修还是服务，甚至连自助早，都要差很多。订房的时候总想不起皇家国际饭店的具体名字，才定了这个饭店，真是悔啊。 以后到广州不会再选择这里，绝不~~
0	相对于2140，屏幕不是镜面屏，亮度会差一点， 音箱部分外观和网站图片有一定差别，HP MIni系列型号太多，有一种音箱部分是向外鼓起，金属网格状的，看图片的时候一直以为是那种，到了有点诧异，
0	可惜不是宣传的1441X800,字小!另外,自提时当场验机,B,C面有灰尘,而且很多,难以想象!心理犯了叽咕,该不是厂内人拿外壳模块到家里装的吧!
1	非常不错，服务很好，位于市中心区，交通方便，不过价格也高！
0	没住过这么差的酒店。首先不能刷卡。而且服务质量极差，我刚到时安排房间是未打扫的，再安排还是没打扫的，第三次才安排了干净的。我当时致电携程想换酒店，携程告诉我，我当时订酒店时承诺了未入住也付款（房间紧张），无奈，只能住了，我就不明白，那么多房间空着不打扫，紧张什么呀。办完手续，前台告诉我电梯是坏的，我提着三个大包爬上五楼，行李员，保安，服务员看见了根本就不管，估计心里还在笑呢。第二天早餐时发现包括本人才有三个人吃，而且餐台上的食物也就够十个人吃。就这个还以房间紧张为由，要求未入住也付款？酒店缺乏应有的诚实。后来携程客服的一个人以四倍的语速给我来个电话，估计以前是说绕口令的，说的东西其实几乎就没听清。主要意思是酒店的经理会亲自跟我因入住时的问题道歉的，但一直到我退房，也没人过问过。本人喷血不推荐前往该酒店。
0	同学推荐的，说很好，可能期望值太高，看了以后很是失望。外国人写的东西拿到中国来意义好像不是很大。
0	内容一般，太单一了！我觉得教育也不是很深刻．没有很多实际生活的列子，没有什么意思！
1	房间内设施还不错,不过浴室的淋浴喷头不好用,水量不可调节,出水较散,有些不象四星级的标准.周边环境尤其是酒店后边环境不太好,大堂也太小了吧.
1	这个价位的配置来说，很不错，上盖没想到是宝蓝色，显得精美。键盘设计比我以前见过的ACER来说也改变了
1	最近有点忙直到昨天晚上读完了整部书，我震撼了特别是读到小狼要要迁移的时候，我才明白什么是倔强什么叫桀骜不驯那到底是一种什么样的性格，直到陈陈不得不亲手杀死小狼的时候，我几乎也差点哭出来，人狼，这是一种什么样的感情。就像别人给的评论一样，狼图腾让人们勇于承认人们自身潜在的弱点，而当今社会人们迫切需要的不正是应该像狼那样的性格吗？这真是一部奇书。
0	1、厚重，用单肩包背有点累 2、系统是Linux，自己装win系统倒无所谓，可连驱动也要自己在从官网下载，无语 3、散热还不错，也算安静。但D面触摸板的部位比较容易堆积热量，感觉比硬盘的位置还要热一点
1	回来2天了，很忙，没来得及评价，今天周末得闲谈谈入住海景酒店的感触。 我是7.25---7.30入住海景的，因为是家里人度假，加之孩子比较小（5岁），所以在决定去青岛度假时上网查了青岛酒店的情况，原来定的是栈桥王子酒店，后来又看到大家对海景的评价，感觉很惊讶，可以说是没有任何负面评价，大家一致说这个酒店极好，于是取消了栈桥王子改定海景，想看看到底海景靠什么取得大家的一致好评的！下面我就从海景的第一个电话谈起： 我订的是7.25下午6点的飞机，到青岛大约7点左右，订酒店时在备注里写了需要酒店接机，在23日就接到酒店的电话，一个甜美的女孩和我联系了具体的接机时间还给我留了接机人员的联系电话，心里感到很舒服，25日下飞机后就看到有人举着写有我名字的牌子站在候机厅出口等着我们，一个帅气的小伙子非常礼貌的问好并极其自然的将我手中的行李接了过去，上了酒店的接送车后司机师傅马上递上了凉凉的毛巾和矿泉水，想的真是周到！一路欣赏青岛的夜景，大概行驶了40分钟左右抵达酒店，车还没停就看到大堂门口站着一位身穿西装的小伙子在等着，后来知道这个小伙子是专门接待我们的，下车后马上就有行李员把我们的行李装上推车，我按照惯例准备到大堂登记，结果小伙子直接把我们引导到房间了，所有的登记工作都由他帮我们完成，真的感到很舒服，第一印象非常好。 房间很舒适，我订的是行政房2712，各项设施很齐全，房间里播放着舒缓的背景音乐，看得出酒店很用心，不一会就有服务员送来了橙汁和毛巾，还赠送了一对小玩偶，孩子很喜欢，后来发现原来每天都赠送玩偶和水果还有小点心，结果把宝宝高兴的不得了，回家时光是玩偶就装了一口袋。 服务方面更是没得说，房间服务非常及时和细心，在餐厅吃饭时服务员特地给宝宝拿来儿童专用的可爱的卡通餐具，有一天宝宝有点发烧，酒店很快就派了医生上来，给开了药，晚饭考虑到怕宝宝受不了空调，就叫了送餐服务，结果晚饭送来后发现酒店给加了一大碗银耳粥、一大盘薯条还有一碗姜汤，宝宝吃得兴高采烈，病马上好了一半，第二天服务员看到我们还问候宝宝的病情呢，让人感觉很温暖。有一天晚饭时我因为吸烟过多有轻微咳嗽，不一会服务员就端上一碗银耳粥给我，告诉我可以减轻咳嗽，还有，最后一天吃早饭时，宝宝因为头天傍晚和妈妈去海边找小螃蟹时腿上被蚊子咬了一个小包包，我们自己都没在意，可是服务员看到宝宝抓痒后主动送来了消毒的碘敷和风油精还帮宝宝擦药，令我们做父母的汗颜。 5天的假期很快就要结束了，我问宝宝，回家好不好？宝宝说：不想回家，还想在酒店住下去。童言无忌、童言无欺！在海景的五天我很感动，海景的员工真正的体现出海景的企业文化，如果说海景的硬件是5星级，那么海景的服务绝对是7星级。海景是青岛的骄傲，也是我们中国的骄傲！
0	装的VISTA系统和内存不匹配 装成了XP，但是好像不能装还原精灵那些
0	1.usb口太少 并且都在左边 2.包装里不带鼠标，算是个人不满意的地方吧
0	文字再好，也不能抹掉为人的无耻！胡兰成试图用美丽的爱情来掩饰他的无耻，可是，就算喷上香水，狗屎也不会变成鲜花的。他滥情，打一枪换一个地方，负了众多女人，却认为自己给了这些女人幸福，无耻！他寡情，结发妻子病重将亡，他却因为怕天气路难而不肯赶回见最后一面，他吧别人对他的鄙视当作别人对他的惧怕和退让，他把别人的疏离当成是别人该刊他不敢靠近，可笑！不过也幸亏他这样自以为是，不知所谓，否则，他怎有脸面做了汉奸还那么洋洋自得呢？
1	CPU强悍，P8600　2.4G的，散热好，机子基本不发热，顶上还有键盘灯，有内置的麦克风。基本上对得起这个价钱，我还是抢购时抢的。ThinkPad服务人员服务很周到，买到看了一下预装的VISTA系统，不到20分钟，就换操作系统了。
1	帮别人买的，配置还好，可以玩些游戏，比这边市场便宜了很多，送的东西也都不错的
0	一翻开这本书，就让人想起韩剧里头那些不温不火絮絮叨叨的韩国女人，可能这就是文化差异吧
1	很薄的一套书，很便宜的价钱。不过拿到手时，还是超出了我的预期。一个个可爱的故事，一段段好玩的经历，不是单纯的说教，只是两个丑丑的小家伙，就叫我们的孩子在笑声里懂得相处，懂得生活。挺喜欢的~~~现在偶家小宝只要静下来就会拿本书看，连换衣服的时候都要瞅上两眼。。。很好玩的一套书。。。。小宝识字很多，基本 不用大人念了。。。很好~~~~~希望更多的父母跟孩子一起看这套书~~~
1	《何以》整篇文看过之后，没有一点拖沓、掉节的感觉，很连贯，不拖泥带水。文字好像有股清香，有股力量，吸引我，一步一步拉着你无法自拔。根本不想跳过任何一段，没有文字是将就的。真是很喜欢。喜欢何以琛，喜欢赵默笙，同样的深情。记得很深的是——①如果世界上曾经有那个人出现过，其他人都会变成将就。他说，我不愿意将就。②悄悄，是离别的笙箫，沉默，是今晚的康桥。很喜欢很喜欢，值得一读
0	跟心灵鸡汤没什么本质区别嘛，至少我不喜欢这样读经典，把经典都解读成这样有点去中国化的味道了
0	2008-01-10订单中包含〈31岁小美女的养颜经〉，却没有送来。 是没有货？ 还是什么？快递及收货单上都没有声明！请给予解释。谢谢！
1	念晚，对他的哥哥，是真的情到深处！从头到尾，我就听到一次他叫他“哥”，却是死前最后的话。我对他真是惋惜到底，作者也真是够狠心！心肠再硬，就冲他那声唤，也得给他个好归宿啊！一篇好笑的文，就在最后演了段悲伤话剧，却是真真实实的发生了。痛，是我看到念晚死去，唯一的感觉了。
0	买了此套书后，女儿非常喜欢，我本人也比较喜欢，经常陪着孩子一起阅读，精美的图画和生动的语言让孩子对阅读有了极大地兴趣，推荐大家都来给孩子买这套书。
1	机器总体来说非常快，SSD的速度简直是飞速。本来还想再加1G内存，现在看来完全无必要。装上xp，用office 2007，打开文件啥的，比我的T61速度还要快。
0	当当网名不符实，订货多日不见送货，询问客服只会推托，只会要求用户再下订单。如此服务留不住顾客的。去别的网站买书服务更好。
1	网络营销其实在我们的现实经济社会中已经扮演了不可缺少的角色，直到阅读到这本书，才得以认识到这是一种长尾模式，而恍然大悟原来存在我们生活中的各个行业活动就像万花筒，可以从任何一个角度，任何一个方位都可以找到一份精彩，而且会感受到令人不曾有过的震撼！长尾理论模式运作不仅在网络营销上开辟了新世界，对社会个性的释放，提升认识理念也是巨大的变化。长尾，真的是魔力四射，无不神奇！
0	书的印刷质量很差，有盗版书的感觉，很多页字迹模糊，看起来很费眼。书到了感觉很失望，找不到阅读的感觉。
1	“这本书能让你戒烟”，确实是这样的，虽然我还没有看完这本书，虽然我现在还在抽烟，但我还是确信这一点。这本书我刚看一半，作者根据自身的抽烟经验及诊断案例对烟民的心里进行了深入分析，真正反映了烟民的内心世界，很生动，很真实，他告诉我们：吸烟其实并不能带给我们想要的，戒烟也并不是像我们想象的那样可怕，那样的难，给了我信心和勇气，希望广大烟民在这本书的感召下都能戒烟成功！！！！
0	太吵闹。服务不好。房间隔音不好。总之很不好。以后不会住了。。55555555
0	高性价比的同时，在外观，做工和包装上面都有偷工减料的感觉，塑料感比较强，模具做工比较粗糙，！！！！！！
1	显卡不错，LED屏，总体感觉不错。京东送货正的挺快啊。。。24小时不到就送到了。
1	2199买的,价格很有竞争力.做工和性能都超出我的意料,很好. U100的功能非常多,正在不断开发中.人脸识别软件还没试,改天去下一个
0	物品还没发现不足，不过京东网的服务属实不好，客服办事效率有待提高。
0	京东的价格保护不好用，有很多限制条件，下了订单的第二天就降了100，咨询了客服说是可以申请价保，但是提货时却告知因为赠品不一样不能申请价保，所以多花100很郁闷。 装XP很…………费劲！
0	1. 显示器周围的面板，四个角，摄像头下面和EEEPC标示附近的边框，在强光下斜看，可以看到好像有隐裂似的。 2. windows启动音乐下，可以听到左侧喇叭有“噼啪”声。正常播放音乐时又听不到。
1	这本书有它的局限，因为国情不同背景各异，而且作者也不能完全称之为育儿专家，很多还是自身经验之谈，不够科学严谨的论证。但是对于一般父母来说，它还是能够起到启发指引甚至启蒙的作用。尤其是中国目前的很多家长，由于自己小时候家庭教育就比较缺失，因而在自己要担负起家庭教育的重责时无从下手或默不在乎，这本书会告诉家长，爱孩子 重视孩子 教育孩子是每个父母天赋并必须履行好的权利和义务。
0	镜面的屏幕不错，但是边框是镜面的就很容易磨花了，屏幕边框扣下来就和笔记本的相应位置发生摩擦，就花了，很不安逸。
1	房间很干净 物超所值 价格也蛮合理的 还不错
1	院子状况良好,房间良好,设施陈旧,主桌有一位女士服务稍差,但一般都很好。
1	7月19日,我带着更好的总体感觉进入旅馆,注意到以下缺陷:1. 一楼至二楼标志不清楚,路途遥远。 2. 服务人员似乎不知道什么是活跃的会议,这比海景花园酒店更糟糕。 我会见了旅馆大厅、走廊和院子,以及大多数连宾客都不知道的旅馆服务人员。
0	我无法相信一周后我在1017室(单一房间)再次在旅馆里,因为房间离旅馆的风道控制系统很近,而且噪音很大,第二天我要求换房间,旅馆同意我的要求,那晚睡得着。
1	去年我为朋友不小心订了这间酒店 每次一个朋友来时 他都让我订旅馆 我住在旅馆里 感觉很好 旅行很轻松
0	我见过很多人说 他们买之前就跟系统有麻烦 但他们一开始没找到硬盘
1	电池是坚硬的,但是它们不像9小时的传说。它们实际上大约6.5小时;它们看起来不错。
1	不坏的是,安装系统有点复杂,不熟悉安装系统的人可能需要更长的时间。
1	我甚至不知道电脑长什么样 我不认为它会成为另一个品牌了
1	五颗星星 非常好
1	我非常精密和稳定, 我主要是在玩野兽, 观看视频, 没有问题,这是很好的; 等待时间没有覆盖, 这是非常令人满意的,大约6 -7小时, 这是正常的。
0	随机的 1G 内存与 vista 十分困难, 加 2G 和 快速 。 Vista 不能分割, 分区软件不兼容, XP 无法替换, 一个无效的系统已被预置 。
0	在我决定买下它们之前,我一直在看 长篇评论,我很失望, 我觉得小鸡的名字很难记住, 我读得不好,我是三岁的女孩。图片看起来有点乱, 我读了这些名字, 对一个两岁的孩子来说,它并不吸引人。
1	我最喜欢的女作家之一陈丹扬喜欢她的笔写真实的人和他们美好的生活。但我的母亲是Elves,9岁的女儿,是她自己选择的。当她到来时,孩子说是的,并要求我把它看成是对孩子的要求的回应。在读完这本书之前,我并没想到会放手。一本好书,一个轻轻的音,一个真正的心脏,一个心胸善良的人。心理活动比较成功。这是一本好书,教孩子们爱和理解。
1	高价值,快速,Dubby音响,蓝牙,无线网络卡,高分辨率相机,内置麦克,不重,很漂亮
0	这书还是新书,很难读,女人,跨国公司,很难读,也许是本好书,也许人们不喜欢
1	服务应该升级,为什么你要达到五星级标准?
1	作者对一些电影“表面粗糙”和“内部平滑”的分析为理解那些似乎触动现实并了解什么是错的电影提供了一个清晰的视角。 这种视角对导演来说可能是模糊的,或许是失去知觉的。 而且,无论他们回避还是失去知觉,这种对现状的屈服都有害于艺术的诚意,或者他们所做的与艺术无关的事情。
1	出色的工作,高价值的金钱, 实用的配置,键盘设计, 屏幕颜色,开胃菜。
0	这就是为什么这本书那么长的时间 说太多不切实际的东西 如果我们有这么多钱,我们无法维持。这都是胡说八道。人们可以这样写书。
0	这本书质量和印刷品都很好, 但只适合5岁以下儿童, 我的孩子们8岁时似乎对它不感兴趣。它有点贵。
1	我还没有看过奥黛丽·赫本的同名电影,我无法想象女主人像赫伯恩这样的漂亮女人。霍莉的灵魂像只猫一样骄傲、自以为是、自由和不受约束。她真的意识到,在扔了一只猫之后,“我们属于彼此,她属于我。”她注定要游荡,找到一个她的灵魂能够真正安静的地方。我不想评论张的委婉主义,她似乎不理解霍莉。
1	尽管我把它定义为一本儿童书,但我认为每次我读这本书时,我都会得到不同的感受。王子是一个虚构的,因为他不适合这种逻辑上的纵向社会。现在,有多少人被封闭在他们的头脑中,被捆绑在他们的行动和言行中。同样的选择是沉默,也许是大动作。但王子是一个感人地阅读,只有他的心进化,生活才能变得更好。我建议他是年轻的王子,他是受欢迎的读者。
1	高质量的杜比音响。 使用全新的高触控键盘,新的键盘在布局、键盖形状或关键主感上完全更新,不仅满足输入速度、正确的输入速度,而且满足用户的舒适需要。
0	昨晚零点,一个年轻女人在家中抓住她的丈夫, 喊着她的死,让所有人睡一整夜。提醒你,酒店很安全。
0	酒店是在一个不错的地方, 但房间没有预订到 黑景室, 但我没有意识到窗口是 在人行道上! 热, 衣柜的灯光有问题。 太迟了, 工作太迟了, 它太贵了, 在西部吃太贵了, 它太小了, 太小了, 不能吃早餐, 它太小, 在最后一天头发太小, 它太小了, 它是一个服务员, 它是一个夫妇, 我没有愚蠢到那里去。 只有门卫是可爱的。
0	辐射不好,要是用右手用很久了,会很热的!
0	它绑得不好,在读一天之前就破了好几次。当你看它时,它脸上有一块很长的胶水, 所有的页面都粘在一起,很容易分开。
0	这是一个良好的地理位置, 一个浪费的服务, 一个低落的酒店。
0	2008年底, 当我买下这本书时, 在春节期间读到这本书时, 我发现漏水情况非常严重, 至少有三四个漏水情况,
0	酒店正在翻新,感觉很糟,它不能离开主门,它不会停,服务人员也帮不了他们找到停车位。它看起来像五星级服务吗?房间的卫生条件并不完美,也不象五星级的牙刷。酒店的全部软服务需要升级。
0	纸更厚,更锋利 我儿子第一次读到时手就被打断了 然后晕倒了 出版商一点安全感都没有!
1	一天后读了它,就像我以前读过强盗的书时一样, 它是如此浪漫,而且如此浪漫, 它是如此的浪漫, 它是如此的难以被接受, 以至于我想象我能够遇到这样一个领头人 并钦佩女英雄的悲惨命运, 但是当我走出脑海, 小说远离现实, 主人丰富多彩生活的奢侈, 灰姑娘如此不敏感地受到王子的爱, 一个在现实中稍有成熟和理智的人不可能活下来, 这本书只是一个现代的童话故事。
0	首先,酒店和搬运工的订票没有重复20次。虽然问题已经解决,但反映了两个重要问题:上海酒店的不良业绩以及预订质量差和预订的正确性;然而,酒店预订非常愤怒和烦恼,因为酒店实行了新的房价政策(超过4个晚上),酒店所查明的购货单的拒绝(超过2个晚上),酒店的房屋价格损失已经一再得到乘客的证实;酒店的房屋价格损失已经改变到原秩序的标准;两个重要问题已经得到反映:上海酒店的不忠经营以及阿梅酒店的不良经营!这是我所看到的唯一好处:海岛酒店的经营缺乏诚意,旅馆已经关闭;旅馆的房屋价格损失已经改变到原秩序;旅馆的房屋价格已经变得一到一到一到一到一到一到一到一到一到一的房屋的租金,一直到一到一到一到一到一到一到一到一到一的关闭的房屋的关闭到一到一到一到一一直一直一直一直一直一直一直到一到一到一到一到一到一到一到一到一的房屋的关闭的关闭的关闭的到一到一到一到一到一到一到一到一到一到一到一到一一直一直一直一直一直一直一直一直一直一直一直一直一直一直一直一直一直一直一直一直一直一直一直一直一直一直一直一直一直一直一直一直一直一直一直一直一直一直一直一直一直一直一直一直一直一直一直一直一直一直一直一直一直一直一直一直一直一直一直一直一直一直一直一直一直一直一直一直一直一直一直一直一直一直一直一直一直一直一直一直一直一直一直一直一直一直一直一直一直一直一直一直一直一直一直一直一直一直一直一直一直一直一直一直一直一直一直一直一直一直一直一直一直一直一直一直一直一直一直一直一直一直一直一直一直一直一直一直一直一直一直一直一直一直一直一直一直一直一直一直一直一直一直一直一直一直一直一直一直一直一直一直一直一直一直到到到到到到到一直一直一直一直一直一直一直一直一直一直一直一直一直一直一直一直一直一直一直一直一直一直一直一直一直一直一直一直一直一直一直一直一直一直一直一直一直一直一直一直一直一直一直一直一直一直一直一直一直一直一直一直一直一直一直一直一直一直一直一直一直一直一直一直一直一直一直一直一直一直一直到
0	我为杜拉拉买了一本促销书 寄给我的朋友,他们说他们还没收到,我有点头晕,快半个月了!
0	旅馆通常只靠近机场,有免费的公共汽车,没有特别印象。
0	3个月大的3岁男孩 不会再买书了
0	什么公平 整本书都在买广告 什么都在自我防卫
0	屏幕稍小一点, 外壳的大小应该足以支持更大的屏幕 。
1	这本书教会了我许多指导和教育我的孩子的方法。 对我来说, 认为我非常擅长教育我的孩子并不容易。 在我读完这本书之后, 我意识到自己太浅了。 许多孩子的行为反映了母亲的教育效果。 孩子们的性格基本上受母亲的正常行为指导, 而不是完全继承。 认为父母不买孩子对我来说太过分了。 让我们的孩子健康幸福, 快乐,自信,勇敢,诚实, 一生都幸福。
0	光能驱动几个盘子是惊人的, 但大多数CD都是光的。
1	房价超过100美元 房间基本上没问题 有点老了 浴室不好 没有隔离 浴室在淋浴后湿透了 空调电视都湿透了 冬天有暖气 服务还很暖和 有总机服务 行李愿意带行李到你房间
0	从任何角度来看,旅馆最多只能被评为两颗星。 我想的第一件事就是旅馆只有一个原因:旅馆的回报率最高?
0	我有兴趣读毕夏美的几本书, 我买了这两本书。 它们没有成功。 它们特别无聊。 它们没有成功, 它们没有成功, 它们没有成功, 它们没有讲故事, 它们没有成功, 它们没有成功, 它们没有成功, 它们没有讲述一个故事, 它们没有成功, 它们什么也没有成功!
1	质量工作不坏,你不必测试语音箱的问题, 发出声音并不要求太高, 因为它是笔记本的薄弱部分。 它更平庸, 要求普通人的形状是正确的, 这是最好的方法。 电池还没有测试 。
1	我床上有个小信封 还有糖果和明天的天气 有点老了 浴室里没有衣服
0	房间很小,很古老, 因为它已经10年了, 它被翻新了, 它是非常糟糕的空气, 这是一个非常大气味 烟味和模具从门出来, 这不是坏服务,
1	很漂亮 跑得很快 推荐的!
1	收到这本书后, 读了一个星期才读到它。 感觉好像这是一本介绍搜索引擎的好书, 但是它仍然是理论上的。 在阅读它之后, 它感觉对搜索引擎的结构有一个普遍的理解, 当然,它是初步的。 但是, 正如许多网络用户所说, 这本书的布局可能是最具争议性的。 个人来说, 它太大了, 空间太大了, 它可能更密集。 但这并不意味着它是一个理解搜索引擎的好书。
1	有一个高,但没有测试, 我不知道如何计算它。
1	这本书充满了空洞的想象力、有趣的故事和许多知识点,并且是一套伟大的科学书籍。 更小的孩子适合与水、蜜蜂、太阳系、飓风等有关的专册。 他们不仅喜欢听,而且愿意回答问题。 各种岩石、惊人的电力、人体感官器官等,对于一个孩子来说是有点抽象和困难的, 只有在初中之前的班级里才能触及的东西, 以及一个更长的故事, 当我第一个六岁的儿子听到它的时候, 他没有耐心在最后听到它, 直到他长大后看到它。
1	这是一本家庭教育的好书。我是两个孩子的父母, 我上中学10多年了。读了这本书之后, 让我想想我是如何抚养孩子的, 我很高兴我读了这么早。读了这本书之后, 有一个深刻的经验, 教育对于每个孩子来说都是不同的, 但是教育的概念总是一样, 也就是说, 给孩子们一个完整的活力, 让他们有兴趣学习。
0	三个新的 Xp CD 无法激活, 更别说安装了。 我不明白。 我已按要求将 CFO 中的 SATA 替换为禁用 。 这本书是没用的 。
1	读南先生的书,就像在雾中行走,看到在你面前的灯光, 将你从远处抱住。这是生命的灵感, 对于我们想知道的世界,我们想知道的,每个人都会看到它。虽然它的大部分已经在线阅读过, 但购买它自己的收藏物, 随时仔细阅读是迫切的。 个人来说, 它真的很值得。 在海洋里看到它真的很幸运。 唯一的小遗憾是它有点小。
1	房间足够大, 设施是一般的, 互联网是免费的, 但是没有早餐; 停车场是很大的, 并且很容易自己开车; 在超级好夜总会的楼下有噪音, 直到凌晨2点。 总的说来, 性的价值在头部是可以接受的。
0	这比我想的糟糕多了 粉丝们在网上看电影 他们觉得有点难跑
1	这是用一本名为《中国剪刀与实践》的书购买的,书名是《中国剪刀与实践》,书名是今天收到的。一家人对这两本书都感到满意。书本很美,赞赏和收藏价值很高。当我看到一本书不适合初学者时,我不这么认为。 剪纸是一种需要高度谨慎和耐心的艺术。 如果我想切自己或剪切一些简单的东西,比如鲜花、动物、小人等等,这是不恰当的;如果它是剪纸艺术的烧焦朋友,那么所提供的纹理就非常有价值。
1	这本书的很多部分实际上都不如我想的那么好, 我开始觉得这是一个乡村风景, 但是书中的很多部分我还没有听说过, 是一些更陌生的城市。 它不是太美, 无法在图片中感觉到, 它可能只是在那里, 它的景象 我的家乡,我曾经在那里, 但我并不觉得它有什么特别之处, 只是它很正常。
1	她的诗看起来很普通,但很美,是显而易见的,但可以在你的心里回荡。这是一件奇妙的事,它是多么美妙。看到她的诗之后,我的心感觉从未平静过,我的心也并不孤单。没有什么我可以说我爱它。因为它,我想读更多的诗。因为它,我想读更多的诗。因为它,我喜欢诗。我甚至喜欢自己的诗。从那以后,我觉得我的生活可以如此诗意化,我的生活也会如此美好。谢谢你的光临。
0	不幸的是,这是LINUX系统, 并且它必须重新装上U盘, 但是如果不是系统的话,它不会值这么多。
0	整本书给我的感觉是,农民是如此富有,以至于他太害怕有钱而不敢取而代之。但是,如果他不想将恐惧暴露在自己的头部下方,就会画出“公平”一词。“公平”一词没有被使用。“公平”一词不建议购买。如果一个好奇的人真的想买,我会卖掉第二手,然后联系我。
1	设计是美丽的, 热是巨大的, 设计是美丽的, 热是巨大的, 设计是美丽的, 设计是美丽的, 热是巨大的, 设计是美丽的, 设计是美丽的, 热是巨大的。
0	这是一个很棒的地方,但前台和房间太小,房间太小,太拥挤,也太难找到合伙人。如果你能把旅馆分成两个房间,前台应该更好。
1	XP驱动程序可在光盘上找到,但不能全部找到。
0	这些设施非常常见,但人们并不感到受宠若惊。 早餐很糟,有一群服务员在,没人关心你。
1	神秘的历史、古老的远方文化、深埋在索尔兹伯里平原的传说、隐藏在古老建筑之上的索尔兹伯里平原、在阿尔卑斯山脉女巫的年轻面孔上走在他们的扫帚上、在这本书中我们所享受的享受。一个缓慢的传说,在这本书的指导下,缓慢的、缓慢的、缓慢的、不朽的。这是象征意义,这是文明,这是人类的思维。
1	客房宿舍不错 前台服务很热 房间可以看到长江和高尔大坝
0	它要爆炸了,它要爆炸了,它要爆炸了,它要爆炸了,它要爆炸了!
0	当然不是360
1	这是给一个大妻子的,一个好键盘,一个好电池,一个6小时的键盘。
0	这是通用的配置,对等的计算机来说价格要低得多。材料是塑料的,手压是变形的。这不好。
0	Vanjie国际公司无法刷卡是最令人无法接受的事情,因为长期内会议室电视无法使用,互联网收费更令人无法接受。
0	价格不如金江星那么好,房间太老了,不能隔音,你听得到服务员的对讲机,有人关上门,热水慢,空调不冷,下次不行
0	今天,6月27日,我在2月留在首尔(上海新彩虹桥)的快车道旅馆(我于4月12日与他联系)之后,我一直无法记起任何其他问题,但我对商店关闭帐簿引起的麻烦感到不安,店铺有两张大床,共246美元,总价为492美元。 我未在支票上签字,服务员出示了签定的订票、软卡、我签了字条,当然我注意到了信用卡、800美元的预先批准、服务员提出的其他每份文件没有核对、第二天关闭账户、再次出现麻烦、我发现568美元,我拒绝签字,与订票不同的是,当服务员收到签定单时,我拒绝签字,我用6个月的支票退回了银行帐户,我没有收到另外两个月的支票。
1	LED的屏幕不错 启动速度很快 电池大约5小时
1	旅馆位于沙地,有新鲜空气和更大的房间,液晶化管设在大窗户上,旅馆入口是河对岸最大的商业区Shata城门和香港文化博物馆,顺便说一句,香港艺术博物馆、香港科学博物馆和香港文化博物馆每星期三免费开放,有兴趣的访客可以参观。
0	我猜所有消费者都认为这是额外的, 红色的, 有点假名, 实际上在笔记本电脑上的SD插座, 基本上所有电脑。
0	我买了三本比自己的书还好,别笑我,我是一本英文单词书, 当我只有两本的时候,为什么不给我那本?从现在开始,我对你很失望!我不买!这太可悲了!
0	最大的好处是它离火车站很近,而且搭乘公共汽车到龙门洞穴、圣殿等一些景点非常方便。 旅馆设施太旧,电视不起作用。
1	我在这旅馆住过好几次,感觉很好。服务员很好,很专业,客房很时髦,舒适,装备齐全,容易使用。不管怎样,去成州是个不错的选择。
1	想到这么便宜真的很好,很可靠,对价钱有利,对暖气有利
1	等候时间虽然不超过9.5小时,但足以处理办公室软件,其性能足以处理办公室软件。
0	当我看一章时,我把它丢在CD上,它很垃圾,而且经常使用很多字眼。至少我在Office上不会说英语,我应该把它用一个更口头的方式来表达,这行不通!
1	这键盘很棒 我听说了 私下接触后就不一样了
0	在每一个预定地点,旅馆总是声称无法保证一个安静和宽宽的房间里,显然没有注意客人。 我在旅馆中经历了许多可怕的预订,协调行程的能力一直令客人非常失望,他们希望赚钱,同时为成员们赚钱,而不是推荐一家住的旅馆,它过于僵硬,我今后永远也不会进入旅馆。
0	1 - 内部翻修是可能的,但环境差,房间小。 2 - 两个房间只有1米宽,很糟,就像儿童床。 3 - 早餐价格为56美元, 种类也很小。 如果房间没有早餐, 不要去。 5 - 房间空调太吵, 不太好, 也不坏。 我不知道其他房间是什么。 6 - 一个插曲: 我去过很多城市, 我去过很多旅馆, 我去过很多餐馆, 我去过很多的餐馆, 我去过很多铁条, 我住了很多的压缩机, 我听不懂。
0	这不是一个好小说, 它不会再读了。
0	屏幕上有一个坏点,但没关系; 电池停不了, 也就是说,一个多小时; 辐射是正常的, 键盘右下侧有点热。
1	房间是干净的,浴室是装饰好的。早餐非常好,豆腐大脑非常好。交通非常容易。绝缘的声音不够好。我们的邻居在晚上1点有很多电视声音。
1	12月,金泉豪华企业套房被预订,内地环境良好,市中心边缘有一家旅馆,很容易进入周围环境,开价为昆明著名的金马比鸡的出租车。 下坡是昆明的柴油高度紧张,没有空调,晚上寒冷,还有酒店空调风扇吹风,否则晚上睡觉会很冷。
0	嗯,这是很多 互联网的经验 来完成它。
1	第一个是从朋友那里借来的, 不仅仅是孩子们喜欢它, 而且我喜欢它。 这不是一本看起来像一本全国儿童书的书。 这是一个活生生的故事。 为了让孩子感到阅读一本书的快乐, 我想这是最重要的一本。 所以当“我要找到朗”出来的时候, 我会买下它, 我要买下第二本, 我要买下许多朋友。 不幸的是,第二本书包含了“我要找到朗”的书。
1	连续12小时,机器的温度没有变化, 热度如此之好, 性能如此之好,键盘是如此之好, 我的玻璃掉在机器上, 它被干燥,它是如此安静,如此安静。
1	这本书可以说绝对是基于事实, 我住在这种环境中, 虽然它不在山中, 但听奥林克、奥伦琴、达希尔等老人的演讲, 然后回应它。现在有几位作家写得这么严酷。卢巴,我看到她在街上喝醉, 告诉她我不想像火柴盒一样呆在房子里。
1	宾馆的位置比较好, 前往火车站、 机场和购物比较容易。 设施是不错的。 价格在这个位置上是非常好的。 如果旁边没有站点, 价格应该是10倍安静。 服务员的态度是好的, 但只是因为不清楚谁在服务指南的首页上画了一条小于2厘米的线, 房检人员的反应太过强烈, 无法保持结帐, 说尽管谈判后没有补偿, 但要补偿, 他对于他无法在下次进入之前检查房间感到非常不安。 希望这种经验也能防止旅馆执行系统过于僵硬。
0	这是正常的,理性的,但并不可行。也许对社会来说是新颖的年轻女孩可以看它, 并扩大她的思维。
1	这种配置是平衡的,特别是GDDR3能见度和性能增强;形状和键盘手很好;LED屏幕亮度和颜色优异;附内存和鼠标非常有用,具有某种程度的好处.。
0	东芝的笔记本上没有CD
1	房间设施难以达到五星级,服务良好,有水果供应。
1	它便宜,装备精良: T4200, GL40, SAMSUNG 1G(800), 加一个记忆, 运行顺利, 球迷的声音低, 满载的球员也可以接受的。
0	我很久没有读过一本小说了,放在床上,一直读它了。它并不失望, 因为我从来没有给一本书寄过太多的希望。 我只能说它是标准的,有点着迷。弗洛伊德的人类心理学理论是性学的,这本书也遵循了这一点。 但书中的桥将整本书从一个高处拖到一个险恶的地方。 一位女性心理学家只是一个空洞的光环。 第一次读毕夏美的书,这是最后一次了。
1	因为它是一本书报告,所以它在互联网上, 感觉好像我以前看过一部中文电影, 所以我决定买一本英文的书, 以为是中文译本。
1	AMD 双核 CPU, 250G 硬盘, 配有相机, 比较经济。 USB 分布合理 。 可安装 XP 。
0	"我买它已经一个月了 但我儿子只见过一次""咕咕咕咕咕咕咕咕咕咕咕咕咕咕咕咕咕咕咕咕咕咕"" 其余的都没有翻动过,太满了,有点乱,他不感兴趣。太大了,很难看出来"
0	服务员的态度很差!
1	昨晚我花了不到一周的时间才拿到这本书并完成了它。我开始使用书中描述的方法来改变我的日常生活。虽然在我知道如何实现平衡之前我还有很长的路要走,但我觉得我比以前更加和平和活跃。这使我意识到,如果你让自己快乐,无论你周围的事物如何改变,没有人能够把它拿走。我建议我亲爱的朋友和家人看这本书,并愿我们都生活在爱、欢乐和希望之中。
0	没有操作系统, 您必须自我组合; 指定的鼠标线太短, 其余的正在搜索, 而目前似乎不是一个非常好的声音 。
1	酒店的门是时尚的,大厅是私人的, 房间是相同的风格,绿色条纹和砖墙, 简单,像快餐酒店。这是值得付出的代价。
0	一般而言,海豹的印象相当差,通常是肮脏的。旅馆设施非常差,浴室没有浴帘,浴室没有浴帘,有满满水的浴缸!也没有地方挂衣服。旅馆的餐厅,早上7点有黑灯。
0	它很大,内容少,字少,太大了,很难,太小了
0	当你买书的时候,最糟糕的是, 数百页,只有三到两页有用, 愤怒不能用语言表达。
0	这是作者的生活方式,在这里销售的想法, 这本书的标题是可疑的。我更喜欢这本书“确定外观”。
1	除了Agatha之外,另一个主要的刑事推理女作家!女作家和男作家之间的区别在于,她善于细微的观察和详细的人类弱点、复杂性和相互不适的表现,超越逻辑和紧张的刑事推理。
1	我读过所有的书,我很喜欢,我太紧张了,我不想每次看书时都把它们放下来。这次,我看了三本书,只看了几晚,我到不了12点,我早上要早点睡觉。我不知道它是不是个好结局,但我觉得它很完美。它不是个大团圆,是件好事。
0	这是我们住过的最糟糕的酒店 简陋的大厅 肮脏的房间 可怕的浴室 绝对是恶梦
1	来自两海峡两岸的艺术家的插图,每个插图都有独特的风格。词的大小与小学教科书相似,而且是一个插图版本,特别是低年级儿童。它增加了儿童阅读的兴趣,增加了传统文化。书本的选择也很好。如果有任何遗憾,写得太多,读的完整版本对真正理解传统文学的中高级儿童来说更好。它是高质量的儿童阅读。
0	出于个人原因,不知道前三个电池组的充电时间为12小时,电池是耐久的。 但我认为京都应该告知客户使用和关注的常识,不一定所有人都知道。 这将使客户在线购物更安全,更安全,企业也更好。
0	店后的真正感觉是:我睡不着,房间隔音很烂, 我曾经住过最隔音的旅馆, 隔壁两个人的正常谈话对我特别清楚, 两个房间的衣柜里没有墙壁, 衣柜的后板是分开的, 服务员早上在我房间前打电话, 电话铃响,电话铃响都那么清楚, 你总不能跟他们睡觉。
1	我一直很喜欢它,但是我想问几个问题:一个是旅馆前面的服务员太冷,太僵硬了, 我到旅馆的早晨下雨, 有很多东西, 当我撞上巴士时,他们站在那里,甚至没有拉开门。如果我想告密,我以为你会这么做。我想做一些改进。至少我想帮助客人得到一些东西。另一个是接待员的招待会是不及时的,我登记时在旅馆前面说两晚,但服务员希望你享受你的旅馆。
1	很简单 配置良好 键盘舒服 屏幕质量良好 热度良好 音调良好
0	Vista,你需要自己把一个系统切回磁盘。
1	酒店的设施有点老了,是四星级酒店的附属设施。但是它是一个不错的服务, 酒店的价格非常有吸引力。下一次,它将会在!2008年2月22日:我住在150,不错。2008年2月22日:我住在150,不错。
1	如果你在南山工作,就比较容易留在这儿 门上每个方向都有车,有点吵
1	当我认为我作为教师所说的话足以面对生活时,我从我朋友阅读《小权力》的促销的那一刻起就就喜欢它, 每一步都是我生命中必须经历的事情, 不仅仅是在实地。即使我第一次读小说,我忍不住想知道我能做得有多好。 当我得到《小权力》的促销时,我意识到这不是那么简单, 我决定从现在开始改变我的习惯, 所以我可以成为一个老式的导师, 种植更多的树木。
1	读读这本书,我印象深刻。西方的书是服务性的,中国出版商是商品的。你可以直接从互联网上下载,可以实时使用,而我们中国的书,即使书中缺少部分内容,也可以学习。我们总是说我们与世界同页,但我们是同页的,但我们是同页的。
1	旅馆本身的环境非常好,很安静,感觉就像住在花园里。有一个游泳池免费开放,我们很惊讶,但是我们没有泳衣。房间通常并不特别,服务很好,有服务员来帮忙处理房间的行李(没有小费:-),公司出差,我自己的旅馆,它只回到广州,忘记拿到发票,打电话给旅馆,旅馆同意寄给我,虽然已经付了钱,但是他们很感激。只是没有电梯,大楼很短,有3-4层,那里的环境不太好,有点落后,离市中心只有10分钟。
1	酒店在市中心,房间不错,旁边有个山地公园,早餐不是很丰富
1	戴尔的经典,它值很多钱 去年为他的同事买了两个 这次给他父亲买了一个
0	可惜4月5日那地方被占用了,是三星级的,但只是酒店的标准,是个很旧的房间
0	在没有随机帮助文件的情况下,只能猜测硬件接口。
0	第一次在酒店,感觉很糟。酒店服务不好,很不开心。你怎么可以说五星?第一次你退房时,你必须往返于两个柜台之间。这是我第一次入住,这是最后一次。再见!
1	旅馆离地铁不近,但附近的公交车很容易通过1A/9/5C通往Tsim Shatao和Mongkok的隧道,只要HKD5-6.2,其中海洋公园有107多处,旅馆楼下有一个公交站。购物是九龙广场,紧邻九龙市公园,在吉野岛有10家10美圆的商店和100缅元。一般而言,旅馆在香港比其他任何地方都值钱,值得住在那里。
0	一个非常令人失望的旅馆位于旅馆等旅馆中,一个非常令人失望的旅馆,但是,这是非常无烟的房间,这是安排的,尽管礼宾部门对旅馆没有多大期望,但更糟糕的是,这是安排的,尽管礼宾部门要求我签字的不是280美元,而是280美元,礼宾部门告诉我,而且我确认订票和会计是在我家的帐簿上。 我第二天早上打电话确认,这位女士说,她已经接到订单,她非常傲慢,我要求我首先支付费用,礼宾部门要求我签的不是280美元,而是280美元加15%的服务费,我从未听说要支付现金或280美元,我必须支付15%的服务费,我要求旅馆的助理经理支付旅馆费用,她必须支付出租车费,她必须支付出租车费,她必须支付出租车费,她必须支付出租车费,她必须支付出租车费,她必须支付出租车费,她必须支付出租车费,她必须支付出租车费,她必须支付出租车费,她必须支付出租车费,她必须支付出租车,她必须支付出租车,她必须支付,她必须支付出租车,她必须支付,她必须支付出租车,她必须支付出租车,她必须支付,她必须支付,她必须支付,她必须支付出租车,她必须支付,她必须支付,她必须支付,她必须支付,她必须支付,她必须支付,她必须支付出租车,她必须支付,她必须支付,她必须支付,她必须支付,她必须支付,她必须支付,她必须支付,她必须支付,她必须支付,她必须支付,她必须支付,她必须支付,她必须支付,她必须支付,她必须支付,她必须支付,她,她,她,她,她,她,她,她必须支付,她必须支付,她必须支付,她必须支付,她必须支付,她必须支付,她,她必须支付,她必须支付,她必须支付,她必须支付,她必须支付,出租车,她必须支付,她必须支付,她必须支付,她必须支付,
0	有点厚,还有改进的余地
0	旅馆老了,在机场附近, 听到很多噪音, 空调没有打开, 窗户的气味是头晕, 窗户基本上不固定, 早餐很烂,好像没什么吃的一样。
1	高价酒店、服务态度和房间配对是特别干净的床铺,地毯肮脏,需要提高。
0	使用10元优惠券后,你想知道它是否还能用, 你说,“不,你不能用它!”它毁了!如果你不还我钱,你就不能工作!
0	原本的天津酒店现在是一家四星级酒店, 环境如此混乱, 以至于这里是一个娱乐场所, 不像一家酒店, 人们穿着睡衣到处走动, 特别是早餐, 甚至有两星级酒店; 我不知道评论星级酒店的官员们在这里的洗澡中心 有何特殊待遇。
1	很久以前,在金江, 因为我看到很多干净的衣服 被一个没有亲姐妹的人穿着, 所以我不用从不同的角度看同样的东西, 想要用高考,写两个人同时过河, 然后我看到“没有梦想”, 我认为这是同样的事情, 所以我喜欢它。
1	从广州运来的一批货物在订单发出两天后抵达,非常快,装满了一整套配件,不预先放置操作系统也不错。在互联网上有人说这是为小妹妹设置的芯片,事实上是英特尔。想要购买它的朋友应该松绑。完美的屏幕和两年的警告,请放心。
1	两核LED DVD DVD 编剧HDMI 开具了发票。 价格不是可选的。 这是16: 9, 也没有用过, 但它已经购买了.....................
0	今天6月7日收到订单,所以可以对产品进行评估,这有点效率低下。
0	我对货物不满意 主要是服务方面
1	令人感动的不是文字中的文字,而是这些词的结合故事。经过这么多变化后,生活变成了死人和老牛的背部。它是乐观的。它不是。它不是。它只是一个状态,一个没有判断力的活的状态,而是对过去、悲伤和真实记忆的描述。没有人主宰一切,没有人能够承受生活的变化。
1	ATI3470的一张独立256卡于4499年购买,并配有HDMI接口和VGA接口。
1	老板每次去北京 都对酒店很满意
0	我不喜欢,我不喜欢,我看不见 我在浪费精力
1	提交人在战争前就使用了“Cuddle”一词。如果日本没有输掉,那么美国就会占领日本,没有官僚主义的延续,没有战后民众的反省。当然,美国人给日本人带来了耻辱。与日本的关系也产生了深远的影响。在东京的审判中,它揭示了许多未知的事情。这是一个警钟。
1	这是一个非常好的服务。这是一个非常干净的房间。这是一个很小的房间。不能直接叫它,它需要开关。我认为,它只是一个四星级的旅馆,在黄山,它是一个三星级的旅馆。
1	互联网上的驱动器显然不如红旗好。但它不是一个大游戏, 它只是一个电影, 它在互联网上,它足够好!它值得它。不把程序放在互联网上的同性恋可以找到如何安装它。这不是一个问题。
1	热度很好 键盘很好 软件也不错 有些很好 屏幕很好 但它只是LED背光灯
1	这不是一本好书,这是一本快乐的书。我是一位生态学家,可以理解地接受大多数概念, 但对于其他人来说并不十分清楚。 一个例子让我很痛苦。 我在火车上8小时读了115页。 这对我来说很困难, 我很久没有安静读过一本书了。 这只是个心痛。 它不是一部文学作品, 它不是一部纪录片,它是一个科学, 它是一个真正的理性科学。 所以无论谁想看它, 它不是一本好小说, 它是一个严肃的科学。
1	完成它花了大约一个月的时间,感觉战争学校比这个和平时期我所经历的大学生活更美丽。 接近毕业时,一位朋友离开时没有太多的描述,但令人感到痛苦,一年前我经历了大学朋友的分离,只剩下记忆了。 尽管如此,我还是被歌曲感动了。
0	虽然作者花了很多空间,但有点失望,这有点浪费了钱。 事实上,大部分书籍都是个人语言,小女人也为自己感到难过。 可爱可爱,但实际上,我认为这不如寻求药物。 事实上,31岁的孩子,几个好主意来自这本书。
1	它对于钱的价值非常高, 它的配置更均匀, 而且它或多或少可以承受 日常办公需求。
0	1. 模具、烟雾、鼻子、窗户通风、以及脏地毯上污点上的污点的气味令人震惊。
0	我不知道是否有一个空键盘的例子, 它在华石被双面胶粘住了, 而且还在上升。
1	价格是好的,我一直在关注戴尔的XPS 1330, 但价格是坏的,我对买它犹豫不决。幸运的是,它不是。
1	住在旺角的Long-hau终于选择了法庭,因为他喜欢Tsim Sha Tsui。酒店大厅是不错的,不知道为什么这么多人这么小。幸运的是,当两个房间订了房间时,它被升级了,但另一个房间却不好。前台的女士给了我们一张每间100美元的免费贸易票,并带我们到房间,我对此感到荣幸。房间刚刚装修好,橡树地板和内地的旅馆。我的窗户可以看到一个小海景。然后,我看到桌子在桌子上,但当天我们出去,我们没有感觉到。那些日子很凉,比上海37度还凉。孩子们去了美国迪士尼两次,所以有线和海景是最好的。
1	时尚,时尚,比照片好
1	小说第一部分是舒缓的,因为故事的第一部分是舒缓的,它从德雷明和杨中发现,彼此之间和赵丽之间有联系,他们的第一次目光并不熟悉,但他们已经见面了,但他们已经见面了,然后婴儿被击中,然后就失踪了,我无法控制我的情绪,而且一直在哭泣。小说并不完美,但整部小说是完美的,但整部小说都是他们的主人的命运,李氏幽默的乐趣使小说获得成功。 见到杨一这样的天才,一个小小的愤世嫉俗,一个有点贪婪,有点机智,有点机智的人是多么的渴望。
1	便宜,够便宜了,你用优惠券回来,机器坏了
0	旅馆及其丈夫以640加元的夜价进入旅馆,一张大床,一张640美元。首先,我们不满意的是,我们晚上到达旅馆之后,我们发现了所谓的大床屋,这是一张大床,一个很小房间的一张小床。在评论之后,旅馆说这是一辆车,叫车,说不可能改变房间。第二天早上,旅馆想上坡道,因为上面写着“靠近一个景色:一个旅行区”。在附近?我们在一辆汽车里花了180美元在斜坡上度过了一个多小时!旅馆服务非常糟糕,对人们特别敏感。唯一的亮点是,一个地名经理给了我们一辆车到斜坡(至少200辆出租车坐在那里),态度非常真诚。
0	7月,我们的客户在自己的房间里呆了6晚,3晚,客人是意大利人,没有办法抱怨,也没有办法抱怨,然后告诉我的工作人员替换他。 但第二天,由于旅馆部分装修,早上8点时没有供水,客户被刮胡子,脸部被洗。我们公司感到尴尬,商店开始只口头道歉,顾客表示不满,后来应公司的要求,答应以会员价格(事实上每间50美元)给我们所有房间。谁知道三间房间在最后结算之前被给予优惠。我对旅馆的做法感到失望。还有五颗星星,没有人知道它们能否画出相同的牌子。
0	房间一团糟,厕所堵住了,今晚没希望了!
0	我读了新闻 以获得购买书的冲动, 然后我在网上搜索,发现它不贵, 然后我买了它, 它花了我短短的时间看它, 我认为这是正常的,不值得的。
0	晚上有电话!
0	这房子也可以被称为三星酒店。房子进去,闻起来像屎一样臭,浴室的毛巾脏,淋浴不热。第二天是隔壁的旅馆,便宜又干净。我希望我们不再推荐这家酒店了。这令人失望!
1	酒店的大厅比以前好多了,大概是因为花,房间干净、干净、舒适。
0	买给朋友,他的小朋友会喜欢的。报纸的质量几乎和书城一样好,但价格更便宜。它经过了很长的等待,快递的速度真的不好。
0	像这样的男人,太温柔了,找不到男人的脾气。他只是说,“那很好。”很好。很好。很好。不可能欣赏这种笔的美丽。奇怪的是,爱爱上了这样的人。这也许是一生的阴影。
1	如果知道该书是否已被删除,或者该书是否已被实质性删除,那将是令人遗憾的。
0	没有预设的窗口系统 蒸发是正常的
1	这是一个不错的酒店,我住在商业室 互联网速度很快,下载了2M/秒,很棒
1	这本书是激动人心的购买的,在学习后,发现那本愚蠢的书并不像以前那么完美,没有非常详细,而且有一些错误...它可能是不可避免的......但是这个世界没有绝对完美。一旦你找到完美的东西,它就是一个无处不在的虫子。我买它是为了自学。现在我觉得我学到了很多东西。我不后悔这个选择。学习者真正的乐趣就是学习自己。仅此而已。
0	你有很多特别喜欢看书的朋友, 当互联网给我一个买书的平台的时候, 你支持它。 当我读了一本书《明朝的事情》时, 我读了它非常私人。 第一件事是缺乏文学, 没有支持一本书的好语言很难成功。 作为一个历史书, 它讲故事不好, 有时是幽默的, 而且它特别粗俗。 这是一个很多的花言巧语, 使得一本书的内容非常繁琐, 缺乏协调和不舒服。 我不知道是否有人喜欢我。 这只是我谦卑的观点。 在这个动荡的时代写一本书很难, 但是写一本高质量的书不容易。
0	所有观点都是一般的、即时的和无效的。
1	一般而言,酒店服务设施和服务提供商的态度相对较好,但是在预订酒店时,他们称之为免费宽带的功能并不存在,因此笔记本没有被使用。你想用信用卡支付费用,但有人告诉你,你当天不能使用。
1	我建议你先看看萨特雅的书, 看看她的书《萨特雅默想》, 这是一本非常好的书, 那些想长大和了解自己的人可以读到的书, 以及那些言语所表现的宽容和爱。之后,你会看到她要传达什么信息。然后你会有更深的认识, 但是当你决定来读这本书的时候, 你会想让自己快乐, 让家人幸福。所以,试一试,你就不会后悔选择。
1	环境不错,空气清新又安静,离市中心有点远, 但对于城里自己开车的人来说,这是条好路去度假。
1	我认为这是一个简单、老的故事,但我没想到它会让我忘记它。现代城市生活,每天忙碌,压力越来越大,是无聊的。什么是爱?两个人能一生在一起吗?很多时间,困惑和怀疑。读了这本书之后,我感动了,我主人对爱的承诺,他对彼此的真诚感情,我的心是满满的,我的生活是光明的,只要我与真爱生活在一起。
1	开始的六层住房并不特别好,后来搬到一个10层的房间,面积合适,但可以使用四星尺寸,尽管价格更贵。
1	这本书被错过了好多次,是用朋友的忠告买的。幸运的是,它不是。作为一个孩子,我对瑞典的美景有一个最受欢迎的目光。Lingren的作品,《屋顶上的卡尔森》,《淘气袋的埃米尔》,在我无法忘怀的童年里和我在一起。直到现在,每次我看到这种绘画风格,它都会触动我最甜蜜的回忆。和老人和菲菲一样的故事。
0	我从来没有读过老师的书, 因为我对心理学更感兴趣, 所以我选择了这本书, 我很失望, 我对给她买其他的书不感兴趣。 我不认为它会奏效, 心理学家长大不会那么容易。你真的能做什么, 只有一个心吗? 你怎么敢看这些中国所谓的顾问? 告诉我,我不敢!
1	她告诉我,留给她的所有房间都将免费升级。我的房间被设置在一位特别的女士的地板上,许多旅馆,我第一次听说有一位特别的女士的地板,这感觉很特别。房间里有很多美丽的女性杂志,有很多化妆品棉花和浴盐。最重要的是,房间非常高,空气更好,风景更好。
0	四天巡演的最后一天是我们选择旅馆的时候,我们对此感到遗憾。首先,这里有交通,旅馆有自己的码头,但一小时里只有一条船,这很难错过。码头非常简单,当我们老小的时候,我们不得不小心,每次我们上船离开船的时候,我们都要小心。环境,我们订了一个豪华房间,我们进去了:旅馆里比天气更冷一点,壁橱门是关闭的,地板是干净的。空调是冷的,浴室是空的。冬天,岛上比城市低1到2度。水龙头,水是黄色的,热水是很小的,没有说洗澡,脸几乎没洗干净。
1	我读过卡莉一次,我总是有回忆, 我总是钦佩她 作为一个女人, 她有如此困难和出色的经验, 她有如此困难和出色的经验, 她很难磨炼意志, 她有了很多麻烦,
1	整个事情还是很有趣, 当然,因为事实, 这不是那种你喜欢 被困在你的脑后的东西, 所以在我看来,真的没有什么特别的 女孩的性格 谁爱你, 特别是如果她是聪明的, 但她不一定要被抓住 在她的手掌,
0	我忘了我的名片,我看见服务员在附近,她叫他开门,她甚至没有问我的名字让我进去, 落下寒冷,从来没有见过这么方便的东西,如果是小偷,哈哈哈哈哈。
0	我认为使用常规系统是件好事。不幸的是,只有一个分割区,非常不受欢迎的,太不人性化了, 并且给龙龙打个电话,问他是否能帮助分割区, 说他需要一个100美元的重载系统。
1	我从来没有想过,每次我作为一本为我儿子精心挑选的书上互联网,他都非常喜欢这本书。这次,他非常喜欢,每晚醒来,他都会缠着我念给他听。不管他和他父亲在哭还是在玩战争游戏,他都会放下手或停止哭泣,说,“妈妈,告诉我一些事情,我爱它。他很熟悉它。这是一本非常好的书,一幅色彩较少的图画,但它非常值得推荐。”
1	外观时尚,良好的使用, 三天的全时工作测试 和四天的正常使用,没有问题。第一步已经过了。这不会是一个问题。
0	结果发现,我内心的怨恨使我无法欣赏如此优秀的人才。重读《世界生活》是另一种味道。张爱琳说,以我的名义出售《富兰根》书不是怀疑的借口,然而,读胡兰生并不后悔,他也没有说自己用他的激情去了秦暮,但他却用一棍才华把他打入了十八层地狱。张说,一个没有女人良知的男人为自己感到羞愧。胡锦涛是一个优秀的样板。他称这本书为“观水花”,数量很小,而所有边界都外,自发、敏感、不流行、德罗尔,但他并没有逃离心墙。
0	房间很残废,看起来很旧, 长期没有窗户的窗户有臭味, 它很不舒服, 它闻起来像一个沸腾的锅, 这么脏,它不起作用, 房间不提供矿泉水, 它只是为服务台, 但它是为服务台,然后是给我买的。它是一个旅馆。它是一个词。它是一个词。
0	仅购买了几页才能发现它不是英语或美国人的隧道。 毕竟,是韩国人写了它。 认为自己是荒谬的,试图学习英语而不是购买英语作品,而是去韩国人那里学习。
1	电池是耐久的,整个工作是好的。 操作的速度仍然可以接受。 机器是两年的全球安全,这是一个很好的。
1	双核独白,商业机器,好价钱,值得买
0	这本书是给我两岁和三个月的女儿买的,她对此毫无兴趣。9岁男孩翻了个头,他通常读不同的书。
1	笔记本是快速交付的, 整个集是合理的, 第一个三星品牌比我想象的要好。
1	每本书的内容都是好的,并不象现在这样悲哀,人类和动物的生死都是自然的事情,只要儿童在日常生活中被告知这一点。我为四岁以下的孩子读了三本书,他非常仔细地听取了他们的意见,非常关心书的内容。故事在结构上有些相似,但语言是好的,绘画也很好。想到我们小时候读的书是令人遗憾的。
0	商业笔记本为什么不有相机?如果你有一台相机 用于在线会议或其它什么的, 你不知道开发商怎么想。 四个洞的电池只能用两个多小时。 它有点慢。
1	这是一个非常好的书, 特别是对于恋爱的夫妇, 以及结婚的夫妇, 或想要了解对方的夫妇, 他们需要知道其中的更多内容, 你需要知道更多关于彼此的信息。 你会赢得整个世界, 你会得到更多关于彼此的信息, 你会只赢得半个世界, 但是你们会知道彼此的一切, 你会知道彼此的一切。 所以这是你们幸福的关键, 并且它会让你们赢得自己的生活。如果你们想知道更多关于彼此的信息, 你必须看看它。
0	指纹太压抑了 我不知道怎么解释
0	"它很热,买它,但它不是非常 可以接受的,它不是非常好, 它比""飞龙""更糟糕 比今年我读到的""飞龙""。"
1	非常非常。 Joaquin, 你不得不惊讶的是, 堕落的公主在一次重大变革后坚韧不拔。 他迟到, 因为他还是个孩子, 他摔下路了, 他不喜欢对方, 但是在Joe生命中最悲伤的时候, 他站起来了。 他爱Joe, 他爱他, 他爱他, 他爱他, 他非常小心, 他从一开始到最后都缩小, 他睁开眼睛, 接受他的爱。 整本书现在都和记忆混淆了, 有点混乱, 但这并没有影响我对这本书的爱。
1	它值很多钱 我早就想要这台机器了 我在这里买的
1	我买D80已经有很长一段时间了, 但我一直以拍照为标准。 几天前,我看到一个朋友的工作感到羞耻, 我在找一本书来提高自己。 这是一本关于反门者的基本/结构/操作, 摄影图画, 人们的图像/风灯/时装策略的书。阅读之后, 我感到一大笔钱, 于是我拿起相机。
0	为了改变我对这本书的看法,我又仔细读了一遍! 我说是老师买的!这不好玩!但是!现在我发现这种风格不适合我,但写作应该很好!
1	我不能接受这样的事实 它是一个糟糕的价格 从机器一个人, 但这是一个糟糕的交易 没有包。
1	我不能说没有问题,但所有的酒店员工 都尽可能为每个客人服务 充满热情,所以我愿意给予酒店最高的评分
0	房间太小,不能去主桌 说我没有订位, 我打电话检查一下!
1	我读了一本悲伤的小说, 我爱狗,喜欢这样的狗, 我一直想养一只狗, 我每天都在看一些可爱的狗, 但我的父母没有和我说话,因为我的家庭环境, 当我看到作者的简介,文章的简介, 我真的忍不住要问我的父母买给我。 像这样的狗是快乐的,快乐的,快乐的。 当我完成这本书最后一页时, 我忍不住感到一种特别的悲伤感。 同时,我钦佩作者和狗, 我买了金毛来找到狗。
1	整个硬件配置相当完善。 CPU卡特别突出。 独特的 512M, 相当好, 2. 外观模型也是一个亮点。
0	第三天坏了。 我旅行第15天从隆吉维修中心得到一份测试报告。 货物于7月1日发往上海。 已经五天了。 没有信息。 我每天花很多时间给客人打电话。 我得到的只是, “我们会推你一推”。
0	这对我来说不像故事里那么吸引人, 但是它离我的生命没有很长的时间。故事中的主角都是神话般的神话, 就像爱人相互交谈, 非常自我表情, 不太像它, 不是很感人,太美,没有它,它就不是真的。
0	酒店主房不错,最好不要呆在附属楼里, 房间质量和酒店四星级之间的标准差太大。 强烈建议酒店提高质量! 服务员的态度不好, 房间空调在半夜1点漏气!
0	一周前,出价下降了300元,我买了5799元,真恶心
1	我喜欢牛纸的封面,简单明了,没有鲜花。它看起来像古老的同质,有点令人想起。一个厚厚的封面,握在我手里。我那天在体育场读了它,一个嫂子来问一个令人惊叹的问题:什么书?看看那本封面,并想知道:原始的还是盗版?然后我问,“为什么它看起来像这个样子?”我不知道该说什么。
1	7月10日,由于酒店的活动, 原来的700个房间只有498美元, 仍然具有很高的成本效益。它很好。但是如果它超过700美元,那么它有点贵。
0	键盘坏了 最重要的是电脑找不到语音卡 屏幕是白色的
0	本国生产的工人,电池部件设计不当,与键盘平行的侧面稍高一点,在装上电池后很可能与屏幕发生接触。
1	开始在网上看到这本书,感觉很好,决定买它来仔细阅读。有了新书,它被封成红色,被隐藏在危机警报中。用心读它,它感觉整个书都是非常私人的,讲故事的。好,好,它是一本非常好的书。
1	不错的早餐 不错的地方 需要十几个去火车站
0	如果货物不运到,价格将下降100, 但他们不发散热器。 2000-100 优惠券。
0	屏幕右侧有一条亮线, 形状像一把长刀, 当它在京都买了很多东西时, 是个质量问题, 这是它第一次遇到麻烦。
0	没有包子,但没关系,要花一百多买一个更好吃的,维斯塔已经习惯了
0	书的每一页都在书上, 好像它没有被编辑过一样。 这是一本盗版的书。 你做的时候不关心框架的质量吗? 这样卖书的人太尴尬了!
0	它有点重,有点有色, 没有光驱动的 XP, 很难开始, 主要是用USB外光驱动器, 发现它是一个F键, 需要按下, 并且不知道是哪个。 指纹是屁股的疼痛, 暗示着沙子。 键盘需要适应, 远离IBMT30手感。
1	这是一个合理的设置, 更快, 没有系统, 没有软件。 它在屏幕上不坏。 在屏幕上不坏。 它在屏幕上不坏。 第一次不坏, 没有经验, 没有钱, 这是给我姐姐的礼物, 她很高兴。
0	书质量很差: 收到的书的第一页被倒转, 有些页面还没有被拆下来。 它们已经重新发送了20天以上, 没有新闻, 没有邮件通知, 没有回信。 我必须去邮局换货。 这一次只是个小块。 这是一个可怕的服务 。
0	房间不干净,设施老了 他们已经不住了,比家还好
0	扩张器太少,USB接口都位于左侧,设计人性化差,光线垫子不匹配(散热器右侧的USB)和厚一点。
1	通过预定的双张行政床(和提前支付房租)的双人床(和提前支付房费) UNBITH00FF00 UNBE UNBTH00FF00 UNBY UNBTH00FF00) UNBOTH00 UNBNTH00 UNTH00 UNTH00 UNBEDH00FF00 UNCH00FF00) UNBOH00FF00 UNCH00FF00 UNCH00FF00) UNBEDH00FF00) UNBOH00FF00)
0	在镜子上留下指纹很容易,在休眠后启动飞机是一个老问题。这很可能是一个备用问题。我不明白。
1	去湖边参加侄子的婚礼, 10个人订购了5个房间, 从24天到26天。 在我去看评估之前, 我有一个坏心脏。 我停下来后, 我觉得比我想的要好。 在这样的城市里, 这是一个好价格。 短路, 4层, 窗前的一个大平台, 窗口的坏景色。 我喜欢摄影, 有点遗憾。
0	再说一遍,从Checkin开始, 我决定第三次不来这个酒店, 前台那个男人, 后面那个男人和女人, 更别提我,但说几句话, 我想大概是老板的儿子, 或者我无法想到为什么酒店使用这种员工。早餐烹饪区的厨师已经没受过教育了。
1	这是一个很好的外观, 沟通更及时。 没有游戏被测试, 它通常使用, 硬盘不是太响, 热仍然不错。
0	我买了ACER 4935G, 这是一个LED屏幕, 显然质量不同。 这4736Z屏幕看起来是一样的, 但效果要低得多, 我怀疑它是一个雪花屏幕。
0	我于3月6日查看其他酒店的朋友的评论时,我查看了3月6日,我选择了这个,因为没有评论。但是结果却和以前一样糟糕,没有四颗星星,衣柜里有蟑螂,我当场开枪打死了一只。298美元一晚绝对不值得,与成都相比,而且服务和设备太远了。下一次,它不会在那里。如果可能的话,最好回去住在那里,只有1小时45分钟。
0	这是我住过的最糟糕的明星酒店。它甚至不是一个接待室, 它很小,它潮湿, 它甚至不是一个桌子,它的蚊子,它的毒药,它肿胀了一个星期, 它有死蚊子在我的房间的墙壁上, 如果你愿意住在这里。
1	它很昂贵,很昂贵, 它不是在4488年包起来的, 它设计成黑钢琴油漆, 它比照片更美丽, 它更优雅,更私人, 朋友也喜欢它。它也是6400.2 G. 250G. 9300。 LED 屏幕, 效果很好, 就像镜子一样, 同事说它很亮。 它应该更具有电力效率, 电池的豆类, 质量很好。 包装盒里的老鼠, 原创的,不是分布的,质量也很好。
0	以大众、大众和愉快阅读的方式撰写朝鲜民主主义人民共和国的历史,非常感谢你们明天的光临。
0	我选择付钱,但是我告诉我,我不能交付。我在深圳,我在城里。为什么我得不到呢?当互联网考虑的时候,我正在做第一件事。
1	继续寻找,开始学会知道 生活和感情是非常好的。
1	酒店大厅不错 房间不错 舒适 舒适 舒适 舒适 酒店五星级酒店不错
0	原始的 1G 内存太少, 集成 C. M. C. 较强, 触摸板较弱, 网络摄像头像素低, 照片有清晰的粒子感知, 只有一张C- 盘有点压抑, 界面也较弱, 但基本上足够。
1	分享好东西!我儿子很少拿出他的情书来和他的小朋友分享,但这次他会在床上贴上魔法贴纸,和几个好朋友一起玩贴纸。 海边的精灵王国是孩子们的梦想之地,他们与小孩一起玩,孩子们自己比他们自己更快乐地玩贴纸。
0	更令人沮丧的是,我们住了368个晚上的房间、小房间、浴室和浴室都与玻璃一样透明,而且拉下窗帘是无法遮挡的一面,所以去洗手间是尴尬的。
1	儿子首先读了《三一》和《西游》,然后让我给他买一套全套东西,他在61岁时抵达,作为礼物,他的儿子喜欢放手。拼贴画是为低年级学生阅读的,让孩子们懂得古典文学。用一本最喜欢的书,他的儿子没有看多少电视,测试我,书里的角色等等。我还买了书,每天晚上和我儿子一起阅读,享受阅读的乐趣,这真的很值得。
1	很便宜,很好,设计得更好,很有胆量
1	这里有免费宽带,我有一些优点和缺点: 1. 良好的环境,像别墅一样的房子,椰子树,大游泳池。 2. 不错的田野位置,市中心的大超市... 2. 2分钟...
0	1. 尽管交通迅速,但夜间没有灯光,哈姆酒店夜间也没有灯光,仅提供一套餐饮,有360种不同的膳食,该国的水和水不再存在,因此值得重新平衡住在这里的意义。 2 - 不能要求三轮汽车为您寻找旅馆;根据三轮汽车,客房为20美元。 3 - 旅馆不开放,没有24小时热水。 4 - 房间不干净,旧的和安装的电脑是空的,根本无法使用。 5 - 窗户没有关闭,旧房子不再需要再关闭,但不必等到早上8点到00点才能从火车或汽车预约;7 - 30点需要早餐。
1	Bones先生和他的主人Willy一直在寻找自己,寻找灵魂,寻找乌托邦。威利年轻时是失败的一代。他沉迷于毒品、反社会主义、自我宣称和破产。他仍在寻找自己的乌托邦Tinboto。最后,Bones先生在路上。
1	这是好东西,是好设计,是好工作, 质量好, 交付速度好, 质量好, 包装好, 包装好, 交货速度好, 交货速度好, 东西好, 质量好, 比你想象的要好。
0	书上说二楼的房间在一楼,加上10美元在互联网上早餐,还有15美元停车费。豪华单人房的地毯都湿透了。我是无言无语的。但酒店环境很好,但不幸的是并非如此。
0	这本书已经购买了很长一段时间,但还没有读过,偶尔也发现存在某种程度的顽固性,我理解历史,我不同意作者使用基于网络的流行语言来解释历史。 特别是今天上午,我看到了闭路电视对明天一个月的访问。 我认为主持人对此也有保留意见。
1	很漂亮,很有用,安装XP系统很困难, 但是不玩游戏就拥有VISTA是件好事。
0	我太失望了,我本来想增加更多字眼, 但是它太小了,读不出来, 对我最初的水平来说太混乱了, 而且这本书有一个零基础的介绍性版本。
0	8月,两间投标室,340美元和一个四星级的售货室, 被订购了, 但到那时,这是一间旅馆, 旧的,小的房间, 和一个25英寸的电视机, 锁在衣柜里。这不值得。下一次,它不会在这里。
1	新鲜而细微的词句、温暖和感人的特点、有时困惑和独立的女主人、英俊和有学识的男主人、我知道的中国处方、每一章的中文标题和该章之后的汤(详细阅读)以及作者的伟大工作,使我怀疑提交人是否具有中等医学院的出身。 粗糙的词句像水一样流畅,在文字中像水一样低,但触摸也像其他任何东西一样。
1	一位朋友问我买一个是因为我相信她的眼睛。她说她读高中的时候就知道了。当她看着它的时候,她想在那里,但以为我们,那些害怕狗的人,可能无法到达那里。我们来看看吧。这是为我们自己而做的,我不认为孩子们对它感兴趣,孩子们自然地爱着动物。有许多经典的词,比如,“妈妈,为什么你的头发看起来像一只食肉动物呢?”
1	这比隔壁的香格里拉便宜多了 你想游泳,但听说游泳池没开着,很郁闷
1	由于我女儿经常重读这本书, 我担心我不会再买它了, 尽管她已经普及了科学知识, 但是它已经垄断了女儿的爱好。 我每天都坚持着它读它。 我看到人们说漫画书像这样, 他们是甜的, 所有的小孩都喜欢漫画书, 像糖果一样, 但吃它们只会影响孩子的成长。 我买了20本, 我不再买了。我想一两本是值得的, 但我不需要像我一样多买。
0	光线可能太亮,眼睛很痛,害怕雪花屏幕, 看上去更黑也比较舒服。案件已经过去, 案件在4月15日被标出, 甚至有一个在电线上被拆开, 有一些怀疑它是一个修理工。电池只能显示在使用过程中的百分比, 而不是其他时间。
1	房间不错 前台状况不错 很好
0	书质量很好,但书不觉得合理, 开放书本, 乱七八糟的书本, 堆积如山的书本, 孩子们不喜欢书本。
0	地理位置如此之差,以至于在农村和城市地区。没有服务感。 它不可能出去买车。 在早餐和煎蛋之后, 我们在一个小时里轮流找厕所, 而且我们度过了愉快的一天。
0	银幕14.1的公寓看起来不太舒服, 但是如果太过舒服的话, 特别在路上, 搭着一辆3.5小时的火车回家, 然后再回家, 有点重, 也许wwlett-Packard不知道如何登记两年的保修。
1	它是在有可能返回时购买的,一般说来,速度是好的,价格是好的。
1	好消息是LED屏幕 效果很好 有很多钥匙 蓝牙 惊喜 有很多笔记本
1	热度非常高, 连续四五个小时不会热。 在改变 XP 系统后, 感觉会快得多 。
0	当你看三分之一的内容, 它感觉你正在采取 另一本书, 你不是在谈论你自己的美丽, 你更有可能赚钱。
0	我曾经住在那里,找到了一只老鼠,我看到有人说他们重新装修了它, 所以我选择了这家旅馆。但是,只是令人失望的是,一切都变了,就一个晚上,我病了。下次我不会再住在这家旅馆了。
1	这是一个有点地方,一些民族主义 如果你有机会,你可以试试
1	当你们还小的时候 最难感受的就是孩子
1	它很漂亮,它很好,它很好,它很好,它很好,它很好,它很好, 特别是室内游泳池,它是老的, 特别是拖鞋,它太薄了,它不像一个四星级酒店。
0	重新加载系统后, 机上的人没有面部识别, 只有相机的图像可以在 msn 中看到, 其余的无法看到, 相机的位置无法找到, 其它安装的软件?
0	我对这本书很生气 我收到一封4月23日从上海发来的邮件 这是5月7号 我还没看到书的影子 我在写评论 希望我和一个在白天买书的朋友一样小心
0	装载 Xp有很多麻烦。有一个未知的装置 不知道发生了什么事情, 所有其他东西都在驱动着它。
0	我买了一个给我男朋友的妹妹。她很快乐,她开始播放,但她总是在磁盘上, 时断时续。它看起来像被剪掉了,很坏。它不能连接。它不能连接。把它给她真可惜!
1	酒店很棒,一流,很漂亮,很漂亮 空气,绿色,人类流动,温泉
0	这本书是我买过最失败的书, 当我得到它的时候, 我认为它有点乱, 也不是很丰富。 也许外国和中国文化是不同的。 孩子们只是不想改变它。
1	第三代的爱和第三代的爱是永无休止的,但是,在10英里燃烧的桃子树丛中,这两个人终于能够快乐地握起手来,但手的曲折和转弯却是针对谁的?在每件事都消失之后,“光明,来来来来来来去去去去去去去去去去去去去去去去去去去去去去去去去去去去去去去去去去去去去去去去去去去去去去去去去去去去去去去去去去去去去去去去去去去去去去去去去去去去去去去去去去去去去去去去去去去去去去去去去去去去去去去去去去去。现代的言语被塞进了古代的景象、乐趣和幽默中去去去去去去去去去去去去去去去去去去去去去去去去去去去去去去去去去去去去去去去去去去去去去去去去去去去去去去去去去去去去去去去去去去去去去去去去去去去去去去去去去去去去去去去去去去去去去去去去去去去去去去去去去去去去去去去去去去去去去去去去去去去去去去去去去去去去去去去去去去去去去去去去去去去去去去去去去去去去去去去去去去去去去去去去去去去去去去去去去去去去去去去去去去去去去去去去去去去去去去去去去去去去去去去去去去去去去去去去去去去去去去去去去去去去去去去去去去去去去去去去去去去去去去去去去去去去去去去去去去去去去去去去去去去去去去去去去去去去去去去去去去去去去去去去去去去去去去去去去去去去去去去去去去去去去去去去去去去去
0	这应该是我订房以来最糟糕的旅馆。原因如下:1,旅馆提供的房间是一座窗户,桥是一座桥,虽然是10层,但是非常吵闹,特别是我去上班的时候。2,房间的淋浴没有调整,你必须准备享受冷淋浴,3,门有时是神经性的声音,警报可能是坏的,警报是坏的,修理是坏的。4,电梯太慢,整个旅馆是一座桥梁,很多女孩,很多白天和晚上,它是一个桥梁,很多钱,很多钱,很多钱,很多钱,很多钱,很多钱,很多钱,很多钱,很多钱,很多钱,很多钱,很多钱,很多钱,很多钱,很多钱,很多钱,很多钱,很多钱,很多钱,很多钱,很多钱。
0	当人们遇到这么多无法改变其痛苦的事情时,有多少人真正能够面对痛苦和痛苦呢?即使需要很大的勇气才能摆脱生命的尽头,为什么一个人应该活着,也许只能用自己的生命告诉自己?
0	如果没有一揽子计划,价格就没有优势,购买是在几天前进行的,如果不包括XP资金,新的互联网网页现在更具成本效益。
0	只是眼里没什么可说的 能吸引人的名字 说得通
0	我铺了一张大床, 和主干道 与坏的隔音, 我已经睡了一夜, 如果我的困苦朋友 不得不考虑它!
0	第一次安装XP,键盘不起作用, 模型终于被我固定了, 在我的同事看到送来的鼠标后, 他们都说它是假的, 但是它已经交付了, 所以没什么好担心的。
0	比我想象的要糟糕得多。没有什么可感动的。这是普通的语言,很苍白,很难理解那些说书在移动的人。
1	这台机器装备了VISTA系统, 我不知道为什么它只是DOS。 这是一个惊喜。 它被驱动了。 一般来说, 它是一个非常好的。 最重要的是它被高估了。
0	垃圾、垃圾、垃圾、垃圾、垃圾、垃圾、垃圾、垃圾、垃圾、垃圾、垃圾、垃圾、垃圾、垃圾、垃圾、垃圾、垃圾、垃圾、垃圾、垃圾、垃圾、垃圾、垃圾、垃圾、垃圾、垃圾、垃圾、垃圾、垃圾、垃圾、垃圾、垃圾、垃圾、垃圾、垃圾、垃圾、垃圾、垃圾、垃圾、垃圾、垃圾、垃圾、垃圾、垃圾、垃圾、垃圾、垃圾、垃圾、垃圾、垃圾、垃圾、垃圾、垃圾、垃圾、垃圾、垃圾、垃圾、垃圾、垃圾、垃圾、垃圾、垃圾、垃圾、垃圾、垃圾、垃圾、垃圾、垃圾、垃圾、垃圾、垃圾、垃圾、垃圾、垃圾、垃圾、垃圾、垃圾、垃圾、垃圾、垃圾、垃圾、垃圾、垃圾、垃圾、垃圾、垃圾、垃圾、垃圾、垃圾、垃圾、垃圾、垃圾、垃圾、垃圾、垃圾、垃圾、垃圾、垃圾、垃圾、垃圾、垃圾、垃圾、垃圾、垃圾、垃圾、垃圾、垃圾、垃圾、垃圾、垃圾、垃圾、垃圾、垃圾、垃圾、垃圾、垃圾、垃圾、垃圾、垃圾、垃圾、垃圾、垃圾、垃圾、垃圾、垃圾、垃圾、垃圾、垃圾、垃圾、垃圾、垃圾、垃圾、垃圾、垃圾、垃圾、垃圾、垃圾、垃圾、垃圾、垃圾、垃圾、垃圾、垃圾、垃圾、垃圾、垃圾、垃圾、垃圾、垃圾、垃圾、垃圾、垃圾、垃圾、垃圾、垃圾、垃圾、垃圾、垃圾、垃圾、垃圾、垃圾、垃圾、垃圾、垃圾、垃圾、垃圾、垃圾、垃圾、垃圾、垃圾、垃圾、垃圾、垃圾、垃圾、垃圾、垃圾、垃圾、垃圾、垃圾、垃圾、垃圾、垃圾、垃圾、垃圾、垃圾、垃圾、垃圾、垃圾、垃圾、垃圾、垃圾、垃圾、垃圾、垃圾、垃圾、垃圾、垃圾、垃圾、垃圾、垃圾、垃圾、垃圾、垃圾、垃圾、垃圾、垃圾、垃圾、垃圾、垃圾、垃圾、垃圾、垃圾、垃圾、垃圾、垃圾、垃圾、垃圾、垃圾、垃圾、垃圾、垃圾、垃圾、垃圾、垃圾、垃圾、垃圾、垃圾、垃圾、垃圾、垃圾、垃圾、垃圾、垃圾、垃圾、垃圾、垃圾、垃圾、垃圾、垃圾、垃圾、垃圾、垃圾、垃圾、垃圾、垃圾、垃圾、垃圾、垃圾、垃圾、垃圾、垃圾、垃圾、垃圾、垃圾、垃圾
1	每个ACER总有一个 具有吸引力的, 并且总是有代价的。
1	旅馆设施已经老旧,但是地毯可以换, 地毯很脏,非常有用, 每个顾客都有一个服务员, 送你进客房, 和一壶热茶罐,带你进房间。
1	半夜,我不得不要求换个房间, 后来我同意了。 仍然不错。 酒店的位置不错, 而且比较新。 服务员是实习生, 他不熟练, 但他是认真的。 前台是不错的。
1	这是很好的,这是很好的日常需要, 这是非常好的 550,它的英俊, 这是一个15英寸的屏幕,它看起来不错, 它对Dubby有好处。
0	书里没有这个词的迹象。 这是书中的一大缺陷。 读者拼写它不容易, 更不用说记住它了。 不幸的是, 如果我不付钱, 我会还回去的!
0	“奇迹之书”并不是一个问题,只看到结果是件好事,但不必一言不发。
1	唯一不够的就是这个房间有点老了。据说这里有一个新的香格里拉, 所以应该有一个更慷慨的价格来吸引。
1	总的说来,它是干净的,而且是一个良好的地理位置,一个大城市。很容易进出。
0	是时候让前台参加训练课了, 总是一张扑克脸, 而我是一个顾客,我没有借你的钱。为什么你必须看看你的脸?房间已经老了, 洗手间里的毛巾应该换掉,如果不是因为以这个价格工作比较方便的话。
1	完美的三星屏幕 三星记忆 XP 萨塔驱动器 一切顺利 听起来不错 比我的朋友索尼好
0	我甚至没拿到那批货 我不知道该由谁来负责 我白白花钱了 我该怎么办?
0	一家非常普通的酒店, 无法跟随家或莫代比(Motebby), 被称为生态经济旅馆, 汗水。 第一次在房间里有煤气加热器, 或“ 前门 ”, 开着时声音响了! 床不好, 床垫动了, 毯子也动了, 毯子。 旧的毯子, 已经十年了。 唯一值得赞美的是地理位置, 周围的食物和饮料很多。
1	建议保密、交通方便、价格低廉、基本服务和最起码的食宿设施。
0	驱动程序不完整,特别是如果硬盘上的 AHCI 无法打开,而问题后来通过IBM驱动的解决方案得到解决。 声音卡需要加载两次才能完成安装,第二次需要重新加载视频卡(HDMI ) 。
1	我希望他能给我的客人留下好印象
1	设施有点老了,但毕竟是个安静的地方!
1	前台服务很暖和, 周围的交通很方便。 它只是旅馆浴室的湿地毯。它有点霉。但它很便宜,值得。
1	《阿拉伯现代文学史》一书由北京大学外语学院阿拉伯语系著名教授Jin-Kun先生撰写,是东方研究系列丛书“东方文化融合”的“西亚北非文化编辑”,由国家科学硕士Qui Hing Lin先生编辑,概述了阿拉伯科学的发展轨迹,对最近复兴的现代阿拉伯语作了很好的描述和非常深刻的回顾,语言简洁、优雅和易读,论文质量优美,布局美,汇集了非常适合阿拉伯语专业或比较文学的学生。
0	我为国外的客人预订了一个晚上,第二天我离开商店时,客人说他们在旅馆餐厅吃鱼,胃不好,客人不得不搭飞机,送到机场休息室,呕吐然后去医院。她飞到曼谷,停留了两天,在泰国逗留了两天。下一次旅行被取消了。我从曼谷回到美国,我感到内疚和担心。你是四位明星。
0	模具是正常的 热风扇后面没有通风口
1	日本一直是一个令人羡慕的改宗研究城市,其中之一是这本书《真人》中最令人羡慕的成果之一。 这本书是道洪勋在南朝鲜战争期间编写的一份重要著作,记录早期扫盲的历史,这对我们理解早期改宗主义的发展非常有用。 但阅读起来并不容易,但阅读起来不易;学习起来既多又难读,它一直是一本非常困难的书。
1	内部和外部修理:外部材料是创新的,内部业绩平衡了思帕德的强劲业绩。
0	这家酒店的硬件设施非常差,例如:KTV房间被换了房间,房间很薄,早餐在简陋的房间里供应(早餐太简单了),服务员携带香烟到餐厅送早餐,大厅只有一个男女卫生间,有两辆自行车,我到旅馆服务员那里时找不到我的订单。所有这些都是一个客观的事实,我没有编造出来。
0	这是本不错的书, 有点像屏幕, 不错的书, 有点像屏幕。
1	在这本书覆盖的领域已经超过五年了, 这对学院来说是非常好的。 相反, 当你在大学的时候, 很容易忘记商务课程。 对于大学生来说,非实践和实践的结合是困难的。 学生现在至少生活在信息时代, 他们可以打开一系列网站, 以及印刷证书中的知识点, 但是即使如此,它也比较有限。
0	为什么它有时会被卡住 当你玩一个怪物竞赛?
1	看见和工作是件好事, 工作是件不错的事。 它就像一张剪卡和指纹。 当我打开行李时, 送货的人告诉我, 用砖砸人是件可爱的事, 如果它不是电脑的话。 但是送货人说, “他只送货,如果是假货或者什么东西或者砖块, 他没有责任, 问题让我找京东。” 嗯, 我很幸运有一个大心脏。 毕竟,它很便宜,我的老顾客也不明白。
1	这是一年前的一次,这次是第二次,房间又大又干净,容易多了,因为它在旅馆前面。
0	电脑风扇是直接运行的, 它总是热的和可怕的, 但是系统之后的XP会很好。没有XP驱动器。
0	这个作者什么都不知道,写得太多了,欺骗了每个人的眼睛。 啊,伤害了中国医生的形象,暗示你不相信它。我对它有很好的预感。
1	外观主要是 IBM 风格, 内凹显示器, 良好的键盘触摸, 红色点等等。 有一种沙子的感觉, 它舒适, 它很好。 屏幕很好!
1	这本书质量良好,值得信赖,而且速度很快,非常好。太棒了!
0	在两边,第一种感觉是—— 这是非常一般的。我不同意你的看法, 它被称为学术明星, 我看过尤丹同志的观点! 当页数是50页时为什么是废纸?孔子没有教你如何保护环境吗?
1	这是本好书。当我读到汽车汽车马戏团的动物演员告诉狮子奥里奥说他们在马戏团的待遇时,我的女儿说,“我可以听到你哭泣。”我借此机会告诉她,动物和人类一样,是全球大家庭的一部分,动物是我们的朋友,人类和动物可以和平地生活,它们可以保护地球的生物多样性,它们可以维持地球的生态平衡,人类可以生存。
1	这本书最重要的部分是 它简单实用, 难以形容, 也没有任何意义, 但是它确实帮助我们学习如何与孩子沟通, 再加上一些练习。 我认为,如果我们按我们所说的做, 如果不是100%有效的话, 它将会大大改善我们与孩子的关系。 不幸的是,许多我无法实践的技术, 而两岁半的年轻人 仍然处于非理性的阶段, 但我可以很快地使用它们, 所以现在我们必须学习,是吧?
1	很容易读懂,我认为我所能给予我的最大帮助 就是理解人们是如何成长的—— 主要是在婴儿的不同方面—— 并且更深入地理解我的孩子 在现实生活中。当我过去做不同的事情时, 我曾经做这样的事情, 但我无能为力。当我看这本书的时候, 当我看着我的孩子时, 我没有任何头痛。 他的不同表现和他当时的年龄一致。我会更好地了解他。我会耐心地分析他, 调整自己,成为一个更好的母亲。
1	酒店不错 住址不错 在镇中心 酒店服务员很好
0	两周前,一个大床豪华客房被命令面对游泳池,其中两间小,还有一间1.5米的客房于下午3时进入旅馆。 下午11时回到旅馆后发现,一个偏远地区的两名单身客房客人未经咨询就被搬回家中,理由是没有会议室,晚上11时拖着他们的行李箱和一只脚折断,一个睡不着的孩子在旅馆里跑来跑去,这是令人愤慨的。
0	没有系统, 安装 XP 是麻烦! (想要安装 XP 的朋友可以查询: http://tommyjade.blog. 163. com/blog/static/ 9109502009528259864/)
0	信使没带上楼,我下去取货,有点怪怪的
0	我是第一次买书的新用户, 但14号已经交货, 没有收到。 这太令人失望了。 我不知道去哪里!
0	很难写成这样写作家的英文, 虽然这很有趣, 但不喜欢这种风格是件可惜的事, 这是一种中文和英文阅读的混合, 可以记住一些词汇, 但这就是阅读技能的废墟。
1	多亏了作者 赐予我们如此美妙的礼物
1	看到一个新的卡梅拉(Carmela),有一种不同的感觉、喜悦、兴奋,然后,七年后,8或9年,好像他们再次抓住了它,很快就从名单上出来了。 当我看到网上审查时,我说必须买下7个,有些犹豫不决,但是我们已经考虑过这个问题。 因此,我的两本书是分开的单子,我让那些想买孩子的父母做点什么。
0	整个书本(上下),从文字,结构, 字符,到上下文, 都没有地方值得有专业经验的地方, 但是它不是你可以用类似的经验写作的东西, 它需要表达, 它需要一本非常令人失望的书, 需要雕刻。
1	"首先,我看到了""天空"",然后我找到了她, 我买了她,我买了她, 我很喜欢她,我很喜欢她, 我喜欢女人的性格, 我不喜欢她, 我不喜欢她, 她有点被赞美, 幸运的是,她离开了他被绑的地方, 付出了很高的代价; 我喜欢它,我喜欢它, 我也喜欢它, 没有理由这样做。现在我很高兴看到它。"
1	在市中心,街对面是铁丝网, 隔壁是湖边最畅销的商店。 5分钟的步行路是最热的红旗路。 这是一个奢侈的双层房间。
0	整个房间都找不到纸巾,马桶里没有空调,我不知道我的一个朋友是否抱怨他睡不着之前就走进客厅,或者他可以拆掉它。 7 我在房间里使用的纸是干净的,黑色的,还有水倒在外。 4 塑料在冷室里超级脏,很暗,足以吓人。 5 没有空调,电梯里没有空调,在热天里没有空调。 6 我有一个朋友说,他正在走进客厅,就像他走进桑拿一样,这很丑陋。 7 我在房间里使用的纸是空的,就像我的一些朋友在路上旅行一样。房间里没有纸。
1	我一直认为世界上最富有的是比尔183、盖茨或沃伦183和巴菲特, 现在我知道,世界上有这样一个看不见的真正富饶世界, 它们与世界历史上的许多战争和金融危机有关。
1	很久没买下来了 我终于下定了订单 带来了京田送的很多礼物
0	前台女士的态度很差,房间是开着的,臭气熏天,阳台的窗户破了,前台让我们付钱,说我们弄坏了。前台女士跑出来说,邻居抱怨我们太吵,要求我们登记房客,态度不好,是隔壁的客人,我们不是客人。当我们打开门时,隔壁的门比我们更吵。但这是一个坏词。
0	首先,看书是混乱的, 然后是几页, 然后是十几页废话, 然后我们再讨论这个,然后我们再讨论这个, 我们以后再讨论这个, 然后我们再讨论它, 我们只需要改写每一节的文字, 废纸, (如果我们想强调它完全用黑体打印的话), 人为地增加长度, 增加页数, 提高价格。这不实际。
1	一直有这样的想法。即使现在幻影小说已经编造出来,但必须说猜金是精英中不可或缺的成员。英格玛加入了一群年轻作家。为什么我们不能等待更多更好的工作?这次我被吸引去请更多的观众提供拷贝。我们也许也应该开始写作。我们真的需要更多线索,以便灵感之河永远不会用完。
0	当上网很好的时候,但内容并不重要, 它从书本中得不到任何新的知识和想法。 书的质量很差, 所以你可以只看它们, 越看它们, 你越想睡觉。
1	产品看起来小,稳定,完全正常,适合办公,学生使用,特别是定价,以及Dell的品牌和售后安全。
0	这本书是我在08年读到的最有价值书籍之一。书中的一些想法打破了我通常的一些想法。作者对20岁年龄组的混乱问题做了一些个人回答。值得看看这个年龄组的女孩。
1	我5499买的,我想买NN901PA,但我没有,所以我买了。硬盘,6小时,完美的屏幕。祝你好运。
0	买这本书对我来说是个特殊的例子, 因为我看到了很多好的评论, 虽然我没有很多钱, 我从来没有浪费过我宝贵的生命, 特别是当它是如此有趣的时候。 很难理解这么多人给了他们一个好的意见。 看起来你太要求写一本书了。 你可以写一本书。 如果你强迫自己读很多书, 你没有实质的东西。 现在是时候让社会浪费我的银子了, 但你不能浪费我宝贵的生命。
0	它可能是世界上最糟糕的明星酒店,没有电视,只有一个床边的柜子,就像一个通过走廊的厕所...
1	微小、强大的电力, 在同一产品中上载, 大配置, 蓝牙,相机, 读卡器, 三个UBS嘴,键盘质量。
1	我也许无法评论今天的高中毕业典礼, 当我们双方都被兴趣和欲望所迷惑的时候, 但是当我的老师向我推荐“Wolf Totem”, 我毫不犹豫地做了一本书,
1	这是给你女朋友的新生日礼物, 订在周四下午, 周五。机器很好, 金属感觉更好, 比互联网漂亮得多, 屏幕看起来更舒适, 特别是像开关灯光那样细小的细节。
0	键盘并不太人性化, 它感觉好像当货物到达时, 徽标被刮伤了, 并且它应该被更改, 并且它被发现是完美的 去除表面膜而不刮伤, 并且它有点重, 2.4 KG, 而且不管你是否开车离开工作, 或者偶尔离开工作。
1	我想这是有道理的。我真心想说,“出租车就是这样,你忙的时候不能打电话,你没事的时候看不到空车。”
0	有很多商业主义和有限的医疗标准。翻过头来,不要太严肃。最好不要有书。
0	当我看着它时,我看到了差别, 但如果我再次选择,我还是不会改变, 我会自己走,我自己走, 我自己走, 和我自己走, 这本书并不如我想的那样好。
1	这本书可以改善高层个人的培养和能力, 不论我们从美德公司、美德公司、林凯艾什的角度来看, 但确实可以给我们的智慧是不言自明的。
0	单人房间是在没有宽带的情况下订购的,改成一个商业室,但在贵宾大楼的后面 -- -- 一座四层的小大楼,房间处于正常状态,但从床上搬走,窗外是院子墙,房间打呼噜很厉害。
0	声音有点不好,电池坏了,一个多小时没电了,Cpu的温度超过50度
0	没有蓝牙,没有纸条 我不想用,但我需要
1	这是一个特别的销售,我不认为它会下降。键盘感觉很好, 表现很好,电池还值得一提, 大概8个小时左右,而且非常不错。
1	人们认为160G比250G更好,更安全,更安静, 嗯,很好,虽然比那5000要难看,更原始。但我并不使用它来观察。
1	我还没说完,我刚刚读了沃尔特的死书,我为自己感到难过。Maum的小说总是抚摸我,伤害我,并经常被思考很久。我对古老的中国城镇环境和人物并不满意,尽管这也许是事实,但妈妈似乎充满了西方优越感,而不是落后的中国,我是一个狭隘的、过于敏感的中国人。
1	如果我是勇敢的,结局就会不同。如果你坚持,那会不同。我的年轻情人,你在我身上刻下了伤口和时间。在那些眼泪的夜晚,我仍然记得你是爱本身...当我年轻时,我以为爱可以战胜一切,我不明白世界上还有另一种力量,叫做命运,喜欢那些词。
1	这本书与通常的儿童书籍不同,它让孩子们知道结局并不总是“幸福地生活 ”, 野兽永远不能回到王子身边,“不可逆”也可以成为终结。 这是生活中经常遇到的事实,达尔教导孩子们现实的残酷性,但我们不需要因为存在不良事实而陷入绝望。 生命的意义在这本书中向孩子们揭示:生命是为了人类的利益,生命的力量不是生命的长度,而是用自己的生命来照亮更多生命的能力。
0	内存小,但一个G,或两个G,仍然缺少XP系统。
0	作者主张反省和不信任化妆品,他们同意这一点。但方法清单太繁琐,无法找到。它不切实际。
1	MP3 文件太大, 无法在手机上听到, 但他们无法选择段落, 需要每次从零开始 。 这不容易 。
0	屏幕大小小于 Hp14 英寸;键盘很容易灰色,建议键盘膜被发送到京都;头巾率似乎很低,总是闪烁。 从官方网站下载所有司机,把他们集中起来,发现仍然有三个未知的 PCI 设备,这令人沮丧,谁能告诉我这是什么?
1	机器运作良好,而且设计得非常直观, 仍然有“思考”的风格。 它非常光亮, 包装得很好, 效果不错, 感觉效果不错, 感觉很好。
0	左键和右键效果不好,它们很僵硬; LIUNX 系统非常糟糕,许多东西不兼容, 并且很困难; 系统必须改变; 大量输入的垃圾无法弹出; 因为它是一个小页面屏幕, 有一页被破入几个屏幕, 感觉它需要修改。
0	单词不那么容易,非常常见和不可知,不增加记忆,令人厌烦。
0	过了这么久,没有礼物给老人, 说没有东西像一个完整的全景。
0	1: USB, 网, 电源在左边, 没有使用。 2: 电源适配器太响, 烧不着 。 3: 没有鼠标 。
0	还有很多好的旅馆,例如萨尔瓦托尔酒店, 我不知道为什么我没有在酒店上签字。
0	11月9日我订的订单还没有被听到, 头版大约是6.8个折叠, 但销售量超过6.8个折叠, 电话响应只能以购物车的价格为基础, 当服务真正改善的时候, 不要认为它太大了,不能继续下去。
0	睡在房间里非常非常糟糕,因为我睡在路边,我要求4个小时的音响。我仍然在看旅馆,我看了旅馆,看了一眼街边的房间,我看了一眼街边的房间,看了一眼街边的房间,仍然很吵,直到中午12点我还睡不着,我不得不打开电视来掩盖交通。我不知道我什么时候睡着,我看了一下桌子。早上只有4点,早上4点,所以即使我12点睡着,我也要在路边睡4小时。
1	价格是公平、平衡、处理器、总芯片和图形卡都是新一代的。 A脸看起来不错。 也是光( 可能是黑色的一整天), 容易携带。 驱动器不需要在互联网上花费时间 。
1	机器的热控制比家还好,价格也不错。这个配置只能被描述为高估。
1	很奇怪,我写了两篇关于这本书的评论, 但我一直提醒我写这本书的评论!
0	酒店是四颗星星,但两颗星星,早餐太小了。如果它们是四颗星星,它们就是四颗星星。如果是低,它们不是四颗星星。
0	大楼已经老了,房间的内部通常是... 一个典型的老三星酒店, 门卡并不总是起作用, 特别是因为服务尚未形成服务客人的想法。 当钥匙卡不能打开前台时, 它只是评论酒店。 令人难以置信的是, 前台服务员说, “谁让你呆一天! ”事实上,就在三天前。
0	旅馆太老了,不是四颗星星,太吵了
0	被选中的快递公司的交货速度太慢,外包装上有深重的撞痕,因此包件完好无损。
0	已经四天没下订单了 我不知道这是否是分配的效率
0	没有包,没有蓝牙,没有系统,没有Sata硬盘 安装系统花了很大努力。
0	这是一个免费的汽车。 宽带接入只是一个设置, 它无法进入互联网, 它是一个从前台打来的几通电话, 它无法拨拨电话线。 我的客房在路上, 它没有声音, 卡车在早上会经过很多噪音。 晚上有一位女士骚扰电话。 街对面有一个南韩集团, 女士进出。 他听到朋友说, 女士不止是一个屠夫, 谈判的价格只是一张桌子费, 还有另一个小费。 如果你不付钱, 鸡头会进来和你说话。 吓人的是, 你最好不要尝试。
1	虽然书名是“好母亲比好教师好”,但它也是对父亲的教育。书中的理论综合了实践,并解释了如何从小东西生活中正确引导孩子,以便从小发展良好的性格。正如你从书中看到的那样,过去养育孩子的许多方式并不是最好的,有些方式是错误的,为儿童创造了不良的例子或相互矛盾的指导。个人认为这本书可以帮助父母决定教育孩子的正确方向。它也是对父母和母亲本身的教育。
1	新世纪酒店真的很好。这是我第二次在旅馆里, 旅馆房间已经改造了, 里面有一台液晶电脑和传真机。 下次我不用戴电脑。 这次我正好赶上游泳池。 室内游泳池很漂亮。
0	我买了它,我不知道我打算安装红星毒物软件, 我没有身份证,我扔了盒子, 身份证无法安装。 身份证无法激活。
1	一位朋友说,男人一旦开始爱,他就会比女人更严重,沈不是这样的男人。 “如果我们之间有一千步,我会朝你的方向走另外999步。如果你走出第1步,我会朝你的方向走另外999步。” “这是显而易见的,但这是男人的供认。 ~ 误解和意外导致两人分开五年。
1	我的英语很好,在我买它之前听到它很好。但是如果我不担心,我去了书店,然后看了它。我想买所有三个书店,但是第一个书店,第一个书店对像我这样的英语阶级来说太简单了,所以我买了第二个书。一本好书,如果你已经通过了第四层,甚至第三层, 你可以从书中学习英语语法,这很有用。我喜欢这本书。
1	现在评价还来得及,现在还来得及。我要转移这台机器,因为个人原因。我是这个月24日买到的。我买的是2500美元。我买的是2799美元,加上Q:63410093美元。如果你们是广州的朋友,你们可以见面和交易!
1	当我买了它,我以为它不是那么特别,但我的儿子认为它很有趣。我问我儿子看到苹果树的时候,一条饥饿的蛇会做什么。他说要爬上树,把苹果吃完,但他笑了起来,他说蛇是傻瓜的蛋。书的页码和尾巴都被跟踪了起来。每次他读到这本书时,他都要数着树的前后,当他错过苹果树时,他笑着笑着笑着。他真的能感觉到他可爱的一面!
0	它是如此的热, 它可能只是我们的愿望, 孩子最喜欢的故事, 但她对这本书不感兴趣。
0	银幕要小一些,是已知的 但有点尴尬,所以宽框是幸运的 它没有买到白色的,否则黑框很丑
1	你给自己带了几根鸡肋骨。虽然是妹妹芯片组—— 我猜那是热源。
1	机器运作良好。 值更高 。 发送 1G 内存, 这使它成为 2G 内存。 运行 Vista 可以做到这一点, 但 Vista 使用系统资源可以做得更好, 但它很酷, 并且建议安装 win xp 或 win 7 bita 版本 。
1	微星的键盘是很多在线书籍中最顶尖的, 手感很好。价格和两年前我买的手机一样。
0	它被评论误导了。它不代表什么,它太好,太幼稚了,它就像80年后我们都是白痴。我不认为小姨应该买它。这些例子都是韩国的,它们不是给我们的。
0	这家旅馆的唯一优点是位置合适,靠近徐的地铁站,而且容易去。房间很吵,床垫很硬,早餐几乎是空的,服务员的态度是正常的。
0	电池的等待时间很短,大约一个半小时, 它们的热量比英特尔系统还要高。
1	当我早上读这本书时,我觉得他是一个相对内向的、非常缓慢的人,他写了真实的情感,让我明白早上走这条路是多么艰难和困难。让我知道,不仅在橙子的支持下,而且在早晨的父母们的关心和支持下,儿子们是他们心中最好的。我不仅读了这本书,而且我的父母也读了它。 他们都说,“这个孩子不易到达今天!”我也学会了去早上。这本书值得阅读。
1	我看过其他人的评价,我做了不好的准备, 我在那之后有一个真正的惊喜。 我住在富图纳酒店三天了。 它并不大, 但足够了。 房间是新的, 它很漂亮, 它很漂亮, 它很漂亮, 它的镜子很漂亮, 它不错, 它为人们服务很好, 它很好 在第一天去酒店, 它没有打包, 它是一个老人的快, 它是一个 CHECK-IN, 它是一个甜言蜜语的商店, 它是一个有点离地的商店, 它对一辆公共汽车和一辆小客车来说是很容易的, 它对五个人来说是不错的, 它对出租车去地铁站更好, 它对出租车和新城镇来说更好, 它对购物有好处,它是一个附近的餐馆, 它不是很现代的, 但是它不是很现代的。
1	海景花园是最好的之一,值得尝试! 2008年7月29日的补充评估: & # 32431;# 20013;# 26041;# 31649;# 29702;# 65292;# 3875;# 24120;# 26834;# 65281;
0	我第一次在家的时候, 离现实太远了, 房子闻起来太多, 窗户被打开了空气, 卫生太吵了, 卫生工作太吵了, 卫生工作没有被恭维, 地方被搬走了很长一段时间。 地点也是有偏见的。 我不知道我为什么在这里。 我再也活不下去了。
0	我妹妹说,“看看它,如果它很好,我会买一个。” 但这是真的,这是不好的。它只有两页中文的英文文字,我不想强迫自己。我只是说,它不是用英文的,它不起作用,它比这更好。
0	这是与智囊团系列的比较, 这比其他的要好。
0	电池四个核心 鸡排 不是九个核心
1	没有优势、高价格和低质量,如果需要否定案例,可以用作样本。
0	这是我住过的最糟糕的四星酒店。 这是一家三星级酒店。 它重新装修, 但骨头是三颗星星。 床、 水龙头、 房间里的家具、 地毯等等。 最令人憎恶的是, 我和朋友在7月12日晚上喝酒, 晚上3点回到酒店。 我做了一张机票, 要求明天早点到来, 没有在上午10点到来, 带票去酒店, 但是门卫没有给他们,
0	字数少,画画也好,个人认为这更适合年幼儿童,如一年级或学龄前儿童,但缺乏拼写限制了儿童的阅读。 书的质量很好。
1	这是一个完美的屏幕,而且速度很快, 因为笔记本是Ibm, 所以很容易使用。 它在几天后就准备改成 xp。 卡片是集成的, 但是它并不重要, 因为我不玩游戏。
1	这是一个很好的价格,它是一个美丽的屏幕, 我要闭上眼睛撕掉它,嗯?
0	预制的**系统过于复杂,无法用于家庭用途,而且费用也有点昂贵,其余的很完美!
0	一个太重了,但考虑到飞行的长度,我忍了下来。第二天,两个键盘上的“I”松动了。我仔细地看了它,塑料碎片被打破。当我想到它的时候,我不得不把它修好。我把它粘在502上。我把它粘住了502。
0	声音不好,很难找到 旧工厂已经改造了 门口的小家伙差点发现隔壁的酒店
0	旅馆比市郊附近的旅馆更糟糕,没有明确的路迹,他们感到失望。 酒店外观不错,但大厅非常一般(有点像酒店的汇合处 ), 走廊和房间相对老旧,图片远未分发。 清洁设备很差,大概是三星级。 同样的价格也比广州皇家国际酒店的价格要低得多,该酒店位于天海购物中心附近,那里曾经居住,无论是装修还是维修,甚至是自助。
0	与2140相比,屏幕不是镜像屏幕, 它的亮度稍小一点, 声音盒的部分和网站图像之间有一定的区别, 太多的HP Mini系列模型, 有一部分声音盒, 金属网, 看着像那样的图片, 有点惊人。
0	不幸的是,它不是1441X800,它很小。此外,飞机上有灰尘,公元前,而且很多。很难想象。
1	很好,很好,在市中心
0	首先,我不能使用糟糕的旅馆。 首先,服务的质量非常差。 当我第一次到达时,我安排了不干净的房间,再次不干净,第三次是干净的。我打了一个电话到旅馆,我被告知我到旅馆时订了位子并支付了钱。我不明白有多少房间是空的。在那之后,我被告知电梯是坏的,我有三个大袋子爬上五楼,行李办事员,警卫看到什么,服务员笑了。第二天早上,三人,包括我自己,在旅馆吃饭,还有十人,在餐厅吃饭。由于房间紧张,我要求不付钱。旅馆缺乏适当的诚实。
0	学生们推荐它,那么,它可能太高,无法预期,看它会令人失望。让外国人在中国写作,这似乎没有多大意义。
0	我不认为教育是深奥的。没有太多真实的专栏。这并不意味着什么。
1	房间不坏,但浴室的淋浴不起作用,水量不协调,水量分散,水量分散,有些不是四星标准,周围环境,特别是旅馆后院,情况不太好,大厅太小。
1	这是一个非常不错的价格配置, 但顶盖是蓝色的, 并且很漂亮。键盘的设计已经改变了 超过我以前见过的ACER。
1	昨晚我完成整本书之前,我有点忙, 我很震惊地得知,特别是当狼即将移动时,什么角色是顽固的,什么角色不是,直到陈亲亲手杀死狼,我几乎喊了出来,那是什么情绪。像其他人的评论一样,狼图腾让人们鼓起勇气,承认自己潜在的弱点,而今天社会中的人迫切需要的不是狼,而是他们应该具备的性格。
0	单肩袋有点重,是Linux,你是否要从官方网络下载自己的垃圾箱系统 并不重要,它很安静,很安静,很安静,很安静。但是在D面触摸板上造热比较容易,比硬盘更暖和。
1	我们回来两天,我们忙碌,我们无法评估,我们不得不谈论今天在海景酒店发生的事情,我不得不谈论海景酒店发生的事情。我当时是7.25-7.30岁,因为家人正在度假,孩子(五岁)更小。所以我决定去绿岛度假时,就上网到绿岛酒店。我们本该在旅馆里有一个旅馆连接。我们惊讶地看到没有负面的评价。我们都同意旅馆是完美的,我们都同意海景王子要把海景改成海景,我们想看看海景上发生了什么,让大家注意海景。
0	VISTA系统 和记忆不匹配, 这是XP, 但它看起来不像 它要返回精灵。
0	1.usb的嘴太少了,它们都在左边。
0	这句话也不能蒙羞。黄朗成日用美丽的爱掩盖自己的羞耻,即使他喷了香水,也不会变成鲜花。他虐待别人,用枪指着别人,抢走许多女人,认为自己给了这些妇女幸福和羞耻。他已丧偶,妻子临死,不愿再面对最后的天气。他把他当做别人的恐惧和叛逃,他把别人的疏远当作别人的恐惧。
1	CPU是硬的,P8600 2. 4G,它是回避的,发动机基本上没有热, 上面有一个键盘灯, 还有一个内置的麦克风。基本上,当我买的时候我把它拿走了。
1	它更适合玩游戏 比市场便宜多了 交货也不错
0	当你打开这本书的时候, 它让我想起了韩国剧中的韩国妇女, 她们在朝鲜剧中说了很多话, 也许这是文化上的区别。
1	这是一套非常薄的书,而且价格非常低廉。但是当我得到它的时候,它仍然比我预想的要多。一个可爱的故事,一个有趣的经历,而不是一个简单的布道, 只是两个丑陋的小男孩, 告诉孩子们要相处,了解生活。这是件好事。现在我要拿一本书来看看它, 即使当我换衣服的时候,它也是一套很棒的书。它是一个很棒的一套书。它是一套很好的书籍。它有很多识字能力,不需要成人阅读。让更多的父母和孩子们一起阅读它,是件好事。
1	阅读了整个文章之后,没有拖动,没有损失,没有一致性,没有泥土,没有水。文本似乎有熔融,有力量吸引我,在你无法拉自己出来的时候有一步。我不想跳过其中任何一步,没有文本。我真的很喜欢它。我喜欢它,我喜欢它。我喜欢它,我喜欢它,我喜欢它。它是一样的。
0	我不喜欢这样看经典
0	2008-01-10号订单包含一个“31岁女孩的洗礼历史”没有交付。有没有货物?有没有货物?在快递或收货单上没有声明!请解释。 谢谢!
1	对他的哥哥来说,这是真的。从一开始到最后,我听到他叫他一个哥哥,但死前的最后一句话。我对他感到非常抱歉,而提交人对他也非常刻薄。如果他这么努力,他必须打电话给他,并给他一个好地方去。一个有趣的写作只是一段悲哀剧的结尾,但这是真的。痛苦是我看到我晚死时唯一的感觉。
0	女儿买下这本书后, 我非常喜欢它, 我更喜欢自己, 与孩子一起阅读,
1	机器非常快, SSD非常快。 如果您想要添加另一个 G 内存, 现在似乎没有必要。 把它放到 Xp 上, 使用2007 办公室, 打开文件或其它东西, 速度比我的 T61 更快 。
0	当网络名称不匹配时, 订单会很多天没有送达 。 询问客户的服装只是卖点而已。 它只要求用户下另一个订单。 服务不能留给客户。 最好去另一个网站购买一本书。
1	网络营销实际上在我们真正的经济社会中发挥了不可或缺的作用,直到我们阅读了这本书之后,我们才意识到这是一个长尾模型,但各种行业在我们生活中的存在就像木兰花一样,从任何角度看,它们中的任何一个都能找到一个伟大的工具,并且会感到前所未有的震撼。 长尾理论模型不仅打开了互联网营销的新世界,而且还释放了社会人格,提高了人们对巨大变革理念的认识。
0	书本的印刷质量很差,他们感到被盗版,许多网页含糊不清,而且看上去很昂贵。这本书感到失望,不喜欢阅读。
1	确实,我还没有完成这本书, 尽管我还在吸烟,而且我确信。我刚刚读过一半的书, 作者根据他自己吸烟的经验和诊断,对吸烟者的头脑做了深入分析。 它真实地反映了吸烟者的内心世界, 这是生动的,是真实的。 他告诉我们,吸烟并没有给我们带来我们想要的东西, 它没有我们想象的那么可怕, 并且很难给我信心和勇气, 希望吸烟者能够停止吸烟, 并用这本书的灵感!
0	太吵了 不好 不好 不好 不好
0	同时,还有一种工作与包装的清扫感, 一种更大的塑料感, 一种更粗糙的模具!
1	这张卡很好,LED屏幕很好,整体情况很好 交货情况很好,速度很快,24小时后
1	299, 它具有竞争力。 它比我预期的要多, 它很好。 U100 有许多功能, 它正在开发中。 面部识别软件还没有测试过, 并且是下一个 。
0	没有发现货物不足,但网络服务很差,客户服务的效率需要提高。
0	京都的物价保护不起作用,有许多限制,订单在订货的第二天就被降了100,客户的建议是,有可能申请价格担保,但交货告诉他,由于礼品不同,无法申请价格担保,价格担保成本将增加100倍。 XP非常勤劳!
0	显示器周围的面板,四个角度,摄像头下面的边框 和EEEPC标记附近, 看着倾斜的灯光,看似有深裂缝。
1	但一般来说,对于父母来说,它仍然是激励甚至启蒙的源泉。 特别是,许多中国现父母,由于作为孩子缺乏家庭教育,对承担家庭教育责任兴趣很小或根本没有兴趣的,会告诉父母,他们热爱和重视自己的子女,教育他们是父母的礼物,他们必须履行自己的权利和义务。
0	镜像屏幕很好,但镜像镜框很容易被刮伤,当屏幕框被拉下时,与笔记本相应位置的摩擦就会发生。
1	房间干净 估价过高 而且价格合理
