0	很糟糕，是去过一次的朋友带我去的，因为那里的皇家SPA比较吸引人，结果这次的房间订的南楼，虽然已知比主楼的房间差，却没想到是那个样子，哪里是四星的。。。不如我家楼下的招待所。 很小的房，很小的床，1米宽，超硬，床上用品超不舒服，电视有个机顶盒却不超过20个台，21寸，很不清晰，没法看。房间极不隔音，总听到别人房间的开关门等声，最夸张的是，本来想去睡到自然醒，结果早上7点就起床了，只因我爸妈早起在我房门口走过，小声说了句，不要叫她了，肯定没醒。。。居然我就醒了，好像就在耳边有人说一样。。。 本来比较赞的还是SPA，结果做的第二天下午回广州路上开始，身上开始起疹子，我同去的那个朋友也是，现场还没好，而且全身都长，小小的中央带小水泡，奇痒无比，都不知道是过敏还是传染的皮炎，反正都不是好事。 最后只剩下一点，楼下就有泳池，比较方便，为了客观一点，还是要写出来。 千万千万不要去，去了像是上当，本来为了度假好心情，结果是又生气又生病。 补充点评 2008年8月16日 ： 哇，留意到前面有人是99的，那我可就损失大了，去的是南楼298的SPA套餐。
0	晚上没完没了的骚扰电话，让人真的不敢恭维 补充点评 2007年12月14日 ： 我打的都是1分，怎么平均出来是2分？莫名其妙
1	环境不错，房间很干净。服务人员素质很好，态度很不错，结帐时很快。 如果宾馆的人员能看到这个的话，建议餐卷可以重新印一下，早餐的时候我是被误导到4楼去了的。有点不爽。
0	这家如家实在是太差了，定了两个房间，一个还没有窗户，一个所谓的商务大床房，结果小的不能再小。希望大家入住以前一定要好好看看我们住过的人的评价，真的觉得很差，我也是因为打电话预定，没看到以前住过的朋友的评价才住进来的，入住的时候已经10点多了，结果还等了20分钟才办好check in，勉强住了一天，第二天一早就退房了。建议大家不要住。
0	在线预订大床房，携程网介绍过于简单，由于18：00后到达，信用卡担保，结果到达在发现是阁楼房，简直.....哎，只希望携程今后能够担负起推荐酒店的审查责任，否则携程会员就无法.......
1	说它不错是因为这本书上的习题与学校的教材同步。一年级的上学期孩子就想买这本书，当时感觉学校的作业量太大了，没必要再多作一些题。一年级的下学期作业开始减少，为了考试之前的复习，买了这套书。平时我们是不作的，只是在考试前作，这样可以检验孩子对知识的掌握程度，然后再针对掌握不扎实的知识点进行重点复习。
1	大品牌，而且在各项参数的对比下是最便宜的一款了。拿到手里发现外观也很不错，用起来没有什么问题。
1	房间很清洁，洗手间装修好。早餐非常丰盛，豆腐脑很好吃！交通很方便。 隔音不够好，我们的邻居夜里1点多电视声音开的很大，投诉后酒店服务人员去与隔壁邻居协商解决了。
1	我订的是430元的大床间，房间大小和设施都不错，卫生间里仅设淋浴房很实用，是我所欣赏的。早餐也还不错，中西都能兼顾。缺点：酒店餐厅晚8点就打烊，为了催还在就餐的客人就把灯熄了一半，暗暗的让人像在酒吧里吃饭，感觉这样的服务不够四星级；酒店没有停车场，停车就在大门口那一小块豆腐干似的地方，而且对住店客人也收费，不方便驾车族；酒店给了我们两个靠近电梯间的房间，一晚上电梯上下停靠的叮当声此起彼伏，让人无法入睡。我遇到过多次酒店给携程客人安排的房间相对不理想，但愿这次不是。 酒店对面以卖千张包出名的那个店家这次我因为日程紧没能去，下次一定要去尝尝。 下了高速在傍晚驶过南太湖大桥，黄昏的日光和着新亮起的灯光，浸染了大桥和沿途的新城区，很漂亮。第一次去湖州虽然匆忙但留下了极好的印象，计划下次去度假，还会入住国际（希望下次电梯铃声有改进），不过在湖州消费不比上海，携程这个房价不是很有竞争力。关于近年携程的房价没有竞争力已是众口微词，携程相当于旅行社，应该可以拿到比散客好得多的价格，在这方面是否应该对众多忠实用户有所回应？
0	评论这么热，以为这是好书，结果可以说就是本闲书，没什么内容，空空的，泛泛的……百花了我的银子！想了解中医不能看这种书！啥也没写！
0	1 发热还是有点大,特别是右手边 2 2G内存运行VISTA还是有些慢 3 换系统比较麻烦 4 有点沉 5 分区不合理 6 无线网卡没有n，拷贝文件有点慢 7 没送包和鼠标
0	酒店比较旧，不符合四星标准，出行不是很方便。
1	第一次在网上定酒店，价格是428元，感觉房间比较差，以前来乌市每次都是以朋友公司的名义订房，价格很优惠，这次是自己定的，现在是淡季，我定的428元的房间朋友定只需要320元就够了......
1	通过几个故事讲述职场的人际关系，处事的道理。感觉很真实，有的故事就好像身边发生的一样。不管是即将踏入职场的，还是正在职场中摸爬滚打的人来说，都值得读一读。我自己好像故事中的Cindy，琐碎的事情很多，年终考核的时候却难以得到高分。老板不会看你订了几张机票，他看到的只有赚多少钱，可是难道能说订机票不是工作吗？值得让人细细回味的一本书，只读一遍时不沟的。
0	帮朋友订的，反映不是太好，想必也是和城市规模有关系，宜昌的四星肯定是不能和大城市的四星相比。具体来说说入住情况吧： 1.房间据说是比较旧的，设施好像比较古老，而且清洁程度有待考察 2.据说so so 3.说英语服务员很少，说英语的服务员说出来的英语很少。四星级怎么也得考虑如何提高接待外宾的水平吧，更何况三峡还是有很多外国游客去的。
0	1.电话线、网卡接口处没有状态指示灯； 2.没有提供网线网卡、喇叭的手动关闭开关（必须使用Fn组合急键）
1	用过的所有笔记本中只有thikpad的温度是我可以接受的，连续使用10个小时以后键盘表面温度和开始一样
1	外观漂亮，电池比较耐用，硬盘很安静（Seagate的，比msiU90的WD好）
1	这次的价格比以前贵一点，但是还是客户来住的首选。环境非常好的，服务也好。出了门口的服务生呆呆的，其他都赞。
1	这本绘本内容很不错，亲子阅读更合适。先从少儿图书馆借来看后，儿子很喜欢，一直不舍得还。干脆从当当网买了来再读。每次读这本书，感觉母子情感升华，被书中浓浓的亲情感染着。可以换种方式读这本书。我和孩子在家里，每当读着书中小兔子的爱的方式时，我们就用夸张的肢体语言来体现，更深刻更难忘更喜欢。我想这本书永远成为我们家的一大经典绘本了。加之原有的《逃家小兔》够完美。
0	应该不是我第一次评价这个酒店了，没办法再次补充如下： 1、早餐真是超级垃圾，做得真的感觉和猪食差不多，不知道请的什么厨师？ 2、仍然是早餐的问题，在大堂旁的一个好象是叫‘玛格丽特的’西餐厅； 1>光线特别不好，谁都希望早上起来有个明亮的环境用餐，但这里肯定不是； 2>给食品加温的不是电热式，采用的是燃烧腊来加热/保温，弄得餐厅里面很浓的一股腊燃烧后的气味，让人感觉非常不好； 3、真不知道这样的酒店怎么样就能够评上4星？哎。。。
0	房间里铺着像餐馆一样的廉价石砖地，两床之间有一块肮脏的地毯 床上只有及薄的褥子，床垫上的弹簧不分轻重的时刻硌着你。 喷头出的水永远只有两种温度，极热和极冷 出行不方便，地点比较偏颇，从解放碑打车，很多司机都不去。 总之糟糕透顶
0	如果活动一直不结束，总感觉有种被欺骗的感觉，哎~~~~~~~~~~?如果活动一直不结束，总感觉有种被欺骗的感觉，哎~~~~~~~~~~?如果活动一直不结束，总感觉有种被欺骗的感觉，哎~~~~~~~~~
0	一本加拿大人拿中国人可怜的英文做示范告诉你什么是正确的英文。且不说用这种方式学不到几个单词和准确的表达方式，作者那种嘲讽的态度也让人觉得无法接受：没错你是英文为母语，那又如何？价格和内容不对等，不值。
1	外观可以，整体配置不错，已改XP系统，外观可以，整体配置不错，已改XP系统，外观可以，整体配置不错，已改XP系统，外观可以，整体配置不错，已改XP系统，
0	我住的是所謂５樓行政房．雖說是無煙樓層，　但一出升降機已嗅到煙味．房間面積和設備很一般．浴室設計奇怪．浴缸外面設有淋浴花灑，　但只得半邊玻璃門阻擋水花，　所以必須很小心淋浴，以免水弄濕玻璃門外地板．浴缸外邊近地板處有明顯污漬．行政房住客可在６樓所謂行政酒廊用早餐．　食物款式少得很，　樣子亦很不吸引，　不吃都沒甚麼損失．以上述的設施，房價收費是$1,027.- 這是我在深圳付出一仟圓以上的房費住到最差的酒店. 以後也不會再住.
1	房间都可以，摆设同其他酒店的不同；地理位置系荃湾的中心地带，地铁附近，出入还可以；夜晚系附近吃消夜还过得去；周边环境在夜晚比较静，比较安全，旁边有好多住宅楼；下次去还可以考虑，500几文，OK嘎。当然比如心差，但起码房间属于中等（如心的房大、新）。
0	无论硬件、软件都非常令人失望的一家酒店。看了前面朋友们的评论，本不愿入住这家屯河华美达的，但由于旅游旺季订房不易的原因，只得前来。入住一晚即离开，建议朋友们不要随便来尝试了。该店大堂偏狭。房间面积不小，但家具少且残旧，感觉清冷空荡。地毯较脏，装修暗旧。洗手间小，浴具洁具颜色陈脏，毛巾邋遢。电视节目奇少。服务意识极差，前台和大堂副理态度倨傲、俾睨房客，且争风好辩。接线生宛若生手，答非所问。仅门童主动为客户拿行李，尚显敬业。早餐的感觉像在招待所一般。向来该酒店内部缺少培训，上下人员完全没有以客为尊的思想。不知道华美达在中国的品牌管理是由什么人操作的。根本够不上四星，听说比起三星的新融大厦也要差一截。也望携程能够加强调研，多为客户提供更加准确的信息。
0	酒店交通极之不便, 下午四时从新会汽车站等了两小时也等不到班车(是普通站着等的公车站哦), 到最后打电话问酒店服务员, 叫我们坐去崖南的公交车再打的去古兜, 打的大概十五元, 怎知一坐便坐了个半小时, 去到崖南已入黑, 那里根本是没有的士, 班车也下班了, 只好打电话到酒店叫他们帮忙叫车, 他们说如包酒店车要100元, 他帮我们叫的士要三十元,而且还要等十余分钟, 去到酒店已八点半了, 整个行程从珠海到古兜足足花了六个多小时, 到了酒店房间比我想象中差,从携程订的豪华山景房, 是我住过的最贵但是最差的房间, 可能是暑假房间紧张关系吧, 周围设施则一般,但我以后一定不会再去那里, 奉劝各位除非是跟团或自驾游, 否则一定不要去那里,交通车实在太不便了。
0	非常的差,定的是豪华套房可是给我的感觉是刚刚做过真空处理,什么都没有真的很差服务方面就更不用说了我在
0	不错不错不错不错不错不错不错不错不错不错不错不错不错不错不错不错不错不错不错不错不错不错不错不错不错不错不错不错不错不错不错不错不错不错
1	一、教育问题首先是观念问题，老人当然普遍存在观念落后的问题，而相当多的年轻父母也因旧式教育方式的薰染，观念仍旧不够先进。二、在掌握比较先进的观念后，重要的是看父母怎样掌握尺度，这是因人而异的，因孩子而异，因大人而异，强求不来的。三、最后，也是最重要的一点，那就是坚持把先进的观念始终运用在教育过程中，这是具有共性的。
0	发票上写的很明白，赠包，电话客服处理完直接没音信了，京东在线客服竟然来个因为618的优惠而没有包儿了，我觉得很不合理，既然没有就别写赠包，本来价格高400还一大堆赠品，这现在什么也没搞上，还要自己买包
1	完美的金属外壳, 完美的键盘手感, 整体模具的精度令人称赞. 带有VGA接口对我来说是必须的, 自带的日立250G硬盘号称有7200的速度, 5400的发热和耗电(5.5w), 实际使用比mini1000的1.8寸东芝盘快很多.
1	欧式简约装潢，有飘窗，可惜周围全是楼，大床是2张小床拼成的，可以看出小床很小，羽绒被、枕头，在跑马地住宅区，比较安静，周边超市、洗衣店多，餐厅一般，出门不易打车，有免费bus到时代广场等地，有收费机场穿梭巴士
1	1.显示屏没有坏点、没有亮点，在京东买的2台笔记本都是完美屏幕哦 2.键盘很好用，按键挺舒服的，但是空格键有点异样的声音 3.散热：机器散热挺好的，在键盘上面不太感觉到热，但硬盘下面较热 4.光驱：读盘能力强，用来放D版碟都没问题 5.关于屏幕还要说，颜色挺鲜艳的，真的是不错。 6.有摄像头，摄像头还挺清晰的
1	性价比不错,送了散热底座温度控制能平均低12度左右 ,不运行大程序发热不大,各种接口比较齐全,安装系统的时候如果不懂一点专业知识很难安装,首先开机后按照提示按F2进入BIOS,将MAIN下面模式改成IDE接口,然后将启动项目改为光驱启动,删掉预装系统后才好安装XP,基本上GHOST版的系统是安装不了的,只能用安装盘安装.
1	暮光之城开始看的时候觉得并没有其他魔幻小说的文笔写的好，可能是翻译的原因吧，总是觉得在周转方面有些僵硬。不过后来看下去却觉得越来也好看，然后达到了疯狂迷恋的程度。怎么说呢，这本书给人的感觉是，它描述的情感很真实，虽然这个故事不是真实的，这种感情让人感动，故事情节也非常的好，恩，虽然这本书有西方魔幻的一贯特色，就是每本书的结尾都要来刺激一下，就像哈利波特系列一样，呵呵~~
0	看了大家的评论后买的，可书拿回来后孩子不太感兴趣，给他讲也是总心不在焉，等他大点再看吧。
0	如果你想一个晚上不睡觉想心事,强烈推荐入住该宾馆。同样是高架边的饭店，其他宾馆都采用隔音玻璃，而陕西大厦却没有采用，夜深人静的时候就听到高架上滚滚的车流声！
1	最大优点就是便宜，这个配置4799真的很便宜。样子也不错，很漂亮，噪音和散热问题都一般吧，不好不坏的。
1	性价比很高，不经常玩游戏的朋友可以试试，我月份帮同事买了一个联想的，配置基本一致，花了4500。
1	在南山区办事的话住这里还算方便，门口往哪个方向的车都有，就是稍微有点吵啊
1	还不错，就是比较难找，因为长宁路太长了。 打车的话，司机一般也找不到，浪费了很多时间。
1	各方面都一般，只要期望值不太高就还可以。
0	我是冬至这天入住的，到了酒店就浑身不舒服。酒店有2个门，感觉很怪异，电梯里的灯是暗暗的，我住商务房，一进去就感觉有寒意，怎么看怎么不舒服，后来就换房了。和我一起的有6个人，其中4个和我一样感觉很怪异，后来我们都不敢单独睡，要了双人房睡。客房的设施也是给人很压抑的感觉，电视机柜象个大箱子，仿佛随时有人从里面走出来。柜子和床头各有2个大大的黑色圆球，好像眼睛盯着你。一个同事说，她房间的灯罩居然是黑色的，灯光一直很暗。
1	这本书我连续看了5遍。每一次都是看完结尾马上又从头看起。书的内容大概快背下来了，可是心情却还和第一次看时一样伤感，也有些感动。可能是世上的真爱越来越少了，才会越来越喜欢在书中获取安慰，也可能是麻痹。突然觉得皇如月其实有些可怜。尽管最后她得到了真爱，可是却经过了上千年的等待。这样的痛苦大概没有人会承受得住。时常会陷在自己的幻想中，如果我是她，我会怎么样？会怎么样呢？
0	入住前询问态度还不错,但是朋友说房间莲蓬头水很小,还漏水,吵的睡不著,隔天要求退房,也许是不同服务人员,态度很差
0	就是801.11n的无线网卡不容易找路由器搭配。 对京东发货速度有点不满意，订单4天后才能够在ems网站上找到信息。ems走的挺快。下订单后5天收到货。货从ems网站查只走了一天。
1	酒店离市区比较远,不过在尖沙嘴一个小时有一班车去酒店,房间内设施比较陈旧些,但是外部环境非常好,空气也很好,出酒店不远处就有沙滩,非常适合去渡假,早餐的品种也比较丰富.下次去还会去住,那里的环境真的非常好.比如心酒店好多了.
1	这个价位上最超值的了，配置也算合理，上网文档高清1080p简单游戏都能应付，做工还可以，到手是完美屏，发热噪音都不大，屏轴很结实，――对得起2999啦
0	概括起来，观点还不错。可是语句啰嗦拖沓到极点，一个问题用相同的语句重复N遍。
1	感觉还不错，虽然不算新也不算豪华。 地下一层的桑那按摩（当然应该是独立经营的）骗钱，故意不说要加房间钱。
1	首先说说书本身，书的纸质还好，页厚适中，印刷字迹也清晰。 到内容,涉及到药类是挺丰富的，介绍简明扼要，毕竟是实用版，不可能再非常详细介绍各药的临床药理机制，点到则止。至于用途，剂型与规格，不良反应，注意事项还可以。缺点是，药名字体没有加粗，找起来有点不便。最让我觉得不足的是，我收到的书竟然出现了空白页，内容因此衔接不上。对此很不满意。
1	是LINUX系统 相当及其恶心 不知道这狗 日 的是什么想法 要强行逼我们使用啊 买了两台电脑 一个事VISTA系统 一个 是 LINUX 就没见一个XP的 网上销售这东西 最重要的是打架尽量不要涉及到售后服务这块 尽量是都搞好了相安无事 其实网上的售后服务比没有售后服务还差劲 我的THINKPAD SL400就是因为换货期间以为是键盘小问题就懒得换了
1	通过给儿子讲每一本校车故事,我发现自己被深深吸引了,而且许多知识连我自己都是不知道的.3岁的儿子天天吵着要我讲神奇校车,他现在知道有个太阳系,恐龙有哪些种类,蜜蜂是如何采蜜的,人体有哪些器官又是如何工作的等等,这远远要比枯燥的科普书籍有趣得多,最主要的是小孩印象深刻,这就够神奇的了.我还准备购买第2,第3辑呢.非常棒的一套书,推荐!
1	名头特别响亮，不过设施可不怎么样，尤其是单人大床房，居然没有安静的房间。 入住后只好更换为双人间。
1	我是初二晚上到的这家酒店,酒店环境很好,后山就是旅游区，前面是五一广场，房间设施一般，但服务很热情，还有水果送。
0	这本书的唯一优点就是让我明白了什么是炒作！这世道啊，三教九流都来写书了，一不小心还成了畅销书！我觉得写评论要凭良心，因为我们的评论有可能会影响到其他顾客的选择。这本书讲的东西大都是自己的经验，至于科学依据嘛，她讲不清楚，我个人认为不可信。希望大家好好考虑！
1	（1）外观时尚，键盘独特，色彩亮丽。 （2）性价比高。 （3）功能齐全。 （4）散热效果非常不错。
0	办理入住手续时花了30分钟以上，且服务态度不佳，地理位置也不是太好，不推荐！
1	笔记本还是不错的，要是我自己用，linux也凑合了，无奈是给家里人买的，只能改XP
1	外观还是挺时尚的、性价比较高！设计挺时尚的，真机比照片要漂亮些，值得推荐！
0	恩，linux不太习惯，不过可以重新装xp，毕竟这个款要比xp款便宜100米啊，很超值的。外表钢琴漆比较收集指纹，不过用布一擦就ok了。
0	买这本书是因为看了大家的评论,但是买回来看了几十页觉得太浅显了,虽然作者有她的道理,但是相信她自己也没有做到里面所有的内容吧...看了什么感觉都没有,也没有吸引我读下去的感觉...大概适合初中生看吧,对阅读质量要求不高的人可以随便翻翻...
0	买了6台 其中一台键盘鼠标爆掉，新买的机器哦，第二天键盘鼠标坏掉，换货中，其他还没有发现什么大的问题，哦，还有比较热。
1	酒店位置很方便,离开封第一楼和夜市非常近,酒店早餐10元自助很实惠,服务也不错但房间很大设施却有些旧，尤其卫生间狭小。
1	酒店非常棒，，环境一流，。。 太美了，。。空气，绿化，。人流量。。温泉。。 有机会可以再去。。。 携程也经最大努力安排了很多事。。
1	买这本书有一个月的时间了，因为之前有一个mbti的课程，因为时间关系没有去上。后来想在网上收集一些这方面的资料先看看吧，也是先看了其他人的评语才选了它。和同样的写MBTI的另一本【天资差异】相比，专业性低点，实用性较强，涉及工作方面的运用多一些。想实际应用MBTI的人可以买来参考看的。建议和【天资差异】结合一起看，会收益更多。
0	此款（银丝带）性价比我开始预订的那款要低。 原本已经下单，但付款后却发现无货，无奈只能加300块拿了这款
0	这个酒店真是差啊，非常不好！房间是大，就是显得不干净，估计是过去的招待所改的。
0	走廊上极噪 估计是乌合之众的住所 根本没睡好 害得我考试时候晕糊糊的
0	我是先看到朋友那借到这本书，认真研究过,发现好,才有购买的欲望,也发现有很多不同的版本的，所以我上网寻找到自己要购买的版本和我朋友的书一模一样时，就在书旁选择了你的书,即使价格方面比别人贵（你是18元，不同版的一般是16.5元,16.3元,15.9元都有）我也愿意买,谁知收到货打开时,还时钻石版,为什么不是与你挂在网上那个普通版一样的呢,真有点被欺骗的感觉,我想换行吗?你给个联系方式吗?我们能否沟通呢?
0	电池续航时间好像没有达到宣传的9.5小时，跟联想s10比，外形稍稍大一些重一些。
1	这本书从制作上面来说是无懈可击的，印刷精美，厚厚一本才二十多块钱！可以作为风水的入门书籍，对风水学的基本原理和各家风水学说的状况有一个初步映像。但要深入必须挑选一个门派的专业的书籍做专门的研究，毕竟风水是分流派的，不可能像个大杂烩！各家各派的观点有时候是互相矛盾的，只有在精通一家风水学说的前提下才能去取长补短，不过到那个时候就已经是大师的境界了，呵呵！
1	1. 配置比较均衡，分量比较足 2. 基本满足家庭上网需要 3. 京东自提点距离我家特别近，只有200m 呵呵
1	看着他们浴血奋战，看着他们在那个年代为我们杀出幸福之路，为我们搏出国家的尊严，在明知是必死不已的战争里，他们还是想胜利~~是炮灰吗？不是！他们是子弹，是最最锋利的刀刃，直捣敌人心脏~！他们教会我不论在任何时候，就算破败不堪，就算狼狈囫囵，就算没了希望的火焰，也要乐观向上的生活下去，有着崇高的信念，有着坚定的信心，就会活的精彩！活出尊严，活出价值，活出真正的自己！值得收藏~~
0	"对用户安装系统和驱动的服务支持不好随机资料和官网上没有任何相关的安装说明,要用户自己摸索,查找,下载. 安装过程中有""暗门"",如BIOS设置、HDMI安装等.容易导致不了解的人不能装全驱动.　"
0	原本以为会有一些话配合插图的，结果是整页的图画，感觉内容太简单了，没有什么内涵，就象婴儿画报一样，内容不够丰富，价格也不便宜，不划算
0	房间还可以，早餐不大好，周围比较偏僻。服务态度一般。
0	这VISTA用着也太不习惯了，而且预装了那么多乱七八糟的东西，都不知道该留什么~~~ 换XP也太麻烦了
0	USB接口太少 而且位置不人性化！XP下的高清音频驱动，官网上没有，到NVIDIA网上去下载到的。
1	当时是因为要写读书报告 所以上网到处抄 就发现这本书感觉以前自己没看过中文版的骆驼祥子就看过电影所以决定买个英文的看看本来以为 是中文翻译过来的 不会太地道结果 令我惊讶翻译的非常好！忠实了原著！很多很多复杂的复合句 而且 用词也很得体觉得 是个 非常不错的拓宽知识面的一本小说推荐！
0	发热量惊人，风扇很吵 部分软件不能更新，有些是试用的 C盘有近200G，就不能再分2个盘么？ 最让人郁闷的是送完货今天就变成送IPOD 1G了， 虽然不喜欢SHUFFLE,但是有得送总好过没得送
0	非常郁闷：系统特别难装，花了50RMB让别人装的，售后服务安装需要240RMB+正版XP！然后死机无数次（心疼）+2次蓝屏；最为气愤的是包装是打开，里面全是脏脏的手印！噪声比较大，散热，硬盘有响声！
1	性价比高，无亮点，包装的不错，还有速度挺快的，晚上下的单，第三天中午就到了。
0	房型：江景双人商务房/2006、2008（440元/天、间） 客房服务：服务员态度很好，但很挑剔，我故意搞脏一点的小毛巾居然被他们发现了要我赔了5元（我到每处酒店都喜欢玩一玩），宽容度太低。建议非要入住的客人自备洗脸毛巾。 前台服务：入住、退房、接待及时态度非常好！很有修养！ 客房：室内温度太高不能调节，整夜打开窗户还凑合，但下面锅炉房轰鸣声甚大。要外出的话穿衣动作一定要迅速，否则，会汗流浃背（室内外温差约50度）！地面看似干净，不小心很容易带上毛发上床（但被褥雪白雪白的，超干净！很细的毛发都能显示得清清楚楚）。窗外松花江太阳岛一览无遗，可看日落！ 早餐：超级不好，品种少的可怜（比三星差很多），比如牛奶只能说是有牛奶味的开水（很凉）。芹菜抄肉片的芹菜是黄黄的，肯定摆了不少天。餐厅服务员除了收早餐票的，都无精打采。
0	这本书实在是太烂了,以前听浙大的老师说这本书怎么怎么不对,哪些地方都是误导的还不相信,终于买了一本看一下,发现真是~~~无语,这种书都写得出来
1	依次是:铝合金外壳,可升级2年质保(还未验证),待机时间长,键盘比较大,Gb网卡,正版vista.
0	太吵闹。服务不好。房间隔音不好。总之很不好。以后不会住了。。55555555
1	我向朋友推荐这本书~~朋友看了一眼书皮说：一看就是唯心主义者看的书~我说，虽是唯心~但看起来很舒心~从天堂里开始理解现实的生活，因为我不知道现在发生的事情，会变成以后的什么~因为我相信，这世界上的事情是串联在一起的~你和我，我和他们……过去，现在，将来……我很喜欢这本书~重新开始认识身边发生的每一件事情。关注身边每一个经过的人~
0	没住过这么差的酒店。首先不能刷卡。而且服务质量极差，我刚到时安排房间是未打扫的，再安排还是没打扫的，第三次才安排了干净的。我当时致电携程想换酒店，携程告诉我，我当时订酒店时承诺了未入住也付款（房间紧张），无奈，只能住了，我就不明白，那么多房间空着不打扫，紧张什么呀。办完手续，前台告诉我电梯是坏的，我提着三个大包爬上五楼，行李员，保安，服务员看见了根本就不管，估计心里还在笑呢。第二天早餐时发现包括本人才有三个人吃，而且餐台上的食物也就够十个人吃。就这个还以房间紧张为由，要求未入住也付款？酒店缺乏应有的诚实。后来携程客服的一个人以四倍的语速给我来个电话，估计以前是说绕口令的，说的东西其实几乎就没听清。主要意思是酒店的经理会亲自跟我因入住时的问题道歉的，但一直到我退房，也没人过问过。本人喷血不推荐前往该酒店。
1	酒店位置离市中心不远,交通很方便.大堂装饰带些欧式风格,空间虽不像有些酒店那么大，但很温馨。晚上在大堂还有专业的演奏人员表演，入住时赶巧有团队也刚到酒店，客人随着演奏一起唱着，感觉很有气氛，喜欢这家酒店的感觉。房间也非常宽敞，服务人员也很热情有礼，是一家管理不错的酒店。
1	在开发区，地理位置不错，很好找。比起市区的五星级酒店硬件上稍差，但还算干净舒适，考虑到价格比市区便宜，性价比还可以啦。旁边就有购物中心和餐饮街，购物、吃饭都很方便。
0	就那么几页是讲色戒的，还是最后几页，不喜欢，没有头也没有尾，看着没有意思，买完以后心情特别的不好，感觉像上当了一样，书的质量也不是特别的好，真是一分钱一分货，为了多赚点钱，都把不是书名的小说也写了进去，出版在一块，感觉档次一下降低了很多，下次不会再买了。
0	装系统时，要长按F2进入主版，这个提示机器上不显示，到网上查到的，默认硬盘分区有好几个，还有一个显示为bos，后来才反应过来要把所有的分区都删掉，重新格式化，装上的xp才能读到，不然老是显示都不到。
1	唯一不足的就是挂图不太好查，经常得两面换着看，而且方向也不一致，查阅起来不太方便。
1	此酒店地理位置不错,有点闹中取静的感觉,出门交通比较方便; 最高兴的是酒店免费给我们升级到了最顶层的套房,太好了,有大大的客厅,房间也不小,在香港从未住过如此大房间的宾馆,连住了两天都不想离开,还想继续住下去,下次还会选择YMCA
1	抢购到上海的最后一台 样子很好看，配置很好，开机关机速度快，几乎没有声音，键盘很舒服 还有两个以外的惊喜，一个是产品介绍和图片都没有摄像头，竟然有的。还有一个产品介绍说是combo光驱，实际是DVD刻录
0	很一般，说它难吧，有些单词又很简单，什么HAND,ANGRY.说它简单吧，很多单词又很难，什么殡仪馆美容师，耳鼻喉科医生之类的，反正不懂的现在也没记住，懂的还是懂的。总体说来，没什么意思
1	最近一直在看这本书，我觉得很好。当初只是想看看南怀瑾，但又没耐心去一本本地买，毕竟南怀瑾先生的书都是讲课的内容，比较罗嗦。于是就挑了这本集南怀瑾先生佛、道、儒各种见解的书，开始的时候确实冲着南怀瑾去的，但现在不是了。作者的见解很简洁很明了，让我很容易接受，并且我们看法一致。也许这不是一本让人可以看了又看的书，却是一本让人一见如故的书，这就够了。
0	太差,根本达不到5星标准,房间旧装修很久的了,桌子都是坏的,唯一的是宾馆里的环境还可以,标准间里就太糟糕了 免费注册 网站导航 宾馆索引 服务说明 关于携程 诚聘英才 代理合作 广告业务 联系我们 Copyright1999-2008, ctrip.com. all rights reserved.
1	大家一谈到管理，可能就会想到企业管理，其实人的生命和生活同样需要管理。吴老师在书中以子贡的身份—一位成功的儒商，通过阐述孔子在日常传道、授业、解惑过程中的点滴，将儒家思想与管理完美的结合在一起，让我们的思想受到一次洗礼，对我们如何去构建和谐的生命体系有着很大的指导意义。同时，吴老师通过此书纠正了一些对孔子思想的一些误解与曲解，还原了孔子的真实形象，激活当今的有效智慧。
0	哪里象个4星的样子哦! 至少是我住过的4星里面服务最差的. 根本就没有服务! 总台:没有问候, 没有笑容, 没有道谢. 象机器人. 到处空荡荡的.浴缸坏了, 我都懒的叫他们来修, 因为我已经脱了衣服了.真的很差, 那早餐的情形跟个大排档似的. 补充点评 2006年10月24日 ： 当然总的来说, 作为中等城市的酒店, 大概都差不多是这个样子的了. 至少安全, 还算舒适.
0	收到货代开看看了，书页的印刷还是挺清楚地。封皮和网上的图片也一样。但第二次打开看的时候，封皮一翻开，边际出就折了，没有断，但是折痕的裂口很明显，封皮的纸张的质量太差了吧。因为要送人所以在里面的纸上写了几个字，没想到，阴了。-!在当当上买了很多书了，价格的确实惠，但这质量嘛，唉，是否便宜没好货呢？
0	该套丛书画面生动,注重生活的细节,对小孩很有吸引力,并在阅读的同事了解了生活中的常识/体会一些有趣的过程. 满意!
0	INTEL南桥是ICH9，其实不是不足，就是告诉各位装XP要找内带ICH9驱动的盘
1	上个星期刚去住了一个晚上,很不错,有重装修过,现在己经不是三星的了,是四星的了.房间里看窗外的景色相当不错.视野很开阔.
1	对孩子而言，他们只要喜欢里面的图画就很不错了，别想到要去通过此本真正教会他们单词，这是不现实的。
1	选了一段时间，最终决定还是购买这款541，商务机的性能就不用说了，ok。加上我是hp忠实的用户，2006年初购买的hp2205到现在还能正常服役。 安装xp驱动有些困难，建议购买的朋友改装系统时用“驱动精灵”软件来解决繁杂的驱动程序
1	房间比较宽敞，大堂和5星级的差距较大。电梯的速度快，尤其到高层。
1	cup强大，做工不错，thinkpad R系列的技术真是不错！集成显卡，跑了一下3dmark06，得了792分，看高清没问题，魔兽世界也没问题，极品飞车还没试呢，据说800*600下效果全开会很流畅！
0	感觉一般，就是各方面都一般，在三门峡这种地方住住还是可以的
0	缺点：房间比较老旧，电梯果然如网友评价非常慢，所谓2003新装修实际只是大扫除一下。网速也不快。出门打的不方便，旁边没有吃饭消费地方，要出去不少路。周边环境不好且人员素质很差。亲眼看见楼上飞下一矿泉水瓶，差点砸中前面一女孩头部。 优点：早餐很不错，去周边主要商业区也不远。服务员态度尚可。
0	天哪，儿子简直超级喜欢轱辘轱辘转，买回来不到一个月几乎就翻烂了。现在可以说对这本书是倒背如流，随你反倒那一页，他就知道前面一页是什么，后面一页是什么。
0	性能比想象中的差了点，网上看电影时风扇转个不停，感觉运行能力有点吃力。
1	1999时抢到的,还可以吧,最重要的是性价比高,我怎么看我的机的原装系统支持兰牙和三Ｇ网络的！你们的支持不?
1	可能是建的时间比较早吧,感觉内部不是很突出了.
0	怎么当当的东西都是在我买了后就降价呢?刚买了U盘到货了,想上去写评论的,又看见降价.现在看买的东西又在降价.晕死!当当,价格也太不稳了吧!
1	我为女儿买了很多当当推荐的童书，如斯凯瑞、阿罗、卡梅拉等，女儿的兴趣都不大。唯独罗米系列她百读不烦，每天晚上都要我念一个罗米的故事才肯睡，很多故事她都能复述了。通过这本书，我真切体会到，合适的才是最好的。女儿通过这本书，与罗米比较，那些事罗米能做自己也能做，那些行为应该改正，通过罗米和行为了解一般的常识。我将罗米系列与女儿年龄相仿的几套都买了。
1	1、外观靓丽，性能稳定，散热好，带有thinkpad的金字招牌 2、因对性能要求不高，所以选择单核本，个人用着足够了，3799入手，性价比高 3、thinkpad的广州环市东路的售后点服务好，因为内存盖的螺丝太难拧开了，去售后那里加安装的，维修员服务很热情，感觉很好
1	生下孩子后就买了这本书，觉得实在是相见恨晚啊!我的身体在怀孕前就比较差，也是辗转经过了一个老中医得调理，才能顺利怀孕并生下孩子，如果早知道有此书，就能买来按照书中得方法早做调理，这样身体状况就会更加好，也不至于现在身体状况比孕前还差！这确实是一本很有价值得书，而且里面得方法非常可行，建议准备做父母得人买来做常用的参考。
0	关于这次入住情况,不想在这花太多篇幅评论,只是简单说一下情况,希望以后携程遇到这样的情况,要启动快速反应机制处理,以免耽误行程. 因为是夜班机的关系,我是凌晨两点到酒店的,在疲惫不堪的情况下,按照预定的时间来到宾馆,在前台上叫了十分钟才有人从后面出来,还是睡不醒的样子.我报了名字后,她说查不到我是携程定的房,但后来又说有,于是我就快快办好手续就入住了,住了两天,退房时竟然比我预定的198房价多了80元,前台的解释是当时没有198的,就给了我这种房型,我住的房型叫商务大床房,竟然只有大概5个平方!我问难道还有比这更小的吗?回答是有的,马上晕倒!~~~~~~~~最后的协调结果是我等了两个半小时,打了携程六七个电话后才解决,问题是解决了,但相当不愉快.
1	买了一个系列，准备送给小侄子。看了一下，书的质量挺好的，里面的图画也挺吸引小朋友的，都是小熊，小兔，小松鼠之类的小朋友都喜欢的小动物。如果小朋友年龄还比较小，建议家长陪同着看，我觉得对小朋友的情商发展是会有帮助的。而且这书中英对照，也可以对小朋友灌输一下一些简单的英文。以上仅代表本人一点观点，至于实际情况，还要等我小侄子看了才能再说！
0	酒店位置就在火车站对面，车流密集，环境也很嘈杂，不适合女士前往。入住时，要注明住贵宾楼的，房间装修稍微好点。另外，服务人员的效率比较慢，不能太心急。
0	LCD屏颜色发白，而且在点亮和全黑转换过程中，会出现大片横向的线，不知道是否质量问题？还是这款机器就这样？
0	我觉得书本身并不像宣传的那样有趣，容易记忆，不过这样的单词书对于扩充单词量来说还是不错的，虽然他没有语法、没有词义扩充。总体来说一般般
1	这是我买的第二部星野樱的小说。第一部是《清空万里》。虽然这部不是穿越，但是还是挺不错的一本书，情节很搞笑，作者想的东西是很多人想不到的。虽然如此，但是感觉比《清空万里》差一点点，《清空万里》的细节个人感觉写得很好，很多地方都可以细细的流泻出来，在这一点上感觉《大龙门》欠了一点点。不过无所谓，不影响小说的整体，要是喜欢想《清空万里》这样风格的人，我推荐你耶买买这书。
1	比MSI U100好多： 1、键盘是流行的突起设计； 2、触摸板很有质感； 3、电池设计巧妙，一体化工业水平强，容量大！
0	联想把IBM的牌子毁了，的质量太差了！我刚拿到货，就发现液晶显示下面整体泛黄。
0	1.不管你装什么东西，肯定是往硬盘里装，所以要找到硬盘，这款是串口的硬盘（SATA），早期版本软件不识别，所以导致找不到硬盘，安装xp出现蓝屏，感觉安装很难，所以，一定要有串口硬盘的驱动！！！
0	1) 不带包，外出的时候只好装我大本的包里携带； 2）按键弹力有点小，打字时容易按错键； 3）屏幕垂直分辨率偏低，对于一些大小不可调的对话框不能完全显示。
1	有一些写书人，写书尽量把简单的事情复杂化，唯恐别人读懂，唯恐别人不知其水平之高深莫测；有一些写书人，写书尽量把复杂的事情简单化，唯恐别人不能知其意，尽量深入浅出，简单说理。作为读者，我最憎恨第一种写书人，而最欢迎第二种写书人。这本书的作者，就是我所喜欢的第二种写书人。整本书看起来很流畅，很舒服，而且也很受益。可能也有赖于译者流畅的翻译，能够让原作者的意思能够流畅表达。
0	很重,背出去很累.好象屏幕上有个亮点,不过很小(屏本来就很小,呵呵),不明显,不过这种好象不算质量问题?不是很懂,不明显也就算了.......
1	喜欢小动物尤其是猫咪的XDJM都要看一下，非常有意思！不喜欢小动物的人就更应该读一下，猫咪或者动物的世界与你没有什么不同！
0	实话实说这是我在当当买的最差的一本书，我以为讲理论的，没想到作者没完没了的讲自己跟几个人的一点恩怨，感觉就像鲁迅笔下的祥林嫂一样，啰嗦得让人厌烦，作者还说自己是大老板，我看要打个大大的疑问号，大老板需要这样炒作这本书？需要费尽心思弄这几个稿费？！
1	外观出众，键盘在上网本里算是很贴心的很舒服的。另外，京东的送货速度真是没的说。第二天到货。很是到位啊
1	电脑不错，有点商务气息！电脑不错，有点商务气息！电脑不错，有点商务气息！电脑不错，有点商务气息！
1	做工精致，屏幕很漂亮， 关于大家都说的喇叭问题，我觉得各位不要对它要求太高，这么小的本能出声就行了，追求音效可以接一个小音箱嘛
1	小学的时候同学借给我看了很多本，暑假的时候就彻夜迷在机器猫和大雄他们的冒险故事上了，里面有很多稀奇古怪的道具，还有很多光怪陆离的故事，真的相当有趣，很轻松的读本，有时候有会有伤感悲哀，有很多地方都多少提到了一些保护文物保护灭绝动物的忠告，有时看了静静地想想，很引人深思。总之，这是我最喜欢的一部漫画，给我留下了很珍贵纯洁的回忆。
0	文笔一般，写得也一般，史料也不详细，网上评论言过其实，业余作者玩票性质。不建议购买，下载看就可以了！
1	拿到书的那天就开始练上了，纯粹是为了自己喜欢才买一本试试的，本来也没觉得有什么好，只是在每天坚持一页页练了一个周后，身边的人都说：丫头，写得有点样子了。心里一乐一琢磨，原来循序渐进是一种态度，坚持了，认真了，就有效果了。建议大家跟着书本的节奏走，不要贪后面的字漂亮就先划着先了，跑之前还是得学会走，是吧！当然，这是我一个初学者的建议。
1	经典造型,钢琴烤漆非常漂亮.看着很舒服!机器性能也很好,速度很快.IBM 的没得说啊!
1	看完这本书，觉得很不错。推荐给同事和朋友，让她们也从中学习学习，感觉真的是受益匪浅！好多事情都是我曾经经历过的，只是当时没有意识到自己的行为会给孩子造成那么大的影响，有些后悔！不知道现在开始是不是来得及？
1	1：地毯很脏，用具如水壶和马桶老化啦 2：服务非常好 3：地热矿泉水挺好的
0	酒店的硬件一般，服务较差。因为我们带小孩是自助游方式，怕万一来不及回来，要求先退一个房，另一个我们退房延至下午一点，前台说不能，只能多保留十分钟，要不就要收半天房。最后我们先退了一个房，把东西全搬到另一房间，并开了请勿打扰灯和挂了“请勿打扰”的告示牌，可当我们上午十一点回来，我们用自己的房卡竟不能进自己房间，而且关了请勿打扰灯，摘了告示牌。问总台，说是我们的卡已被改了，可我们东西还放在房内，竟有此等事情？而且还没到中午十二点呀！！
1	五位《百家讲坛》主讲人对历史上的五位医学大家作了介绍，其中张仲景篇的主讲人郝万山教授，由于是北京中医药大学的教授，在讲“医圣”张仲景时，不但介绍了人物，还运用阴阳、五行，结合病例，给读者普及了许多有益的中医基础知识，使人读后受益匪浅！其主讲篇幅也是最多的，达到百余页，感谢郝教授！其他四位主讲人由于不是医学专业，只是对人物本身做了讲解，对了解人物也足够了，感谢诸位老师！！！
0	有可能是世界上最差的星级酒店，电视都没有，床头柜只配一个，如厕需经走廊......一句话,烂尾楼改装酒店,又不肯花钱,连民工出租屋都不如.
0	这个酒店是我住的酒店里最最差的，居然在半夜里装修，给前台打电话居然说，他没听见，不知道他是聋子还是傻子，那么吵闹的电转声音竟然没有听见，我上到五星下到招待所都住过，还没见过半夜三点装修的呢，大家千万别上当了，支持下啊！
1	功能食用，触摸键设置合理。配置和价格性价比高。键盘手感相当好，笔记本上方的摄像头也很食用。总体感觉很好，建议不进行大型游戏和影响编辑的购买。系统上网，看片相当好，可能是进行了优化。操作系统是VS的，不习惯可以自己换成Xp，毕竟现在的系统盘很先进。
1	这是在京东买的第二台宏基的电脑，相比第一台4930的在功能上有差别，送给朋友的，整体还可以，14.0的屏比自己的稍小，女孩用很好看的
1	给一岁九个月的崽崽买的，刚开始以为会太难了，没想到第一页的毛毛虫一下子就吸引了孩子的注意力，从那以后，每天崽崽都会缠着我要我带他一起贴毛毛虫，不到半个月，一本书就全部贴完了。平时崽崽是不太要我的，可自从有了这套书，每天崽崽都会讨好地跑到我面前来说“好妈妈，贴毛毛虫”呵呵，看来真要谢谢这套书了！喜欢书，更喜欢抱着崽崽一起看书的感觉！
1	女儿才六岁半，她看不懂里面的数学故事。但她读过《西游记》和《封神演义》的少儿版，对哪吒和红孩儿有些了解，所以书拿回来她就不停地看，连洗脚的时候都会让我把这本书拿去给她。有一天，我听她在自言自语：1001000...我知道这是书中最大数最小数那一章。我敢打赌她一定不懂这些数的意思，我也敢打赌她心中一定想知道这些数的意思。所谓兴趣，就是在这样轻松愉快没有压力中产生的，但愿能陪伴她终生。
1	在自提点检测了挺久，算是完美屏吧，各方面性能也不错，跑vista也没什么不好，所以没改装XP。 样子还是蛮好看的，网上自己搞定了分区。
0	"住过的最差挂牌五星酒店!!! 所订的行政高级江景房面对富春江,不过酒店和江中间有个中学隔着,酒店周围有很多老的居民区和一个医院,感觉有点乱七八糟.硬件总的来说马马虎虎,有点特色的地方只有卫生间的镜子是加热的,人性化.房间里有介绍当地景点的地图和杂志比较方便. 但是服务让人非常不满意! 1.酒店的停车场管理十分混乱,我去时正好是五一节,当地结婚的较多,但是从来没听说哪个五星级酒店因为举办婚礼连基本住客的保留车位一个都没有,但是这酒店就是!而且连着一号二号两天都是这样,害我为个车位等了半个小时! 2. 同样因为结婚包场的原因,偌大酒店竟然除了ROOM SERVICE 以外没有提供餐饮服务(很客气地告诉我连ROOM SERVICE都要等待一长段时间!), 吃饭都只好外面请! 试想游客一天劳累回来吃不上饭心情会如何? 3. 酒店里的大量设施都不能使用,健身/游泳/美容全部停开,让人完全不能理解,而且都不给客人一个合理的解释! 4.酒店空调系统有问题,房间里没冷气只有冷风,修理后好了半天半夜里又坏了,让人非常郁闷. 5. 房间的保险箱和放盗链都损坏无法修理, 感觉不安全. 6. 以上问题跟前台说了以后,那个小姐说会马上跟经理联系给个答复,然后就是石沉大海,感觉完全是敷衍了事! 一直到我离开酒店都没个说法! 7. 基本所有服务人员都没有笑容. 以上是我五一节在酒店住了两天后的真实感受, 节日的服务质量稍有下降我能够理解,但是降的那么厉害的""挂牌五星""还真是领教了!"
0	除了地点靠近地铁，几乎未发现其他优点。 房间有异味，卫生间有污渍。 最难以忍受的是电话和网络： 电话机拿起来就是怪异的忙音，要连续拨打七八次才能接通一次，问到前台，答曰确实有这个接触不良的问题，没下文了，眼下之意您就忍着吧！ 当面告诉了前台，我要开通网络（虽然收费20元/天）。答曰：没问题，这就开通，自动分配IP地址，不需手动设置。可回房后发现连本地连接都没有，联系前台后，有了本地连接。但是试了半天也无法打开网页，再联系前台（已经快崩溃了！），十分钟后服务员过来，胡乱指点我删掉了公司的IP地址（只是备用设置，不是默认连接，根本没必要删），然后才将默认连接的自动获得IP改为了他们的手动地址。彻底晕倒，，，，，，，， 以后再也不敢住这样的酒店了，也请携程对用户负责些！
1	外观我喜欢，总体来说还不错,买了四五天了,还未发现问题,驱动可以上官网下载,也挺快的.
1	帮老婆买的，外观漂亮，女孩子用用足够了，感觉比我的小黑好看：），带驱动盘，换xp也很方便，就是ddr3内存加的话比较贵，先用用也够了。发热有点大！
1	很小的时候就读这本书了，我读的还是那种大部头，当时翻译过来还是比较原汁原味的。很吸引。所以印象深刻。记得小时候看是晚上偷偷钻在被窝里看。那种感觉是无法言喻。。拿到书，很兴奋。书也很整齐，很厚实。总之就算是拿着这本书都是一种情怀。找回了童年的感觉。呵呵。特意买了英文版，有空在家里翻翻英文字典，体味一下原汁原味版本的童话。很有趣。
0	烧水壶不会自停，烫到手，撒了一盒好茶！向服务员反映也无结果。
0	每一本都是这样的，简直象是盗版书，如果是正规出版印刷，这样的封面质量怎么出得了门？！儿子才6个月，里面怎么样还没有看，以后看了再评论这套书的“内涵”吧。。。。真是的，拿出来把我吓一跳
0	我对商品的不满意主要是在服务方面 第一：京东的客服电话总也打不通 第二：我要灰色的，给我送了个白色的
1	档次不用怀疑，堂皇二字。房间设施略显陈旧，服务一流。 要提醒的是，从机场大巴下车即到，小心过于热情的黑出租，会把你撞进车里，可能后果严重。 补充点评 2008年3月20日 ： 自助早餐实在是太丰盛了。
1	我喜欢在腾讯网上先看看最近有什么新书，感兴趣的就读一读开头，前几天看到了这本书，觉得非常有意思，而且通俗易懂，内容包括学习心理学，经济心理学，人际关系心理学，自我管理心理学和爱情心理学，和我们的生活息息相关作者用漫画的形式讲故事，将术语，还能帮助我们解决身边的烦恼，书的纸质非常好，我想这也可以作为送给朋友的礼物哦，是学生和白领族应该看看的书，呵呵，顶一下！
0	儿子喜欢的,我们刚看了我想有颗星星,我想去看大海和我想有个弟弟,每本书都要看3遍才肯换换的!
0	1、该酒店房间小,我住的标准间很小,很舒服; 2、这个酒店是三星级，我认为最多能够上两颗星，属于好一点的招待所； 3、价钱贵，周遍环境不好； 4、服务员服务质量极次，建议协程取缔该酒店的会员资格，我去有上当的感觉。
0	AMD平台,性能还是不错的,但是风扇确实很响,假如玩游戏的话,风扇一定会一直响着,可能是风扇的品质也一般,比我的东芝M301的风扇要响不少,发热量还好吧,出风口在后面,不过感觉热风会吹到屏幕的下方部位
0	房间的环境不好!阴暗潮湿!一点不像星级的宾馆!失望.不过服务还是可以的!
1	环境非常非常好，庭院式小栋别墅，虽然说酒店年限很久了，据说92年就有了，房间略小，但是服务、环境都绝佳，强烈推荐，绝对安静。 唯一不好的是电视，最早的那种21寸彩电可能，我住的房间没出问题，朋友的房间进去电视不能开，找服务员，服务员很快搞定。 数字电视的声音变化很大，这个频道正常声音，换个频道能吓死人——欧洲杯，凌晨的声音，唉，隔壁的那个……
1	对于了解中国的古代工艺有很大的意义。发现古人非常重视经验的积累，对于很多工艺的问题已经有了精妙的解决方式。但是同时，也发现古人对于工艺程序中的安全和环保问题大部分是忽视的，比如用汞提炼各种东西，以及镀金，这样操作，少活20年吧。还有采煤的坑完全没有通风，死亡率应当也是相当的高。古之君王，重农轻工，也不是没有道理，因为农业相对于工艺确实是一项更安全的职业。
0	但是降价也太快了吧，我订购时4299，才不到一周呢，又降了100多，这对消费者太不公平了。虽说电子产品降价无常，京东应该起带头作用，规范电子产品市场。
1	前台小姑娘很有意思，经常入住，都熟了，呵呵
1	闹中取静的一个地方，在窗前能看到不错的风景。酒店价格的确有些偏高
0	房间临街，隔音很差，加上外面施工，吵得很！ 房间门锁似乎有故障，插入门卡显示绿灯但就是打不开，服务员的门卡插进去马上就好了。 由于只在携程定了1天，临时有事要加一天，前台办理时不爽快，第二天总是催问何时退房，很烦。 宾馆反馈 2008年5月20日 ： 您好,给您的住宿带来不便,酒店向您表示诚挚的歉意!您提到的问题,酒店都已作了改进和跟踪,并将尽最大努力减少影响您入住行程的小问题.并请您继续给予我们信任和支持!酒店周边的施工问题,我们已经进行了协商,夜间施工将得到有效的控制,我们一定会用如家真诚的服务理念,为您提供更好的服务.
0	买回来了，本想自己先看看再给孩子讲的，可是刺鼻的气味已经熏得头疼了，所以就一直放着没敢给孩子看呢！
1	1：外观不错，很适合MM用。 2：性价比高，该有的功能都有了 3：完美屏，反应速度很快
1	中餐厅绝对不是五星：晚8点多时去的2楼中餐厅，没什么人用餐，餐厅环境犹如一般小店，餐具也很一般，桌上没有餐巾纸，没有牙签。上菜也慢。
1	XP的安装很方便，比以前买的一款华硕的方便多了，上次在网上找了好久！
1	会有那么一个人，也许他不是此刻站在你身边的那个人，但他一定是你心中那个角落唯一的拥有者；他可能不是你现在的另一半，但他一定是你曾经希望拥有此位置的人；他可能此生不会再出现在你的生命里，但他曾几何时已经成为你生命的一部分；也许你一直在努力地要忘记他，但属于他的一切却越来越清晰------他永远都不会消失，他只会随着数月的消逝离你越来越近，因为曾经他是你的最爱，而你是他的唯一。
0	重量沉了点，屏幕不是镜面的，屏幕变宽有点大，看模具上个12寸的屏幕应该问题不大的
1	正如书的名称，三毛的这本早期作品不同于后期成熟后那个乐观坚强的三毛，而是记录了当三毛还是二毛时的经历，心境，是她年少时那个爱做梦，有些神经质，伤感的雨季的缩影。也许成就并不是很高，然而喜欢三毛的朋友却可从中窥见那个让他们着迷的女子是怎样成长起来的。而正处于那个生命阶段的读者也许会产生共鸣，发现原来他们在这个时候的想法并不是孤独，没有人明白的。
1	我IBM老用户，T系列是我最爱 虽然有个LENOVO的标记，但所有设计的用料都是T系列一贯作风
1	性能好，配置算是中等偏上，对大多数用户来所足够了。外观低调不失大气，买回家当台式机放在家里也不错。屏幕大，中老年人在家里上上网之类的也很舒服。
0	这是我住过的最差的五星级酒店！8月5日住的所谓经济间，504元/晚；房间很小，通道小的只容下一条腿。卫生间没门，淋浴房居然也没门，洗澡水下不去，快漫出卫生间！换了一间，还是这样。地毯很脏！没有服务！再不住了！白送也不住！有被大刀砍的感觉。
1	与刀刀结实是在众多的期刊杂志中，本人也是属狗的，看到刀刀就更是亲切万分。收到书后有些失望，我还以为这本书与绝对小孩一样的开本呢，相比而言刀刀小了些。不过内容还是很精彩！虽然有很多在其他杂志中看过，但这本书我还是看了数遍，且还再看。画中的三言两语是那样的幽默深刻！读来微笑间还挂着泪水!在读书便是一定的，而且还会购买其他几本书。本人推荐这本漫画！这的很喜欢刀刀！
0	既然叫朗读手册，应该是一本可以朗读给孩子听的书吧！翻开才知道原来全书都是在围绕“大声为孩子读书吧”这8个字写得废话，只有最后几页读给孩子听的推荐书目列表还算有点用处。总结：这是一本毫无价值的标题党垃圾书
0	比上次买的ideapad s10重不少。有点厚，不过都是为了电池，欲与熊掌不可兼得
0	酒店硬件设施较新，但明显的没有被好好照料。我和朋友们分别住的是日式和中式的房间，踏踏米之间有明显的灰尘，卫生间的门以被下掉。因为大门坏了没被修，轻轻的就关不上。中式房间里的灯忽闪忽暗的，卫生间里的问题一样。还有他们竟然没有提供喝水的杯子，只有卫生间内漱口的杯子。走廊内的地毯上有的留下了大块油迹一样的脏处。再好的建筑，一旦这样缺乏维护而被糟蹋和孤弃不管，也维持不了多长时间。 另外，服务质量是最大的问题，服务员一问三不知，没有服务和关心消费者意识，对自己工作的环境也是什么问题都答不上。‘这温泉从哪里出来的？“　’就在那边‘服务员边答边用手指。我这个游客也知道是估摸温泉池的方向。可是作为酒店员工靠温泉池饭的，连个最简单的温泉知识都没有。’这个温泉里面有些什么矿物质？‘　”我不知道“　可见这个声称四星级酒店的管理。走的时候问他们，“你们这象我们这样个人游客多吗？”　”不多，我们大多接受团体，会议，政府的客人“　”你们知道为什么没有个人游客吗？“　服务员沉默。。。 唯一让人感觉稍微好一点的就是热温泉。但是因为没有好的管理，配套服务设施太差也太贵。通过携程定的度假产品付了６１８两人一间房包括两张一次性的温泉票。注意：一次性的意思是虽然不限时，但你只能去一次。也就是说你晚上去了，第二天早上就不能去，哪怕是几分钟。让你感到花了钱，却不开心。酒店没有电梯，楼与楼之间的走廊没有遮风挡雪的玻璃顶，连个篷子都没有，客人泡完温泉只能冷飕飕的跑回房间！ 他们的整个建筑布局和想法就是模仿日式温泉的，可是这个地方只是照着葫芦画了一个票。什么真的内涵都没有。在日本，你支付一定金额，所有服务项目包括饮食都可以享用，你不用再操心是否需要再支付额外的金额。想来度假的人事先通常都会盘算好度假的预算，东一个消费，西一个消费，让人措手不及，非常毁坏人的心情。试想一个人几个小时又能享用多少个服务项目呢　 简而言之吧，这不过就是一个不伦不类的，陷阱多多，靠某种机构吃饭而经营不善的温泉澡堂。如长此以往，其时日可能不会太长。
0	速度一般。而且应该是适合年轻人用，因为字体还算是比较小的。给老爸用就看不清了。
0	这所酒店永不再采用。我于一周前透过携程预订好6月24日入住一天，竟然在入住当天中午从机场打车到酒店途中，收到携程短讯说：“您预订的6/24入住的杭州最佳西方梅苑宾馆,因政府征用,6/25早上8：30之前必须退房,请知晓”。向携程查询，回说他们也是当天才刚收到酒店的如是通知，而酒店前台亦无法解释为何会有如此安排。作为酒店住客，逗留至中午 12：00 是最基本的权利，如何能够临时用一个短讯便要求客人提早离开，真是荒谬，亦严重亏损了国际集团之名。怎晓得这酒店日后又会用政府名目亏待住客。虽然在跟酒店一番理论后，前台曾致电到我房间改说会为我特别安排下不用提早离开，这更令人生气，一方面房客要动气争取才给你基本的住宿权利，另一方面原来政府征用之说其实挺有弹性，不一定要执行。携程亦十分不是，怎能接受合作伙伴如此安排，如果酒店有活动不能出租应早作处理，不可能接受预定又出租房间的同时但牺牲客人的最基本的权利，这么晚替酒店发此短讯，而且亦未有主动为客人提供应变安排，只推说是酒店事情，与携程无关，令人难以接受。 宾馆反馈 2008年8月12日 ： 回复： 尊敬的宾客：对此次不应该出现的错误，我们酒店深感遗憾；对给您带来的不愉快经历，在此真诚地表示道歉！衷心期待得到您的谅解和再次地支持！
1	相当高的性价比 极力推荐 不管从哪方面来说硬件都没有太大的问题 对于一般的人来说绝对够用了
0	非常不满这酒店，配不上5星。第一,客房服务员没有水平,房卡出问题，叫了20分钟仍没有人出来开门。第二,电掣跳闸..也等了15分钟才有人上来。第三,服务员没有礼貌,说话太不象话,前台也有些接待人员完全不懂操作。第四,也就是最不满意的,就是身为5星级的酒店，门口那些出租车司机胡乱开价,我们就像水鱼被人宰...我们说开价太贵,他们竟然说从5星级出来,讨价还价,会影响我们身份..这是什么道理? 害得我们找不到车...这是我住的第一次遇到这样的5星级酒店,出现这样没有水平的配套。垃圾........... 补充点评 2007年12月10日 ： 还有床太不象话了，睡的时候床垫竟然可以感觉到弹簧的铁丝…睡得很不舒服
0	太玄了，反而不可信。给爸妈买了有一个月了，还是全新的，完全不敢兴趣。我看那么多人追捧，一直建议他们看，可自己看了几页，也扔到了一边，浮夸-----
0	从小说文字的角度来说，非常一般。它的成功也就是托了快餐文化和所谓成功学的福吧。
0	味道太重了，晚上睡不着，希望邯郸宾馆有点公德心，装修刚好就开始营业，想毒死人啊！
1	第一次买烤漆的本，比想象中好看，朋友也说好 thinkpad也是第一买，和想象中一样 ，质量好，现在用一段时间了，确实很好。 发热少，也没什么噪音，我觉得很值
1	轻巧，发热小.（与原先用的Compaq M300比较，X200是冰箱---哈哈）。 运转声音很轻,几乎听不见.
0	1。接口设计不合理，鼠标USB的位置在右下方插上很别扭。电源接口在右侧，和光驱一侧。 2。内存应换为800MHz，而不是现在的好像是667，更充分利用性能。 3。低于4K可以买。驱动盘里应加入xp驱动
1	因为是我看中的电脑,当然自我感觉不错.虽然配置不高 但是这价位有这样的电脑已经很好啦`~
0	最大的优点也就是价钱比较实惠，另外有免费停车场（如果住在古镇里面，白天是不允许把车开进去的）。 这个宾馆的服务员都说自己的餐厅做的当地小吃好吃，实在不敢苟同，份量少，味道也不地道，价格却不低，建议重视当地美食的朋友不要在宾馆的餐厅就餐，会对山西的小吃产生错误印象的。
1	服务很好，进房间服务员会给你倒一杯茶水，很温馨，硬件虽然差一些，但性价比很高，下次去还住山水
1	找了个外置光驱装了XP！速度还是可以滴，感觉比我那台03年的奔4还快点！
1	这本书已买很久，小孩也看完很久。近日，小孩说借给我看，于是我就看了第一篇长篇小说——《林中飘过白衣女人》，后面还有两篇短篇小说还没有看。这本书确实很有吸引力，难怪小孩她那么喜欢看，后来又让我给她买了《太空陵墓》，也看完了。我觉得，这一类书小学生看得多了，一定会变得更聪明和更勇敢，因为书中的三个小虎子就是既聪明又勇敢的小孩儿，他们的行为一定会对阅读者有所影响。
0	没有SLIC证书，无法激活Vista，不知道各位高手能否解决？ USB接口比较少。 附送内容少，除了电脑，电源，一张驱动盘（还仅支持Vista，XP还不能用）。
1	酒店的交通不很方便，电梯特别慢，其余还是如家特色。
1	京东办事“效率很高，速度很快”，头天下午的订单，第三天下午就收到货了，快递自作主张说是以为我端午放假不在公司所以不送，可惜我老板没他那么仁慈啊。京东客服假期休假却播放无人等候录音，导致浪费很多电话费。
1	房间比较宽敞，大堂和5星级的差距较大。电梯的速度快，尤其到高层。
1	其中几页，我扫描后发给正与我讨论孩子们阅读的书的朋友，她也为之所吸引，在网上翻了我的书架后，也询问了她所感兴趣的书，讨论了我买此书的理由，我家小丫看过的反应等等。真的是很羡慕现在的孩子们，有如此丰富的精神食粮，而家长的教育方法也趋向理性，人性，科学。
0	从没见过如此残旧的五星级酒店，电梯、走廊、房间内铺设的地毯，可以用惨不忍睹来形容，电梯内的地毯块边缘起毛破烂，打个不好听的比喻，我们家用来垫狗屋的地毯块看起来都比它干净整齐，房间和走廊上的地毯给人感觉至少用了十年以上似的；卫生间里的墙面瓷砖一看就是低档得不行的东西，沟缝的白水泥开始出现一个个的小孔洞，象是蚂蚁窝的大门；水龙头和毛巾架铜锈斑驳、颜色可疑，洁具的牌子让人无从考究，倒是放洗澡香皂的香皂盒的牌子清清楚楚地显示是“COTTO”，这是什么等级的东西，相信对建材稍微有点了解的人都知道，卫生间的毛巾品牌不详，但是感觉又干又硬，似乎至少是三岁以上的年纪了，更可怕的是窗帘，上帝啊，我怀疑这酒店的窗帘是从来没有清洗过的，颜色晦涩不堪，我只是拉开并关上两次，洗手时居然肥皂泡就隐隐发黑，我住的是1520房间，似乎里面曾经淹过水，地毯颜色怪异不算，地脚线的木板很明显地不是同一次装上去的。 本来这酒店大堂的服务还挺让我满意的，不管是登记还是入住服务员们的微笑都让我很开心，但是房间的服务就有点不知道怎么说好，我是下午四点左右入住的，在房间小睡了一个小时后才出去应酬，结果应酬完九点多回酒店时，赠送的水果已经放在酒吧台上了，而床，我起来时是什么样的，还是那么自然的乱成一团保持在那里，让我顿时象吞吃了个苍蝇似地倒了胃口，好感全消。 而门口的保安及门童服务等管理，也是非常糟糕，门前广场是个圆圈，进来的的士在圆圈的任何位置都可以停下来上客下课，小小的入口经常是从各个角度分别停几量车在那里上下客，而酒店方也置之不理，根本没有人维持秩序，酒店门口打车也是一样，没有设置排队廊，大家全站在门口等车，前后左右那么一排开，实在是说不清楚先来后到的，不时有些因打车先后顺序而起的小纠纷！ 这酒店最大的特色就是销售，房间里随处可见卖东西的价目表和怂恿住可加入他们积分计划的推广牌，连文具和个人用品居然都有销售价目单竖在床头柜上，让我实在不知道这究竟是提供方便呢还是为了将销售最大化。而免费的东西，因为我出差习惯自己带洗漱用品，所以不知道他们的洗漱用品质量如何，但是那一次性拖鞋的质量，咳，难道是义乌小商品城那里购买的吗？啧啧，难得一见啊，赠送的水倒是怡宝的，但是怕吃亏似地加上了酒店的广告。 该酒店停车场上来的电梯是在四川宾馆的门口，我入住时上来一出门口就看到登记台，过去登记得差不多完了才知道那是四川宾馆的前台，于是道个歉转过来假日酒店的前台重新办理了登记入住的手续，结果，咳，结果让我非常后悔应该在开始就将错错好了，据成都的朋友说，四川宾馆的硬件条件还略微好过皇冠假日，价格只是皇冠假日的一半而已，两家挨在一起并有门共通，这都是啥和啥呀？ 我已经是携程的钻石级会员，从来没有任何酒店做过任何评价，此次四川之行，先是在绵阳的富乐山九州国际酒店入住，精美得让我叹为观止，舒服得不行，因行程改变在成都临时住了这么一次皇冠假日，同是五星级酒店，让我感觉是从真正的五星级酒店一下子搬到了火车站的招待所，还比真正的五星级酒店多付了一倍的住宿费。 赚钱不能就靠搞定些什么评选机构弄到五颗小星星后就那么黑心地赚啊！五星级的大车铺啊，永别了，我是再也不会去了，套用句流行词：赚钱，要厚道些！
1	开机20分钟触摸板能烫伤手指，仔细检查风扇不转，用力一吹嘿又转了，重启又不行了。通过几天观察风扇转与不转真是冰火两重天
0	评个鸟~~~~~订了三次投诉两次都没给我送过来，连书长什么样子都还不知道！每次投诉就只会说对不起，根本就没给我解决问题，没书又不说，就直接给寄其他的过来，前后都三个月了，一共订了几次，算了，不订了。
0	一个月内住了四次这酒店，我都认识前台这几个人了，可每次入住时，前台无论男女都低着头冷冰冰的，甚至连你好都没有说，不知他们在干什么。 这是我见过的唯一一家4星酒店，结帐后只说可以了，从不说欢迎下次光临。我曾经观察过10分钟，这这期间结帐的几位，最后一句话都是‘可以了’，而且大多不看着客人，只是整理手上的东西。 另外房间太昏暗，很压抑。
1	这本书是听朋友说，没事的时候在当当到得，刚送到的时候最吸引我的是那些水结晶的图片，那些水结晶的图片太美了，真的饿从没有想到过水的结晶更能这样神奇，我家是黑龙江的，对水比较神奇的认识就是我们家冰雪大世界里的冰灯，那些雕琢虽然很美，可以用巧夺天工来形容但是都是为了迎合游客的欣赏而制作的，对水的结晶认识从来没有赋予他生命，真的很好看，让你人的心灵更加的纯洁，像水的结晶一样！
0	2月2日，我在这里住了一晚。由于有事情需要处理，我到下午4点才退房。根据酒店前台告示牌的说明：12点后退房的，每超过一小时需收费20元，最多收取50%房费（下午6点前退的）。这样，我应该另外再付80元。 当付款时，服务人员（经理也在）则坚持要收我半天的房费（全天是178元）。我就根据他们告示写的据理力争，后来，他们表面认可我的观点。然后让我刷卡结帐，由于他的终端机器上没有显示具体金额的数字，我输入了密码，确认了。结果等打印出来的签单一看，数字是89元，而非80元。我拒绝在签单上签字。（后来问招商银行，银行说只要打印出来就有效，不管签字与否！我就奇怪，那签单上的签字有什么用？） 服务人员包括那个经理，见他们小把戏得逞，在一边暗自高兴。 我觉得很气愤，为这样没有信誉的员工，以及他们的落后意识。也不想想，因为自己的不道德，导致消费者对他们公司也产生不信任，这种后果是区区9元钱能比较的吗？ 后来我投诉到总店，过了一小时左右接到这个店经理的电话。基本意思是，有两种方案，1、我去店里拿下9元钱（而我这时候已经在武昌候车厅等待上车了！）2、下次还住这家店，给我补，并且按照比写成优惠很多的价格和我结算。 我心想，真是无聊的很。我去拿？可能吗？我叫出租来回还要40多呢，且不说我时间。下次住？可能吗？别说你这个店，整个扬子江我都不会选择了。 这种小聪明，欺骗消费者，最终决定了扬子江将是一家没有什么前景的企业。 大家在入住前也仔细考虑下，别因为自己良好的愿望而向我一样遭遇到没必要的烦恼。
0	是听电视台介绍才买的这本书。感觉这本书是针对外国宝宝写的，对于我自己的小孩，这本书感觉不太适合。
0	1.装机比较麻烦，需要专业人士！ 2.机箱里面有个三联的微星三包凭证，上面说要注明购买日期和由经销商盖章才可执行质保，可我看到的是三张空白的，不知是否影响质保?
0	1。画风不讨人喜欢，很粗糙，笔触不流畅2。内容多数已过时，且地域性明显3。作者想象力丰富，但过于脱离现实4。价格较高5。孩子不喜欢它
0	电池续航能力稍显不足； 外壳是塑料的，右手掌托处会咯吱咯吱响； 光驱推进去的时候似有卡感，不利索； 价格再降500，就完美了。
1	和我们现在城市里的生活完全不洋的另一种人生 没有华贵的衣服 没有饕餮的美食 只有一间间寒冷山坳里的学校以及能读书的孩子们纯真的笑容~~ 让我从新认识世界 重新定义价值观 无所谓金钱 我们应该坚定的选择我们自己所热爱喜欢的事物 许多人都有梦想 因为现实无法实现 可是 现在我们过得现实 确实自己选的~~ 说我们没有机会实现梦想 不如说是不敢，放不开现在 而不敢去冒风险实现梦想……
1	这里交通和饮食便利,服务态度好,性价比不错,就是热水不太热,值得推荐.
0	这个作者本身屁都不懂，写点虚得要死的东东，骗大家眼球。唉，损害中医的形象，建议大家不要买，俺买了后有相当的上当感觉
0	160G的硬盘容量，实际查看分区只有140G多一点，打电话问华硕销售，解释说什么还有隐藏分区……搞不拎清~ 黑色的表面容易沾指纹
0	就是改ＸＰ系统时麻烦了一点，付的光盘里没有Acer ePower Management电源管理软件
1	地理位置好，环境不错，房间很大，但是早餐不如过去丰盛，整体感觉不错。特别强调，服务好！
0	已经帮人买了很多本，最近的一次订的4本都缺了大图、目录、1－5页，大家收货一定检查清楚！
0	优点:靠近商业中心,离火车站不远,价格还算公道 缺点:房间设备差,几乎就是招待所的标准,周围环境脏乱差,噪音大.烧烤气味刺鼻. 免费注册 网站导航 宾馆索引 服务说明 关于携程 诚聘英才 代理合作 广告业务 联系我们 Copyright1999-2008, ctrip.com. a
0	房间还算干净,卫生间很大,但没有设施。提供的毛巾每人只有一条，还是破的。总体来说不太令人满意。
1	我养狗，2只，当年看小Q的时候哭得简直不成样子。不知怎么还有勇气看这本书。故事生动感人，故事中的小狗袜子也描写的非常可爱，可是我看到很慢，似乎有点不愿看下去，很怕看到故事的结尾。这是每个养狗人都不愿面对的结尾。其实有一天我实在没忍住，偷看了一下结尾，自己哭的不行，呵呵我发现当当上有2个版本的《约定》，比较了一下，这个版本好像以对白为主，情节稍显简单，另外一本好像比较好看的样子。
1	作为一家五星级的酒店，各项设施陈旧，房间面积显然没有达到五星的标准。酒店check in的速度极慢无比。晚上11点左右到达的，等了15分钟。房价太贵，除了地段的因素比较好，实在达不到五星级的酒店水平。早餐按ctrip的价格还算可以。房间的卫生间不错，水压很大水温舒适，也非常大没有局促感。建议大家可以考虑不远的粤海。
0	这本书是我08年所读的书中，较有收获之一。书中的一些观点打破我一些惯有观念。作者将二十岁年龄段里出现的迷惑作了一定的个人观点解答。值得处于这个年龄段的女孩看看。
1	离机场很近，房间里的床很大，里面还有一面镜子
0	今年的5.1、10.1长假分别定了西安与重庆的如家，非常失望，如家简直无诚信可言。这里把我的遭遇简单描述，希望能给各位出行的朋友提供借鉴。 5.1西安的如家严重超定，我们一行11人险些露宿街头，与酒店交涉了2个小时，原定的4间房，只拿到3间。同时到达酒店的不少客人，因无房可住，只得带着行李走人。 9月14日通过携程携程定了10.5日如家的上清寺店，吸取了5.1教训，于10.5日下午用信用卡做了付款担保，到达酒店，办理了信用卡预受权，莫名的签了好几份入住单（在酒店坚决要签的情况下），拿到房卡时才发现，原定的2套商务大床房被换成了标房和大床房，酒店除了说“抱歉、房已满”再也没有任何解释。 对房间的大小、设施没有过高的要求，毕竟是经济型酒店，最让人受不了的是，其中的一间房臭气熏天，请服务员弄了3次，仍旧臭。无语......
0	住过的最差的之一 １．房间极其闷，在高原本来就缺氧，闷在房间里极易加剧高原反应； ２．简陋。窗上的床垫歪了，露出木头的床架； ３．洗手间比几十块的招待所更脏，马桶盖子是用铁丝连在一起的，冲水装置需要提起来才能用； ４．部分服务员态度恶劣。退房的时候我背了巨大的包，问服务员能不能稍微快点，被白了几眼。 　总之，如果不怕死，可以来住。
1	京东处理速度很快；屏幕没的说；键盘手感好（主要奔着这点买的这么品牌）；有摇杆；
1	优点：这是我的第一款本本，所以好不好的概念不明确，目前玩实况OK
1	目前的配置应该是最低价。光驱不是蓝光的！还有内存芯片超好“尔必达”的。
1	前台的MM很不错，效率高，态度也非常好。
0	四个字，“糟糕透顶”。我是晚上十一点过入住的。首先是交通的不便利，到酒店必须走三峡大坝的专用高速路，同时还要到路过的几个武警“拦截站”停车检查专用的通行证。即使出示了酒店的证件也要被当兵的盘问很久，由于带着孩子心里很不爽。酒店安排专门为我们送通行证的接待人员还要我们开车到家里去接，办完手续后还要求送其回家。折腾半天下来已经快凌晨一点才到酒店。总台值班服务员的态度更加糟糕，没有笑脸就不说了，对
0	酒店一般，最受不了的是骚扰电话，一晚上能响4～5回，而且每晚都会打来，只真对单身男客，信息非常准确，严重怀疑是小姐摆平了前台服务员，拿到客人的入住信息。在这样的房间住，心里很不踏实。
1	我在宝宝两个多月时看到这本书，几乎一口气看完。当时我的奶不是很多，宝宝总要吃，家里人都说我奶不够，于是加了不少奶粉。看了这本书我才知道奶是越吸越多，于是下定决心减奶粉，用了不到一个月，把一天四顿奶粉都减了，成为纯母乳喂养！而且以前我准备就喂四个月的，看了小巫的书我准备至少喂到一岁，现在宝宝七个月了，我还坚持带宝宝睡觉，坚持母乳喂养！真要感谢小巫！这次买书是准备送几个怀孕的朋友！
1	拿到书后，刚好星期天，看了整整一天！觉得用现代科学来看古代的佛学、道学的东西，并不是没有道理，只不过我们现在还解释不通！光到底是粒子还是波，我们的世界中是否还存在一个看不见、摸不着的世界，“上帝掷骰子了吗”，难道哥白尼、伽利略破除种种阻碍创立的日心说，因果论，我们现实所有的一切一切都是虚幻的！我们都眩晕了！准备读读佛经！
0	总结一下，女人要现实。要么嫁好老公，要么抓住机遇有事业……这还用她说啊。
0	"一个词----""大失所望""!!!去广州之前,在携程上研究了半天,后来应老公的要求选择了Elan,因为他从欧洲带过来的那本""CHINA----lonely planet""上极尽完美之辞的推荐了该酒店.网上看图片和介绍,觉得应该也不错(没有查点评),我当时认为应该和""有一家""的水平差不多. 可是一进房间,发现和图片实在相差太远.房间小得可怜,没有地方放行李,甚至连坐的地方都没有.一张小得可怜的写字台上有一台小得可怜的""液晶电视"".如果你想躺在床上看电视,恐怕需要一双""千里眼"";如果你想使用那张写字台,那你一定需要很苗条,才能坐在那个位置,并且需要带一台小于12寸的笔记本，否则是放不下的. 房间也不干净,首先进去的那间330元的大床房,马桶里居然还漂着头发.后来立马换了间560元的套房,其实也就稍微大一点点,多了个坐的地方,有沙发和桌子及大一点的普通电视.房间设施很陈旧,地板有些地方已经翘起来了,隔音不好,热水水压也不够..... 前台服务还不错,服务员能说英语;但是压根没见到行李生. 个人感觉,不值那个价钱;个人意见,不推荐入住!"
1	此书从古代汉语的角度出发，详细地分析了“是”的来源和成因。是纵向研究，换句话说研究通时语言学的一本值得参考的好书。但不知是何原因，这本书寄到手中时书皮非常脏，很多土而且磨得很厉害，还好是硬装版我只好将外皮扔掉，希望当当下次注意检验之后再发。另外，买书时书的题目是“汉语系词“是”的来源与成因研究”。买到手中才知道全是繁体中文，有些惊讶。
0	驱动盘只有VISTA的驱动，OS装成Linux我相信99%的人不会用。笔记本基本扩展Express口都没有。USB接口太少！
0	房间太小.设施太垃圾.洗澡水半天都是凉水.放很久才有热水啊.洗澡间放5分钟就水漫金山了，所以原定住10天,结果住了2天就退定了,冰箱没接电,宽带还可以.
0	键盘有点不习惯，尤其光标键做得太小。散热部分没有thinkpad好，不过说得过去。
1	酒店真的不错，就是早餐都是韩式的有点怪。
1	配置对得起这个价格，运行稳定。大气。 到电脑城花了20分钟装了个GOUST版本XP3 该有的驱动都有了，意外！自己就从盘里装了个指纹！ 发货还算快3天到！
1	3999抢到的，这个配置这个价格真的很合算了！键盘手感很好！外观也漂亮，重量也合适！
1	价格便宜，质量很好，屏幕很好，够我用了。买东西还是别追求高配置，这个本子用起来很不错
0	性价比太差了！严重不复合所谓的4星标准，周围环境空气较差，最麻烦空调系统的冷气夹杂浓重的烟味，不开窗简直没法生存。
0	在同档次的笔记本电脑中性价比高，配置也够用，品牌效应好，外观不错，已在使用中待发现更多优点
0	内存小。打CS有点卡，不知道什么原因。发热量感觉有点大，不过可以接受。
1	这是一本不算好读的书，是一本让人快乐不起来的书。我是学生态学的，可以理解接受大部分的概念，而对于其他人则不是很清楚。一个一个例子让我很疼。我是在坐火车时读的，8个小时读了115页，这对我很难得，我已经很久没静下来一口气读一本书。感觉只有心痛。这本书不是文学作品，也不是纪实报告，而是科学，真正的理性的科学。所以奉劝想要看这本书的人注意，这不是一本好看的小说，而是一本严肃的科学。
1	周六下的单，周一到货，很满意这个笔记本，也感谢京东，下次再来。更感谢其中一个男话务员，帮我询问运货情况，并给我打电话回复
0	很难装上系统。内存也相对小。没有配送光盘。自带的驱动也难装上。鼠标难以控制
0	内容太简单了，重复太多儿子一岁五个月，明显对这个不敢兴趣。更喜欢汤姆系列。
0	所谓升职，过程中掺杂了太多的勾心斗角，我自己不喜欢这样的风格，纯属个人观点。
1	看了《饮食定生死》，觉得它是一本通俗易懂的健康科普读物。从中我认识到了食物对健康的影响是如此之大，许多的疾病发生与饮食健康有关，正确合理的饮食可以让我们远离很多疾病。同时，也让我知道了那些对我们有益的功能性食物在健康调理方面的作用。在正确的医疗后配合功能性食品的调理，使我们的疾病康复得更快。螺旋藻我在吃，感觉不错。
1	饭店地理位置是非常适合夏天度假的地方,硬件设施差于5星,服务达标,早餐自助餐比较简单,打的比较困难.
0	17、18日个买了1台，内胆包不一样，其中一台的内胆包实在是蹩脚。一台笔记本外壳有贴膜，一台没有。搞不懂，难道三星也山寨了？
1	1 跟我以前的ibmx31 比起来键盘键要松，但好像更容易敲 更省力 2 随机的vista也不错啊 习惯就好啦 3 感觉很好 ibm的风范 联想的特点 中国人的胜利 4 大气 配置合理 高清 视频音频均很出色 5 京东的送货的小伙子很可爱 建议给他们加工资
1	屏幕亮丽,上网.视频播放流畅稳定,用PowerDVD8.0播放外置DVD光驱中的蓝光碟也非常清晰流畅,这得益于9300GS。6芯电池保证3小时以上的使用时间,声音轻,发热量低。 到手后换了320G硬盘装XP很顺利,速度比Vista快多了,京东上购LCD保护膜自贴蛮难,手忙脚乱的,又购了一块键盘保护膜。HDMI输出音视没问题
1	通过用优势识别器,真是发现了自己不同之处.未读此书时一直都是重点关注自身的弱点如何改正,这也跟环境有关系的,中国的文化从来都是关注弱势的改正,包括学校的老师\父母\公司,不过这样我反而成长中带着自卑去过活!读完此书,突然有种思想很开阔,我想我开始要去创造新的自我了~~~!有点建议的就是:因为是翻译过来的,所以字句方面有点令我容易昏昏沉沉,当读到有用的地方又很精神了~
0	本来想订的不是这家。找酒店时看到这家每条点评都有回馈，觉得服务不错，就订了。但是对于我们自驾又不熟悉苏州的人来说，这个酒店不太好找，我们花了一个多小时打了几次电话才找到。到的时候在下雨，服务生主动拿了2把伞出来接，给我们的第一印象不错。进了房间，才发现房间小的惊人！连衣橱+卫生间+走廊都不知道有没有携程上说的20平方，象我这等还尚算苗条的人转个身都会碰到点东西，可想而知房间小成啥样。房间虽然按我们的要求给了比较安静的，但是窗外就是美食街小饭店的后门，其脏乱差尽收眼底，难怪我母亲怎么也不愿意在那条街吃饭。电视机很小，频道很少，才10几个。有凤凰卫视却没有国内的有线，几乎没啥选择。房间的布置和用品确实还不错，也就这些值这点房价吧。但是第二天却发生让人不愉快的事。我们8点多去餐厅吃早餐，当时连我们一家在内也就7-8个人，早餐的品种本来就不多，倒有5、6个是空的，除了面包、馒头其它的几乎都没了，请服务生加，没有太大反应，很久才加1-2个，继续保持一半品种没有的状况。开始以为是厨房来不及，后来看到倒光的牛奶和橙汁，拿去厨房，拿回来只加了1/4的量，大概只够倒3-4杯的，就觉得这个酒店有点小家子气，因为当时已经有10多人在用餐，而且时间只是他们承诺供应时间的一半！结帐时，检查房间的阿姨跟总台说我们房间有条毛巾搞脏了，洗不掉，总台的意思就要我们赔，开价75。我们房间的毛巾确实在前一天带孩子去苏州乐园玩时掉在地上弄脏了，洗起来麻烦些但绝不是洗不掉。我就问是否已洗过确定洗不掉，回说是；又问，拿什么洗的，回说清水。真是不知道该气还是笑！问那个清洁阿姨为什么不用洗衣粉，居然理直气状地说洗衣房说的，又说洗衣房不在这里，所以没有任何洗涤用品！实在不想和这样脑筋不太清楚的人多说，直接请主管出来拿些厨房的洗洁精，她只随便选了一个脏的地方，加洗洁精搓搓，原来的白色就出来了。就是这样那个主管还说和正常的白色有色差，要报废了，又说洗衣房要加钱等等，看看时间已经耽误了半个多小时，一家人都在等，不想再和他们搞了，就说我们承担洗涤费，那主管居然开出30元的高价，大约等同于5星酒店水洗毛巾的价。想着离开，也不去计较价格了，谁知那主管居然用所谓大度的态度跟总台说，算了就让他们赔30块吧！实在听得人很撮火，一天的好心情就被破坏！看来现在价廉物美这个词是没什么用了。
0	书的印刷质量是很好，只是个人觉得物有所不值！感觉上有种内容不咋的，包装挺豪华的感觉！卖的不是内容而是包装！
0	触摸板不可用.键盘时好时坏,散热效果不好. 最重要的是,京东商城不给依法办理退货.
1	协程价格比较好。下次出差还会住这里。房间还不错。
1	儿子不喜品课外书!这是维一一本他自已想要的课外书,所以买了!整天看得哈哈大笑!并不是因为搞笑而搞笑.书的知识性和趣味性都很强.作为成年人的我有时都想一口气看完一本书,而且感觉有所收获!可见知识性不是一般的很肤浅的那种.最主要的书中以历险记形式讲述,教会了孩子许多应对危机的方法!可能都是很实用的!是一套好书!值得看!也值得收藏,反正比国内大部分出版社版的那些所谓名著有价值多了
0	触摸板附近较热，明显没有联想K41A散热好，K41A只是有点温温的而已
0	键盘太容易脏了，本来想买灰色的可是想想显卡还是选了白色。刚刚又在京东定了键盘膜不过上海本地没货在调货，不知什么时候才能收到。不过话说回来确实的白色的漂亮
1	服务很好，周围很热闹，打车吃饭都很方便。330/晚的房间比较小，但是干净整洁，虽然是四星的，但是总体感觉还是很不错，闹中取静。华清池里养了很多鱼，很漂亮，可以到前台买了鱼食来喂。
1	专心的用一辈子的时间，只爱一个人。这就是爱情中的极致了吧，于是《痴相公》把这样的唯美爱情，一一铺就，浓墨重彩。珍儿与之心，从最初的爱上，到经历了坎坷，抵制了诱惑，始终如一，只深爱对方。爱情中的把持与坚韧，真的太让人感动。哪怕，之心是痴的，那又怎样，他知道如何爱一个人，并且深信不疑，自己的爱可以一心人，共白首。前世的姻缘，现世的婵娟。
1	我9号入住行政层（28楼），设施还好，服务不错，但电梯太老了。
1	自己去松江配送点拿的货，一打看就看到显示屏下方的有一处黑漆掉色严重．是帮朋友买的，郁闷中．
1	喜欢关于大学讲座类的书，只要看到，从来都是毫不犹豫的买了来看，好好品尝知识和文化的大餐，可以学到很多东西。现在我这样的关于讲座的书应该不会少于100本了吧。每次阅读都会有新的感受，也决定了，不管什么时候，看到学术讲座的书都要买下来好好阅读好好学习。一个人真正不想孤独和寂寞，只有多读书多学习。这是我多年看书的体会。
1	开始订的大房单人间，但去了酒店告诉我没有携程预订，我刚要打电话询问，又告诉我有了一间。去看，房间太小，小得刚好放一张床。于是退了又订了一个商务行政套间。套间还不错，房间大，设施还总凑合，但价格偏贵。总体感觉一般。
1	每次去太原，都住这家酒店。。。就太原市的水平来看还是不错的；但是横向比较其他城市，这个价位的性价比，显然不足。
0	我共买了7本，大多书的纸质很差，很轻，像盗版，希望管理员能标明纸的质量，如果下次再发现这个问题退货。。
1	上高中的时侯就在同学的文章中读到了一句话“学会放弃才意味着成功”，当时就是放弃了玩乐，一心学习，考上了满意的学校，这也算是一个小成功吧。毕业后，找了相对稳定的工作，浑浑噩噩的过日子，慢慢的就忘记了“舍得”。蓦然，发现了类似主角的现状，却不知如何改变，看了这本书，有了一些感悟，还需要慢慢摸索，毕竟现在的生活不像上学的时侯那样简单了。我们的一生都在进行着“舍得”的探索。
1	风扇声音不是很响 可以接受 预装的vista直接被公司网管删了 帮我装了XP 不过装的过程貌似很麻烦 搞了很久 说先要格式化 再装系统 估计不太懂电脑的人搞不定 其他用的都不错 那个送的鼠标用起来很舒服
0	忘了加上一点：这本书的作者脑子有问题，胡言乱语一通，看看书的语言就可看出作者白痴一个。可笑的是里面引用了很多经书，好像是编辑加上去的。强烈建议将作者绳之以法，将不负责任的这家出版社直接国家接管，太害人了，伪科学的典型。
1	拿到手一看机子非常的漂亮,装XP系统很顺利,运行速度也很快.非常的喜欢.
0	不喜欢这样的措辞写成书，然后耗费我的时间去认真的读！觉得这样的语言，更适合去央视“百家讲坛”吹去～～～觉得历史还是应该稍微严肃点～～～
0	有点失望！ 一点也不好笑， 所谓的笑话，都是些低级的拼写错误而导致的。 虽然室折扣书，还是觉得有些不值。
1	配货很快； 做工还不错； 用了几天散热挺好； 双显卡切换可能能电省电吧
1	本本外观大气时尚,性价比非常高,质量稳定,送货很快(5/2定,3号早上送到),按键也很柔和,屏幕是 三星的质量可靠 加了根2G的内存条速度很快
0	房间的风景挺不错，望出去就是条古运河，很有古诗词意韵。但房间里的淋浴设施不好，淋浴门关不紧，水龙头出水很小，洗澡很不舒服。电视有两个遥控器，用起来很不方便。最主要前台小姐服务很不好，冷冰冰的，尤其是那个脸蛋胖胖的小姐，脸上象涂过糨糊一样，一点没有微笑。我去CHECK IN和CHECK OUT的时候，感觉很不舒服。感觉服务生的培训有待加强，服务意识太差！！！
1	1599抢到手，顺道给别人买个东西凑2000，正好抽奖有张2000-100的券用上了，用U盘做系统一次搞定
1	听说是柳州最好的饭店了,原来是市政府的招待所.靠近一条河,景观不错. 出行交通也还可以. 房间没有留下什么特别深的印象,但是觉得底楼中餐厅的服务员态度特别好, 勤快,亲切,吃顿饭送了好几次热毛巾.
0	原机带的系统不会用，自己装XP比较繁琐，希望京东能给提供免费装系统的服务
0	这是我住过的最差的五星级酒店！8月5日住的所谓经济间，504元/晚；房间很小，通道小的只容下一条腿。卫生间没门，淋浴房居然也没门，洗澡水下不去，快漫出卫生间！换了一间，还是这样。地毯很脏！没有服务！再不住了！白送也不住！有被大刀砍的感觉。
1	位置：闹中取静，交通便利。门前有小型超市，东西一应俱全。老鸭粉丝小吃，酒店餐厅伙食也不错。步行离久光5分钟路程、离南京西路大型购物商场恒龙广场、梅龙镇、中信泰富20分钟，与淮海路平行，上街购物超级棒！ 房间：我住豪华双人间，环境不错，干净卫生，24小时热水，冷暖空调都有，还有杂志供阅读。唯一美中不足是电视有些小。服务态度也不错能及时反馈客人要求。下次去还会住。
0	不敢说这本书写得不好，但这实在是一本看了让人不舒服的书，不知道真实的心理咨询师的生活是否天天在经历着这些令人难受的事情，并且女主人公的身世也设计得很古怪且缺乏真实性。很早就读毕医生的散文，小说也读过几本，但这本书是我不太喜欢的一本，身边一些爱书的朋友们读过之后也有同感。
1	性价比不错的酒店,交通也很方便,值得一提是,宾馆斜对面走不多远就是海鲜一条街,很便宜,很实惠,下次去深圳还住广深.
1	还是很不错的，没什么毛病。用起来也不错。外观和图片基本没什么出入。
1	对于哲学我一直保持敬畏的态度，曾经试图看过几本哲学书往往读了一点就半途而废，因为太深奥晦涩。都说哲学来源于生活，毕竟高于生活，也许我的生活经历有限，思考的深度也不够吧，总之哲学是个让我敬仰又头疼的词。这本书因为是插画形式，感觉应该会生动些，没想到虽然解释了萨特思想的背景和源泉，但理解起来还是蛮费劲，只能说是本不错的启蒙书，至于深刻的理解，还有很多书要看，很长的路要走啊。。。。
0	9月30日我给朋友（从德国来湖南打算去张家界）预订了2间房1晚，第2天早上结帐时服务员硬说房间少了1个衣架，我朋友只好上去6楼看，结果是服务员数错了。我朋友很生气，说酒店服务员数数都数不清吗？发生这样的事，让客人感觉到很不愉快，同时耽误了客人结帐的时间。
1	坦白说，酒店比我想象中的好。在三星酒店中属于较好的一类。员工的服务意识很强，不象是内地城市。但是，携程的价钱不够有竞争力，在火车站遇到的拉客的导游，可以提供更好的价格（路遇的旅伴尝试了）。
1	一口气看完《边城》虽然篇幅不长，故事简单，但内容却是短而精然后又想起叔本华的话：“对于人类来说最好的安慰剂就是知道你的痛苦并不特殊,有很多很多人,甚至许许多多杰出的人都像你一样忍受着同样的痛苦和不幸,忍受着这个充满虚无的人生”人经历的痛苦在过去，在现在，在将来一直存在，不同的只是载体。父辈对子孙的牵挂与关爱永远超过我们的想象他们承受着的实则是我们附加于而他们义无反顾甘愿承受的痛
1	房间还可以（我住的是二十一层），但空调不太好--温度不好调节以及噪音不小，淋浴水量也不是很大。另外就是酒店电梯太少了，只有两部可以用。每次都要等好长时间才能等到电梯。下次估计不会再住了
1	这次是308的行政大床，总体感觉非常不错，就是价格稍许高了点，旁边有个五星的豪华客房才398。估计小天鹅也只有这个房型以上的，看得过去，以前住过的房间实在是很差。以后大家如果要住这里，还是选这个行政大床吧！
0	住过的最差的4星级宾馆，墙壁根本不隔音，晚上楼下卡拉ＯＫ吵的没法睡觉，早餐餐厅都是附近过来喝早茶的老头
1	比较不错的酒店，设施比较新，交通还是比较方便，但是离市中心有一点距离，去机场方便。
1	外观很棒，全黑的质感我喜欢。 电池确实超级耐用，放电了将近7.5小时（看电影，上网）才提示自动关机 屏幕质量好，没有找到坏点亮点 巧克力键盘对于手比较大的人来说，也很好用。很少出现盲打错误。
1	我喜欢小菲这个角色，横冲直撞地爱着欧阳，爱了一辈子，纵然这个男人总是有负于她，她恨过之后，还是把他当做手心里的宝。欧阳这样一个酷酷的男人，让人恨的有些牙痒痒，他真是女人心中迷恋的小鸟，任性地到处飞，总是在找寻梦中的巢。。。作者文章里的几个主要人物都描写的很生动，仿佛他们就在你眼前喜乐和悲伤，带着微笑，偶尔有些心痛地看完这本书，心中很有些不舍。。。觉得自己已经和书中人融在一起了
1	从拿到书到昨晚读完，用了不到一周的时间。我已开始运用书中所描述的方法，来改变我的日常生活。虽然知道要达到那种平衡的状态，我还要修炼很久，但我感觉现在的我比以前平和、积极了很多。它让我明白，如果你从内心让自己喜悦，这种感觉是任何人都夺不走的，不管你周围的事物做着怎样的变化。我会把这本书推荐给我亲爱的朋友们和家人，愿我们都生活在爱、喜悦和希望里。一定会。
0	机身略厚，还有优化的空间 镜面漆沾指纹太厉害 部分组件用料低廉，显得不够细致
0	白色易脏，为什么没有其他颜色呢？续航时间没有传说中的那么高。至于其他缺点，这个价格也就这样了
0	预装VISTA老不舒服的！就不能够装个XP?换个系统要累个半死的，特别是声卡驱动在winxp系统中装起来很费劲的！
0	各位广大的书友，本人特别喜欢看书，非常支持当当网给我提供了一个买书的平台。《明朝的那些事儿》这本书我看后，说实话，个人很不喜欢。首要的是缺乏文采，一本书没有好的语言做支撑是很难成功的。作为历史书，它的故事性很差，有时为了幽默而幽默，显得特别低俗。书中穿插很多说理，使书的内容显得非常冗杂，不协调，令人难受。我不知道被人是否与我有同感，这仅是我的拙见。在这个喧嚣的年代，能写一本书真的很不容易，但写一本高质量的书跟不容易。
1	在百度的彩吧里待了很久，所以已经把小说都看完了，也看了吧里大人们的各类翻译，不过能看到出正版书真是太开心了！赶快买一本放在家里藏着，哈哈哈哈~因为厦门送书的速度远比上海的慢，所以直到离开家都还没有收到书，不过听说纸张和复印质量不是很好，还是有可以改动的空间啊~出版社加油，赶快把书都出完吧~最新出的书如果台湾出版社没有翻译的话，百度吧里也有啊，可以出得快快的，相信会很有销路的~
0	“好聪明的‘小妮子’”老兄！怎么自己设了个陷阱，而又不放诱饵，别人不屑一顾、嗤之以鼻。最后反倒是自己踩进去了？？“我这一身灰……你们的鲜红和洁白”。恩恩恩，不错不错，孔子就是灰的，而你们就是鲜艳的。“在你们这些美女的心目中，孔子是什么样子的？”唉，真是美女心中之仁啊！难怪易老在书前一再提醒大家，此书“不能以人之心，而以妇之心！”而读之。
0	味道实在是很难闻，接受不了！！！画面也太杂乱，2岁多的儿子一定不会喜欢，我都懒得看。任凭小鸡再个性，也得先有兴趣看才行啊！买的失败！！
1	性价比不错，3DMark 06 5022 Cinebench R10 4021 在浏览网页情况下，电池可以支持2小时20分钟 完美屏。机器散热良好 屏是友达，2006年第一周，色彩一般。 装XP比较麻烦，驱动要用户自己去找。 触摸板离键盘太近，打字容易误触。 键盘手感一般。
0	60G的硬盘感觉小了点，扣除系统预装的程序，只有120G可以用，要是硬盘320就好了
0	驱动比较难装，累了个半死华硕的返修率貌似有点高，希望我是个幸运者，别碰到这种事。
1	这家酒店的设施真的非常不错.地理位置也方便,大堂气派.由于没有我预订的那种房型,到前台的时候,酒店给升级到高级房,总体来说,是很满意的.
1	设施不错，位置好，就是服务人员的水平差点。早上退房太慢，等了四十分钟。一个北京小伙和一伙上海人因为退房排队的问题在前台对骂，服务人员也不敢上前调解。 下次住洲际或希尔顿。
0	1、笔记本底部4个胶垫不平，打字总是左右晃动。 2、时间无法保存，只要断电后时间归零。 3、mcafee不能注册。
1	这本书我买回给我女儿看。她小一，但有数学头脑，每天必看，非要我夺书才罢休。虽然书中有分数、有理数、无理数的介绍，女儿不太懂，但她会来问。我跟她解释后，她就能懂个大概，知道分母不可以为0，0国王只能住楼上（分子）等。对小朋友提高数学兴趣有帮助。当然，也因人而益，我借给我同事的女儿，她女儿喜欢文科，不喜欢数学，对这书就没兴趣。
0	于山宾馆服务非常差,是我从未见过的恶劣.柜台动作慢,态度凶,脸色臭,房间没空调又冷又潮,餐厅更差.可能是政府公营,不在乎吧
0	在当当买书无数，唯此书最垃圾，样样数百页，有用者不过三两页，愤怒之情无法用语言来表达
1	《听杨绛谈往事》可以视为杨绛的个人传记，通读之可加深对杨绛先生的了解。从杨绛的一生中，我们可以了解一代文学大师是如何坚守自我，她与钱钟书先生又是如何坚守他们的立场，同时更可以了解他们所处时代的风云际会。读完此书，让我感受至深的是杨绛先生面对钱钟书和钱瑗两人同时卧床不起时的艰难心境。当钱瑗离开人世时，她既哀恸悲伤，又要瞒着钱钟书，不让他得知这个噩耗，实在是让人动容……
1	再连读两遍之后，在一个阴郁蒙蒙的日子，跑到青云谱八大山人纪念馆，很想找找山人当年生活过的足迹，在竹林幽静的小道，在他的墓前，在他的冷眼看世界的画前都驻足很久，不肯离去。
0	说实话，感觉有一定的干活。但废话也不少，还有就是车轮子话。也许是这个时代出版物的通病吧。要是写成《明朝那些事》那样的干度。估计能缩水至少30%。入门级中医针灸理论。还是值得看看。个人觉得值得上网当。不值得买
1	要灵活运用，不能太死板了！记单词还是要开动脑筋，不同的单词用不同的方法，如词根词缀法、联想法、谐音法、逆向法等。
0	这本书从结构到情节直至文字都毫无新意，典型的网络文学。如果对小说的要求不高，纯粹是为了解闷或许还能凑合
1	一般 设施不错，其他一般 早餐也不错
0	纯粹就是国企招待所的作风和质量.整个酒店看上去显得比较陈旧.
1	机器做工很好，设计很内联，依然有ThinkPad的风范。轻薄做得很好。包装非常严谨，显示效果还不错。送的包感觉做工不错。
0	与同买的汤姆系列，这个一直搁浅，感觉很乱，没有故事情节。3岁3个月男孩，不打算再买此系列的书
0	总体感觉很不好. 酒店实际就是一个公寓短租房形式的.藏在一个公寓里的一层.不是很好找. 房间的味道很重,感觉脏西西的。估计是卫生人员不勤于打扫. 看的出来，酒店想模仿些情人酒店的感觉和商务酒店的简单.不过两个都学的不像.细节做的太差了
1	这款机器北京没货了，好不容易定了一台，今天刚拿到货，总体感觉还是不错，运气好，屏没有亮点。而且连续运行了5个小时，右掌托稍微有点热，但可以接受。整体外观也漂亮！
1	房间环境不错，前台礼貌服务也很到位，好评！
0	一般！！一般！！一般！！一般！！一般！！一般！！一般！！一般！！一般！！一般！！一般！！一般！！一般！！一般！！一般！！一般！！
0	1. 做工差强人意，打开屏幕的时候摄像头地方居然会响（面板陷进去了），勉强接受吧，不影响使用； 2.屏幕的转轴有一个地方的盖板会动，但是不影响使用； 3.DVD驱动器做的一般，读光盘时声音比较响；
1	光驱很方便卸载，这是个比较人性化的优点。而且分区可以用分区软件来改变。遥控器的设计也蛮新奇，可以控制ppt的播放^_^，可以躺着看电影。
0	缺点就是对女生而言装系统太高难度，其它的真没啥，只能说买小本，你选择华硕，不会后悔！！！
1	她们是一群神秘、美丽的女人，从上古的嫘祖，到末代的婉如，每一个都吸引了无数人。我们翻开历史，她们似乎是男人的陪衬，可是当你细细研读，你会发现她们是不可或缺的人物，是每一个朝代最美丽的花朵，也是每一位皇帝的明珠。她们有的与丈夫情投意合，助男人打下一片天下，有的共享荣华，帮皇帝创造盛世，有的颠沛流离，与失意的他同甘共苦，有的……，这一切不仅仅是故事，更是历史，神秘、华美的历史。
1	体积小，6心电池续航时间长，做工和手感一流，速度本人主要以工作和看片为主，足够用了。无线上网还没试，本人手机有GPRS包月，到时用蓝牙ftp联一下，估计有够慢。重量比一般的上网本重，但还可以接受。
1	本人近日有一问题想不通，写来大家共同探讨：如果梦回大清中的晓薇、步步惊心里的若曦、勿忘中的阿离、尘世羁里的凌儿、不辞冰雪为卿热中的尘芳、许你来生中的若涵、还有梦回大清.瑶华中的瑶华、恍然如梦中的婉然还有秋霁等等等等穿越女主们，如果同时穿了，那会发生什么样的故事呢，不知哪位穿越作者能够写出？
0	炒作的那么热，可能只是我们的一厢情愿，宝宝平时最喜欢听故事的，可是对这套书她一点儿兴趣也没有。只能我看了，困啊...乏啊....我们家没有“外文”基因.....
0	雷声大雨点小，想给小孩买些好书，发现这本评价好，结果发现垃圾，根本不是那么回事，6角钱一页，绝对的不值！
0	盖是钢琴漆,容易收集指纹 ，散热马马虎虎了，适配器比较热，左手掌托有点热，其他没有什么
0	因为看书评写的很诱人～觉得自己也是二十出头的年纪了 也应该学习下如何经营自己的未来了……但是，买回来 很失望。内容很空洞～写的太浮于表面。里面给女孩子的一些忠告，举的例子 没什么新颖之处，也不够深刻书的质量也不好，像廉价的言情小说身边还有人想买，就直接送给她看了
0	严重后悔，决定以后都不要买这些书。当然，我买其也不是准备着自己看的了。全是胡扯，一如现在沸腾着的大国崛起
0	定得是豪华套间，但一点都不豪华。酒店周围打车不方便，特别在上下班时很困难，也没有地铁或者公交等，周围也没什么饭店。 酒店得早餐比较差，餐厅小，吃饭得人多，吃的东西也很少。 离铁轨太近，火车开过山摇地动。 我住了5天，而且从没提过中途退房，最后携程告诉我酒店说我只住了2天就退房了，虽然最后是解决了，但很不爽 唯一好得，酒店工作人员还比较热情
0	请你们立即将我当当帐号里的10元 礼卷 取消掉！！！谁需要你们那破 礼卷 ！！不是明确告诉你们不要放这 礼卷 在我帐号中吗？本来那天接到你们的道歉电话我已经不再提这事了。不取消这破 礼卷 我将继续去“写评论”！！！你们怎么这么讨厌！！！KF051501056101361930
0	送的鼠标太垃圾了，按起来硬不说了，还有噪音，手感也超不好，只能在买一个了
0	喜欢毕淑敏的书,不过女心理师除外,知道作者对心理学有较深的了解,所以慕名购书,谁知道看了上部挺让人失望的,书中的案例以及人物太离奇了,有点背离普通的大众生活,也许作者想更深入更专业的去描写心理师及心理咨询业,让更多的人去了解这一门新学科,但看了书却让人更是觉得心理咨询离我的太远了,感觉我们这些经历平淡思维平庸的人和心理咨询不搭界了,呵呵,随便说了两句,完全是个人感觉哈!
0	屏幕和主机连接的轴承感觉好脆弱啊，让我都不敢大开大合了，可能是我以前用IBM的习惯了吧，总感觉这机器的塑料壳和轴承都好脆弱。
1	价格比中关村便宜，电池容量真不错，看电影在6个小时左右，外形比较喜欢，个人觉得比NC10好看，屏幕色彩不错 不足： 显卡真是不行，看rmvb电影时如果有其他操作 画面也会卡一下，不过毕竟是上网本，可以容忍 总结： 虽然只有10寸，但屏幕字体清晰，丝毫感觉不到屏幕很小，总体很轻快，携带方便，在中关村转了一天没发现比这再便宜的价格了,值得购买
1	先看了网络的，觉得不错就买里一本。被小说里男女主人公分开七年后还爱着对方，还能幸福的在一起所深深感动，现实生活中这样的事应该不多。觉得作者书名起的挺好。不是每个人都能找到适合自己的人，就算现在合适的人也不能保证以后也合适，所以人们总是在徘徊不安中前进，不是每个人都有勇气回过头去追已经错过的风景，就是回到原处，风景可能已经变了，所以抓住现在的美好是最重要的，活在当下。
1	服务很好，尤其是宾馆的客户经理，服务尤其的好，为客人想的很周全，在此点名表扬不太好，房间也不错，下次去还住这里。
1	电池果然是待机九个小时以上的，使用七个小时左右。难得。 做工还算精细，电池外观设计合理，键盘打字比较顺畅，也许因为本人手小。麦克风收音还不错听。 除了所谓3G以外，功能比较齐全，即使品质一般，至少具备了作为第二台电脑的职能，便携够用，当然光驱除外，游戏免谈。 关于字小的问题，正好可以限制自己的上网时间，也算优点，哈哈。
0	1G内存开98个进程在vista下慢的和蜗牛一样。 总共不如想象中那么好。
1	地理位置较好，在西街的街头处，购物游览交通都较方便，闹中取静，房间内设施也还可以，虽然离城市中的四星有些差距，但是在阳朔应该是最好的酒店了。但是心中还是有一些不舒服的地方，因在携程上订房时忘记写订大床间，登记入住时给的双人间，要求前台给予处理时，给到的答复是没有房间，但实际上还是有房间的。因此希望酒店在为客户着想的理念上需要再改善。 当地的导游很好客，也很朴实，带我们去的月亮山脚下的“步高门”吃的中午饭，即实惠又好吃，赞。 可惜在遇龙河漂流时照的照片遗失了。 总的来说，此次旅行很开心，如有时间还会选择再去阳朔。
0	内存应该升级2G才好，另外买完就降价300大洋。比较郁闷。驱动还算好找，就是华硕的客服不太满意，告诉他音箱声音太小，他说什么叫不影响使用就好！暴郁闷！
1	价格便宜.这个款式.我已经买过多次了.偶尔出现坏机.我也没意见.但是你们的换货反应时间真是太慢了.订单号5455723,
1	镜面效果不错，声音挺小。特别喜欢屏幕前面的网罩那块，同事看了也买了个！
1	除了内存小了点，加了个2G三星内存，样子也还不错，具体性能有待进一步探索，hp protect tools 太猛了，不要轻易搞，要是on-screen keyboard 不能用换个鼠标就行了
0	不是内容不好，是书质量问题。请问当当会不会有盗版书啊？146直接到了179缺了30页。退换均要一个月时间。狂晕。。当当就不能给顾客把把质量关？另外把退换弄得快点方便点消费者吗？以后再在当当买书都有阴影了。
0	感觉好像是文科生看一本《高等数学》的教材一样，流水账一般，只是背景很好罢了，选择在这样一个竞争激烈的时代，写了那么一个催人奋进的故事，文笔不咋地。
1	距离旺角、尖沙咀等商业区非常遥远，就算是去海洋公园也很远。房价虽然在酒店里面算是比较便宜的一个档次，但是如果你要去购物逛街，所需要的车费也不便宜，要坐巴士还要转地铁，浪费很多时间。算是一个比较偏僻的地方。虽然房间环境不错，但是下次再去香港也不敢选择这个酒店，因为交通很不方便。而且酒店附近很多店都很早就关门了，晚上10点左右想买东西吃的话，都不知道可以去哪里买，只能去附近唯一一间比较晚关门的惠康超市里面买泡面吃了。
1	无论是任何年龄，任何职业的女性，通过这本书，都可以找到一个全新的自我。作者用幽默的笔调，自身的经历，给我们讲述她的情感历程和周游的几个国家的饮食及文化，让人在笑过之余，不禁佩服起她的一切一切所见所得。或许随着年龄的增长我们已经不再年轻美貌，但是我们可以有一颗永远年轻的心和快乐，一辈子做一个幸福的女孩！
1	酒店总体感觉还不错，不过有个比较好的是，他们那边有个大型室内游泳馆，据工作人员介绍，目前是扬州目前最好的游泳馆，里面有假山、人工造浪、还有刺激的滑到，建议你过去入住酒店时试试，另外，我们住的房间也不错，据说是新装修的，房间大小基本和套房的差不多，设备也很先进.
1	外观硬朗大气，商务气息浓，适合男人用，配置绝对够用，做工精良，散热很好，键盘超爽，值得购买。
1	已经是第二次入住这家酒店了,感觉上还是第一次住的面对柳江的房间景观比较好,不过这次来酒店前面的路已经修好了,交通很方便.酒店的服务员依然一如既往的微笑服务,特别推荐一下30楼的旋转餐厅,夜幕降临时分来这里用餐,看柳江两岸的景色很美.不过这家酒店不适合打长途电话,1.8元/分钟,是我住过的电话费收费最高的一家. 宾馆反馈 2008年8月7日 ： 非常感谢您对我酒店的支持和厚爱，柳州宾馆致力打造柳州性价比最高的酒店。 我宾馆按五星级标准装修的24-26楼高层观景客房即将竣工，期待您的光临！！
1	去年一整年的时间都在阅读职场小说，也许无法戒掉。不知芳菲的这一次回归会做出什么样的选择，呵呵。。。也许我最关心的还是她的情感归属。再坚强的女人也是一样，都需要一个家。个人还是很偏向剑客的，因为我感觉95%剑客就是凌远，他这几年的深情不能被辜负，都是有爱的人，何不在一起。我想，无论是天堂的人，还是人间的人，都希望看到这种结果吧！愿有情人终成眷属！
0	书的内容刚看好象还挺好看，但看下去发现基本全本书都是说同一个道理，反复地说
0	4月5号入住的.真是后悔.虽然是三星,却只是招待所的水准.房间的设施极其陈旧..最要命的是第一天八点多起床后发现竟然没有热水.打到总台总说再等等等.后来干脆说不可能在上午来的热水.真是的!后来到了景区,才发现很多家庭旅馆要好的多,.而且价格便宜.强烈要求携程不要再推荐这个酒店了!
0	服务态度-没有态度，也就无所谓好坏 总台看人-用眼白 门童 - 门童长什么样子，我没见过 房内 - 锁是坏的 酒店说明 - 连中文也有错（潮州在浙江），更不要说英文介绍了，哦，酒店说明本身的英文翻译就拼写错误 早餐，吃完后，又在外面找了点东西吃 房间价格：390/晚，押金800？？！！
1	看她的文章，是看得见人每一刻的思绪发酵的，里面的人或婉约、或自私、或高藐、或卑怯，个个不同，但走到短文的最后，总有给人觉得叹息又惊异的结局，这是人事无常，也是人生自造化么？看那古代女子的愚昧和计较，我叹息加悲哀；看那感情犹如落花春去，我感慨加欣慰；看那命运弄人的伤聚离合，我无奈加思忖，多样的感情，让我不能一时间看完这本书，一小篇一小篇地来看，总有心得。
0	外放音量不是很大，高音有点小尖低音不足，如果环境不是太吵闹可以应付正常使用
1	买之前一直在12和14寸间犹豫，太重或屏幕太小 可是买了后没有后悔，非常喜欢
0	因为太光滑了，所以容易留手印儿。有时，鱼和熊掌就是不能兼得。好在配了块布。 还有就是有点重，轻的就不是这个价格了。
1	酒店工作人员有待培训,自己都不知道自己酒店在哪里,好容易找到了告诉我过了预订时间取消了.不过最后还是让我住了.房间有点旧,不过东西还是挺全的,楼道也是有点味道,但按三星标准来说也还过得去.位置不错,周围餐馆很多,银川的老字号也都是步行10分钟之内.
0	画面凌乱,我习惯比较细腻的画风,另外故事内容也很枯燥,给小孩讲的时候,一长串的外国命名也让人够呛貌似炒作的
1	环境很好，地点很方便，服务也很好，下回还会住的！
1	酒店是国航酒店,入住可以累计国航里程.这点比较好. 早晨种类很多,推荐入住
1	电池强劲，虽然没有达到9.5小时，但初次使用觉得6小时应该有的 。 键盘舒服，尺寸大小合适。
1	朝阳的房间不算大，朝南的房间比较大，有大沙发，但是比较昏暗。大堂比较暗，不敞亮。位置比较靠中心，就是门口有单行。
1	紧靠维港，风景非常棒。周边有钓鱼的老人，散步的游客，非常安逸的情景。 酒店的服务不错，也很安静，就是逛街不太方便，好在有30分钟一班的穿梭巴士可以送到么地道和尖沙嘴的北京道。旁边新开发的黄埔新天地不怎么样，美食广场和商场都不怎么样。下次再去血拼，我肯定不住这家酒店了，虽然服务很好。
0	设施很陈旧，卫生间真的有够脏的，没有电梯
0	估计是太亮的原因，眼睛疼，担心是雪花屏，调暗点眼睛就舒服了。 机箱比较旧，机箱标明出厂时4月15日，电源线方面甚至有一根没包装，有点怀疑是返修机。电池在使用过程中只能显示百分比，不能显示剩余时间。
1	同其他的企业管理书不一样，作者是以小说的形式告诉你在企业中该做什么，不该做什么，怎么做，尺度如何。条分缕晰，在理，又不会有老子教训儿子的感觉，和主人公一起经历风浪，一起成长，作者所说的也尽在不言中了，易于让人接受，不致产生抵触情绪.是一本关于如何做好一名员工的好书。不过作者关于爱情的描写却累赘了些，我看完通篇也不知道拉拉什么时候喜欢上王伟的，有点失望~
1	第一次给的房间在底层，窗户对着酒吧。跟前台要求换了一间，前台态度不错，在三层，一般窗户被前面的应该是走廊的建筑挡住了，另一半朝着酒吧上的屋顶。房间偏小，软件应该能达到三星级的水准，硬件稍差。空调温控不好，暴热，呵呵。地毯有点脏。出门左转50米就是地铁站，东四十条上打个车也方便，地段不错。总体来说在北京这个性价比还过得去。餐厅的口味也不错，价格还算合理。
0	价格要是能再低点就更好了！京东应该多搞特价活动!快递的服务态度不是很好
1	前段时间买的4299，没有套装那会，后来又套装还只是4199，申请了价格保护，客服挺耐心，赞一个。虽然这个机子在转系统跟声卡部分比较麻烦，不过现在这个问题在网上已经有人提供了解决方法。
0	就是感觉有点厚实,哈,还有就是系统太烦人了,呵呵,重新分区还有一个扩展区没法用PQ分出来,现在还不知道怎么弄!郁闷!
0	07年曾经住过一次，感觉还可以。 这次感觉不好，被子、床单太、太、太旧了，早该换新的了。其他服务业都一般。
1	［荐书］三岁左右幼儿的科普读物很难选择，要让这么小的宝宝能接触科学现象的奇妙之处，并借助书本来培养宝宝的科学兴趣，这样的书不要说我们读者选，作者写书，出版商出书，相信都是很费一番脑筋的。这套妙想科学用很形象的描述，生动有趣，借助许多动物，很好的向小宝宝展示了科学的奇妙之处，另人耳目一新。加上优质精美的印刷，低廉的价格，实在是低幼宝宝的科普入门上上之选。
0	服务不好！服务意识非常烂。订的双早房间，结果早餐只给了1张，吃早餐时被告知 自己去找前台，态度生硬，好像客人都是骗子似的。结果早餐非常简陋…… 酒店的导游100元一天。在景点时总是催促你快点……，总是带你去一些需要你花费的地方，比如烧香（烧高香）、算命、请护身符、开光……，动辄几百元、甚至几千元…… （但是本人坚决不买！）
0	自带VISTA系统太臭了，开机10分钟，关机20分钟，巨慢，郁闷，我现在已经重新装了XP，刚买不到10天。哎。。。。无语
0	整体感觉酒店比较小，从大堂、电梯、走廊、客房到卫生间都比较小，最不能容忍的是那个小坐便，大小便几乎不能同时进行，还有传染性病的危险。客房的壁纸坏的很厉害，停车场房客还收费，感觉不好。建议酒店尽快把那个小坐便换掉，否则真的没人敢入住了。
1	【荐书】虽然被定义为儿童读物，但是我认为每个时期去读它都能得到不同的感动。小王子是虚构的，因为他并不适合灯红酒绿的这个物流纵横的社会。现今，多少人的思想被禁锢，行动被束缚，言行被约束。大家不约而同的选择了沉默，也许这是大势所趋。但是，小王子正是这样一本可以感动心灵的读物，只有心灵得以进化，生活才可以美好。所有我推荐小王子，他是大众的读物。
1	读陶老就是读教育！他高举的：“生活即教育”使我倍受教育，让我感受到什么是教育，更让我的眼界一下开阔起来，让我把曾经的教育从书本，唯书本到生活处处是教育延伸！让我读到了他的胸怀，更让我心胸也一下开阔了起来。真是一本好书！
1	房间设备太破,连喷头都是不好用,空调几乎感觉不到,虽然我开了最大 另外就是设备维修不及时,洗澡用品感觉都是廉价货,味道很奇怪的洗头液等等... 总体感觉服务还可以,设备招待所水平...
0	在京东商城买东西要注意了，如果物品没问题，那就很好了，下单送货都很及时，但如果需要退换物品，一个漫长痛苦的过程就开始了。。。
0	先说好的: 地段在闹市区中心,房间也还可以,价格比较便宜,含在188房价里的早餐也可以. 不好的: 门口是单行道,不知道怎么开车进去,最后逆向行驶进去了,有个警察拿着摄象机在拍,不知道有没有中彩.停车的地方很少,对停车的客人总台和保安的态度很差,朝大街的房间很吵,对面商场的大喇叭太刺耳,卫生间洗澡水很难调,淋浴四周就一个半拉浴帘遮挡,一洗澡卫生间里都是水.
1	我个人觉得这是一本述说宋朝生活的书，而不算是一本评论水浒传的书籍，本书的整体架构是从水浒中摘录一个名词，加以扩大引述及论述，比较像是一部「宋朝生活随笔」。结论：如果是要看正宗评水浒的读者我建议不要买这本书，这书是局部的名词解释，但如果你是一个看品水浒书籍看到成精亦或是想多了解宋代人们生活的人，此书是个选择。PS:本书看完让人有股想去买「清明上河图」了解其中的细致及惊喜处。
0	可能美国的男女和中国的不太一样？对于一个有丰富生活阅历的人来说，这本书里的很多东西都不太实用，唯一实用的一条建议就是：时刻记着，男人和女人是两种完全不同的生物。
0	是看了网上评分好才预订的,结果去了后大失所望. 晚上去check-in的,但宾馆却没有开灯,我们绕着正义路跑了三圈都没找到,只好打电话让他们出来人才领到地方. 刷卡不能预付,害得我们每天都要去刷一下当天房费并续房卡. 房间很破,墙纸拿胶带粘着,插座十个都有八个不能用. 多的枕头被子找个柜子就塞,估计都很脏,用了都有心理障碍. 衣柜想挂衣服都很难打开. 门锁开了关门困难,每次都要很大声的关门. 宽带根本就是摆设,找人维修竟说IT人休息,昏倒~~ 房内卫生做得极其马虎,我们俩个房间一个几天都是药味,开窗也散不去;一个有烟味,却根本不能开窗.床头底下竟然还有个鸡蛋,抽屉里还有上一个客人的遗留物品. 最最夸张的是那个卫生间,竟然淋浴没有隔层,洗个澡整个卫生间全是水.每天洗完澡不得不在地上铺块大浴巾,以便能进去. 那个早餐我根本也不想说了,7-9点的供应时间,东西简直是垃圾.后来我连早餐券都不要他们的了. 前台的接待员算有礼貌,但check out奇慢.后来才了解到一定要屋内人走了查完房才给我们结.只想说那屋里的东西送我都不会要,还怕人拿,太夸张了...... 以后是万万也不会再去那里住了,太失望了!!!!!!
1	呵呵,毕竟是当地最好的酒店,所以,除了设施有
0	服务员态度极差！！！弄丢了订单不说，找的交接班借口，当客人投诉时前台服务员在那翻白眼。 补充点评 2008年6月10日 ： 订单弄丢，打了好几个电话，携程和酒店推皮球，酒店前台和预定处推皮球，前台态度还相当恶劣，以后再也不住这个酒店！！看过前面的点评，看来订单弄丢不是第一次，对于这种不把订单当回事的酒店，携程还纳入合作伙伴，如要保留要加强监控才行，我宁愿以后不再通过携程预定！！！
1	环境不错，房间设施挺好，很有档次，下次还会考虑入住
0	1、键盘手感一般。 2、其实机器挺厚的，也显的有分量，不是很轻。 3、机器自带的驱动盘里面有两个无线网的驱动，竟然都装不上，型号不对，上网荡了一个下来才装上！随机软件也太马虎了~！！
0	这家酒店充其量只能算是三星,无论从硬件还是软件方面来说都达不到五星的标准.我 9月14日网上预定了三个房19日入住,结果到了前台被告知没有收到预定单,经过和携程联系后等了足足半小时才入住,这其间没有得到前台一句道歉的话,而且还把我们几个房间分到不同的楼层,说是没有同一楼层的房了;可事实不是这样的,后边我们同行的还有几个朋友入住都分到我这一楼层,证明不是没有房间而是前台有意刁难.到前台与之理论一番之后才把我们几个房安排到一起,真是让人生气,以后再也不会入住这酒店了.另外在前台直接办入住是488,携程的价格是588.
0	你好!我想问一下我在12月4日订的<别笑！我是英文单词书>为什么还没到?不是有存货吗?要那么久的货期吗?
1	虽然是一本韩国书,在价值观,审美等方面和我们中国女性有些差别,但同是东方女性,这里面的许多东西还是可以借鉴的，尤其在时装,美容等方面,韩国引领着世界的潮流,这是毋庸置疑的.所以这本书中关于时尚的一些建议和点评非常有借鉴价值,而在两性领域,作为一个专栏作家,作者表现出她的阅历和智慧,一些经验对年轻女孩还是很有用的,总的来说，这本书不错,值得一看 .
0	vista系统下也没有无线网卡驱动，用驱动精灵可解决。 机器稍有点重。 散热有待改进。
0	环境一般，住了之后让人感觉价格和服务不成比例！
0	linux系统有点麻烦，以前没有在linux系统上装过windows的系统，搞了两三个小时还没有弄好，后来还是在网上找了许多相关资料才搞好 如果是装这个系统，我建议还是不配系统好，或是dos的也可以
0	散热不太好！ 显卡驱动太难找了，跟型号怎么也对不上，下了个上面说的英文网站的显卡驱动，玩红警都有点卡，不知道为什么！魔兽还行！谁能告诉我为什么啊？
0	酒店房间没有桌子 第一次遇到 竟然还有蜘蛛 吓了我一跳 房间设备比较老
1	3星的硬件,4星的外观,5星的服务 房间设施比较陈旧,但服务非常的好,头一次碰到3星的酒店里任何一个服务人员见到你都会微笑问好的,如果设施再好些是个不错的酒店
1	我们对待数据统计的态度,就像对待领导或者家长,原本应该是很值得信任的,因为他们有一堆道理要告诉你,无论是经验上还是学问上，都觉得应该是对的,但就象领导也会犯错误一样,统计数据也有不牢靠的时候,他们也会在错误的时间出现在错误的场合,如何我们还是如常的言听计从,就是我们自己过于迂腐了,看了这本书,你会更加怀疑数据的权威,并时常保持这种怀疑,因为欺骗越来越多了.
0	1、内存要是2G 的就好了， 2、硬盘分区不合理，系统盘220G， 然后一个盘9.5G，一个盘1.5G ，这样分区是什么意思？ 要想重新分区得去售后还是？
0	书的内容很好,我在之前给我女儿买一套,女儿很喜欢.也因些快过六一了,也想送给老师家孩子一套.我自己买的时候与些次购买间隔不足半月,但是那次就可以快递送货,货到付款,可是此次,是要先付款,还要平邮过来,这样时间上就比上次多用去了一周的时间,足足用11天才收到货.收到货后,更加失望,本来是好好的塑料簿膜全都损坏,16开的一套四本书还是折叠着的,书打开后即有损坏,书面还有折断的痕迹,这样的书让我如何送人,我家孩子的书因为经常看,也已经不能带替送人了.收到这样的货,看到这样的服务,太让人失望了,我已经在当当多次购书,快递收到的书都很满意,这次,想送人的书,反让我很为难,很生气.我希望当当的服务能不能正常一下,不要变来变去,如果还是平邮的话,我是不在买你们的书了.同期还购买了神奇的校车,书的外皮损坏,但没有折痕,比那套书的外观要好一些.
0	本来在莫太住的好好的，结果在网上看到这个宾馆就换了，结果让我很后悔。 宾馆缺乏服务意识，我进门的时候门童在门口靠着，也不会对客人说一句你好，宾馆里的服务员也很冷漠，让我有点不舒服，房间里有网线，不过我打电话拿网线给我一根很短的，还和我说让我将就用，而且网线还时断时续，打给服务员，他鼓捣鼓捣就有了，早上起来就又断了，于是我只住了一天就搬走了。 房间来说应该还算干净，但是离商业区较远，楼下是广场所以比较吵。 总之，因为服务问题，我不推荐这家店，真的不如去秋林附件的莫太呢
1	原以为Windows Vista 家庭普通版的软件很难用的，兼容性差，谁知一上手还是很好用，原来想装得东西都装上了，出乎意料之外。
0	1.购买的时候写着赠送包的，可是收到本本的时候没有包。这时去查看订单时，赠包的条款没有了。 2.刚买完就降了100.
1	记得拿着书给只有三岁半的讲时，他很喜欢。当我告诉他两个小伙伴非常要好，并且相互关怀时，他告诉我，他也有要好的朋友，并愿意把刚买的这套书与朋友共同分享。现在的孩子因为都是独生子，很自私，这套书恰好要告诉我们的就是要珍惜友谊，学会与人分享快乐。所以，我建议为了自己的孩子，可以给他买这本书看看，教会他从小学会与人分享快乐，珍惜友谊，儿时的友谊是最让人值得回忆的。
1	房间稍小，但清洁，非常实惠。不足之处是：双人房的洗澡用品只有一套. 宾馆反馈 2008年8月5日 ： 尊敬的宾客：您好！感谢您选择入住金陵溧阳宾馆！对于酒店双人房内的洗漱用品只有一套的问题，我们已经召集酒店相关部门对此问题进行了研究和整改。努力将我们的管理与服务工作做到位，进一步关注宾客，关注细节！再次向您表示我们最衷心的感谢！期待您能再次来溧阳并入住金陵溧阳宾馆！让我们有给您提供更加优质服务的机会！顺祝您工作顺利！身体健康！金陵溧阳宾馆客务关系主任
1	夏日商务套房的价格780,稍高了一些. 如果是平时的600多, 还合理. 但总的来说, 比起哈尔滨的华旗, 华融等所谓的四星级酒店的套房, 房间的色调及配置, 还说得过去, 面积不大不小, 45平米. 哈尔滨除了香格里拉, 但房间又太小, 在江边的凯莱花园酒店不错, 开发区的福顺天天还可以, 余下的就数金谷了. 但它新装修的房间虽然很现代,但味道太大, 否则, 应该让它排到第二位.
1	我是07年8月入住的这家酒店，环境和服务都不错，只是没有携程说的礼品果盘，虽然没什么大不了的，但是如果没有这项礼品还是不写的好。
1	酒店位置很好，就在市中心广场边上，出行非常方便，房间条件也不错，下次应该还会入住。
1	交通方便服务周到，很不错的酒店。唯一不满意的是价格没有竞争力，比汉庭的普通会员还贵。而且没有早餐送，比较遗憾。
0	我通过携程定的豪华标间,价格4百元,以为这个价钱至少可以住到干净整洁的酒店吧,至于豪华,根本是没想过;但即使这样低的心理期待下,这酒店还是把我吓了一跳;一进房间就是一股霉味和臭味混杂的味道;等进了厕所,才知道房间的味道与之相比简直是小巫见大巫,简
1	奥列伞……一个从金色种子开始发芽的世界……一方由绵羊之路抵达的乐土……一个解决童年困境的家园。黎晓曼有一个外号叫做“慢婆婆”，因为她无论做什么都比别的孩子要慢得多。她许愿得到了一个冠军遥控器，能够操纵周围的世界快进、倒退和暂停。于是，她开始了充满新奇体验的72小时……——我热切地期盼着和女儿一起在奇妙的奥列伞下亲子共读的美好时光。
1	5699返600还送很多东西，比神舟类似配置的还要便宜。用过很多笔记本电脑，这个是第一次自己买着用的，非常满意，外观也不错，还配有正版的vista。
0	1 底部发热比较厉害 2 windows7系统下，网卡驱动拔下网线驱动就丢失，需要重新安装一次，不知是不是软件问题。
0	塑料味重，机身较薄，用到现在有过一次蓝屏！不知道什么原因，观察中。
1	我在6月19-21号又入住了该酒店,还是一副老样子,问前台能否换楼尘老是回答要等半小时,不知为何?望酒店在各方方面面有待提高!
0	打车到酒店后发现，门面特别小而且差，很不起眼。到前台办手续又发现态度特别差，还摆着服务标兵的牌子，我是一点也没感觉到。房间也很一般。第二天中午时，我因为是下午四点半的飞机，因此商量能否将退房时间稍微延迟二十分钟左右，答复是一分都不行，超过一分钟就算半天，口气还很不友好！
0	客服有点忽悠，硬盘有点毛病找客服不给办理，只好采取强硬态度，不过还好，派客服人员过来给换了个新硬盘，问题就解决了。
0	在当当网买了几次东西了,感觉不是太好.服务上总是出现一些小问题.我19日下的订单,到了24日打电话还在配货,而贵网明明白白说按规定在2_5天内发货.记录显示直到30日才发出来,这是一种什么服务,糟糕透顶.上次东西有问题要退货,我问能否早些退货,客服人员回答不能,只能在5个(7个)工作日内办理.一直等2周以后打电话给客服人员才又拖了几天解决.感觉规定就是给顾客制定的,公司人员无所谓,让人缺乏信任感.客服务倒是服务态度很好,但谁会无聊没事找客服.我想大多数客房要求很低,只要把你承诺的话做到就对了,并不希望你们做得有多完美..好好改进吧,否则再过几年这个世界还不知有没有当当网了.
0	东西上午拿到了,和之前买的另一款sl400的样子一样,就是比它慢一点,不知道质量好不好,现在还没有发现问题东西还行,现在使用了半天还没有发现问题,就是慢一点
0	我真的很失望，本来很期待这套书的，结果早上收到的时候发现和我以前买的一套噼里啪啦从书大体相同，只是多了几小本而已，特别失望，觉得这套书白买了
1	在烟台红虹口大酒店旁边还有虹口宾馆，和虹口商务酒店，虹口大酒店是三个当中最好的，我入住的是虹口大酒店面海标间（400），还有两间面海商务间（430），干净、风景也不错，直面大海。美中不足的就是好像刚装修过（房间中的一袋竹炭就是证明），味道比较大。综合感觉比较满意。
0	C盘太大，不过可以从网上下载软件AcronisDiskDirector10.rar来调整分区 标称320G，不过我只见到298G（C 288＋D 10），其他的没见到
0	对天津这个城市，对天津的老饭店，是很有感情的，但这一次确实让我失望了。曾经住过利顺德，就对老饭店有一种美好的憧憬，但是这一家的确有太多要改进的！！要不然怎么能让顾客再次登门呢？第一饭店的地理位置很好，晚上很安静，房间很高，但是走廊里就有很浓的烟味，换了两个房间，依然如此，从晚上9点进房一直开窗开门换气到夜里12点，关上门窗睡觉，依然觉得难受，可能我不抽烟，对烟味非常反感的缘故吧，俺只好把随身带的香水放在枕边，这样才睡着。气味不好，让我对这家饭店的洁净程度的印象大打折扣。 服务员，一点都不服务，换房时，让俺自己拖着行李跑上跑下，跟我说，前台没人了，是在走不开，我下去一看，三个姐姐呢，咋说“没人”？我说房间有味，她跟我说“不可能！”难道我自己折腾自己不成？ 早餐呢，的确实很贵，太对不住它的价钱。总之，很失望，是不会再去住了。
0	与同买的汤姆系列，这个一直搁浅，感觉很乱，没有故事情节。3岁3个月男孩，不打算再买此系列的书
1	地理位置优越，交通方便，饭店环境好，服务优良，洗衣迅捷。
1	帮家人订的,没什么好说的,香港的酒店嘛,有这样的性价比就可以了.
0	我三个星期前定的货，配送公司星期六送货我没在公司，他们说三天后会再送，结果竟然给我当作退货处理了，耽误了我的时间，还让我评价，我评价个P，气死我了！以后再不在当当买书了～～～
1	面对鸦绿江大桥,附望远镜,还有飞镖,设施没话讲!下楼就是风景区很不错!
1	在阅读这本书的过程中，我时不时都掩卷思考，反思自己。试着照书中的方法找到久已丢失的真我；试着去感受喜悦、和平和爱……虽然不是很容易，但是我发现最近困扰我的一些负面情绪正在慢慢流失。我想，就像书中所言：情绪是一种能量，会来也会走……这真是一次奇妙的阅读经历，更重要的是，这是一次久已缺失的心灵洗礼！不要错过啊！\(^o^)/~
1	小且轻，放在背包里就跟背一本书查不多吧，白色感觉很干净，上网速度挺快的
1	房间每天都有免费水果赠送,这一点比较好.还有好多书籍和摄影著作摆在房间里,据说都是合庆董事长自己编写拍摄的,太有才了.
0	评论这么热，以为这是好书，结果可以说就是本闲书，没什么内容，空空的，泛泛的……百花了我的银子！想了解中医不能看这种书！啥也没写！
0	借助一位职场精英的评价来表达自己对这本书的看法吧：可读性还不错，对刚入社会的学生特别新鲜。可对一些参加工作很多年的人来说，看上去就很麻木了……
0	没有效率和服务的旅馆，如果你恨他/她，就让他/她住宁夏国际饭店
1	待机时间长，屏幕调到最暗，待机时间可以到9个小时。买给老婆的，女孩子用白色的小本本很合适，白色确实比黑色好看点，巧克力键盘也不错。电源适配器够小。
1	据同事反映,各方面都不错,下次出差,他们还希望住这家酒店.
